pde_loss,bc_loss,total_loss
2.835273504257202,13.911203384399414,141.94729614257812
2.0900912284851074,2.077233076095581,22.862422943115234
2.458218574523926,0.821532666683197,10.673544883728027
2.33434796333313,0.4709092378616333,7.043439865112305
2.046396017074585,0.17802464962005615,3.8266425132751465
2.0083751678466797,0.32605791091918945,5.268954277038574
1.72154700756073,0.35243794322013855,5.245926380157471
1.314489722251892,0.17400513589382172,3.0545411109924316
1.003957748413086,0.11899159848690033,2.193873882293701
0.8259106278419495,0.16840462386608124,2.5099568367004395
0.6978146433830261,0.12369687110185623,1.9347834587097168
0.6182393431663513,0.05800735205411911,1.1983128786087036
0.5750364661216736,0.05070789158344269,1.0821154117584229
0.4712584316730499,0.06895169615745544,1.1607754230499268
0.3644554615020752,0.06893842667341232,1.0538396835327148
0.28631725907325745,0.032803475856781006,0.6143519878387451
0.22548815608024597,0.039384834468364716,0.6193364858627319
0.1905648410320282,0.05897315591573715,0.7802964448928833
0.1667703092098236,0.04157651215791702,0.5825353860855103
0.15563511848449707,0.022017216309905052,0.3758072853088379
0.15279051661491394,0.03843969851732254,0.5371874570846558
0.16586148738861084,0.04152141138911247,0.5810756087303162
0.17019064724445343,0.02439158596098423,0.41410648822784424
0.13726551830768585,0.015170952305197716,0.2889750599861145
0.10725376754999161,0.028425628319382668,0.3915100395679474
0.09813659638166428,0.030685080215334892,0.4049873948097229
0.10261999070644379,0.018739944323897362,0.2900194525718689
0.10503673553466797,0.016888070851564407,0.27391743659973145
0.11562631279230118,0.019637199118733406,0.31199830770492554
0.11984241008758545,0.01751100830733776,0.29495251178741455
0.11106471717357635,0.011779991909861565,0.2288646399974823
0.08620235323905945,0.016111550852656364,0.2473178654909134
0.07248688489198685,0.023169659078121185,0.3041834831237793
0.07339709997177124,0.019492797553539276,0.2683250904083252
0.0858881026506424,0.014030864462256432,0.226196750998497
0.09532200545072556,0.010361545719206333,0.19893746078014374
0.10614372044801712,0.019644202664494514,0.30258575081825256
0.11117448657751083,0.01412009634077549,0.25237545371055603
0.09558017551898956,0.019625680521130562,0.2918369770050049
0.07893288880586624,0.011762839742004871,0.1965612769126892
0.07237072288990021,0.03212301433086395,0.3936008810997009
0.07030557096004486,0.03461490571498871,0.41645461320877075
0.07118028402328491,0.02849147468805313,0.35609501600265503
0.0729207769036293,0.01925431378185749,0.2654639184474945
0.0872294008731842,0.020729321986436844,0.29452261328697205
0.08979856967926025,0.01714157499372959,0.26121431589126587
0.08819685876369476,0.015142632648348808,0.23962318897247314
0.08977268636226654,0.016072478145360947,0.2504974603652954
0.08818530291318893,0.015111938118934631,0.23930469155311584
0.0839826837182045,0.00987195037305355,0.1827021837234497
0.07057648152112961,0.02202342264354229,0.2908107042312622
0.06414695084095001,0.022756218910217285,0.29170912504196167
0.06233982741832733,0.014957201667129993,0.21191184222698212
0.06578008830547333,0.014566617086529732,0.21144625544548035
0.06782927364110947,0.013693852350115776,0.20476779341697693
0.07184291630983353,0.007859142497181892,0.15043434500694275
0.0769328847527504,0.02093018963932991,0.2862347662448883
0.07699470967054367,0.020702147856354713,0.2840161919593811
0.07420266419649124,0.008201010525226593,0.15621277689933777
0.06754206866025925,0.007969608530402184,0.14723816514015198
0.06510236859321594,0.012765487655997276,0.192757248878479
0.05765021592378616,0.00942998006939888,0.15195001661777496
0.05660570040345192,0.02412482351064682,0.297853946685791
0.05828457698225975,0.024595418944954872,0.30423876643180847
0.06128819286823273,0.005250770132988691,0.11379589140415192
0.06561310589313507,0.011780362576246262,0.1834167242050171
0.06506150960922241,0.009130213409662247,0.15636363625526428
0.06389766186475754,0.010138562880456448,0.16528329253196716
0.05836647376418114,0.007001820951700211,0.12838467955589294
0.05556194484233856,0.013030381873250008,0.18586575984954834
0.05678851157426834,0.010664498433470726,0.1634334921836853
0.055015042424201965,0.012108881957828999,0.1761038601398468
0.05271925777196884,0.012919082306325436,0.18191006779670715
0.053824421018362045,0.008536729961633682,0.13919171690940857
0.06489293277263641,0.010166176594793797,0.16655468940734863
0.06375769525766373,0.007419733330607414,0.13795503973960876
0.05155009776353836,0.010788165032863617,0.15943175554275513
0.047271061688661575,0.010755609720945358,0.15482716262340546
0.05362791568040848,0.00739437248557806,0.12757164239883423
0.05478837713599205,0.011002259328961372,0.16481097042560577
0.051344916224479675,0.006454630754888058,0.1158912256360054
0.05041280761361122,0.01490749791264534,0.19948777556419373
0.05019237846136093,0.01595691777765751,0.20976155996322632
0.05150752514600754,0.009278993122279644,0.14429745078086853
0.05250893160700798,0.008005580864846706,0.1325647383928299
0.054548997431993484,0.012781796976923943,0.1823669672012329
0.04792282357811928,0.007034014444798231,0.11826296150684357
0.046919457614421844,0.0199839286506176,0.24675875902175903
0.04764513298869133,0.023566551506519318,0.2833106517791748
0.04622093215584755,0.006457359995692968,0.11079452931880951
0.05255601555109024,0.016609465703368187,0.2186506688594818
0.05357244983315468,0.017860930413007736,0.23218175768852234
0.04940076544880867,0.011831838637590408,0.16771915555000305
0.048721570521593094,0.010035085491836071,0.14907242357730865
0.04369204118847847,0.015274257399141788,0.1964346170425415
0.040872130542993546,0.013450280763208866,0.17537494003772736
0.04211513698101044,0.009330963715910912,0.13542477786540985
0.0489826537668705,0.011162439361214638,0.16060703992843628
0.05111610144376755,0.00791849009692669,0.13030099868774414
0.04302496090531349,0.008519867435097694,0.12822362780570984
0.042181700468063354,0.009101834148168564,0.1332000494003296
0.045848168432712555,0.007165160030126572,0.11749976873397827
0.04543892294168472,0.00916697084903717,0.13710862398147583
0.041771046817302704,0.007802757900208235,0.11979862302541733
0.04392749071121216,0.010009155608713627,0.14401903748512268
0.04409265145659447,0.007836390286684036,0.12245655059814453
0.040408629924058914,0.00966437254101038,0.13705235719680786
0.041064199060201645,0.008032167330384254,0.12138587236404419
0.04667407646775246,0.007368503138422966,0.12035910785198212
0.04251929000020027,0.006121112033724785,0.10373041033744812
0.0368184931576252,0.010864727199077606,0.14546576142311096
0.038780778646469116,0.008156409487128258,0.12034487724304199
0.04719162732362747,0.010451588779687881,0.1517075151205063
0.04490475729107857,0.010842269286513329,0.15332745015621185
0.03842997923493385,0.007481124252080917,0.11324122548103333
0.03919684514403343,0.01005636714398861,0.13976052403450012
0.04327770322561264,0.005351571831852198,0.09679342061281204
0.03878147900104523,0.012345507740974426,0.1622365564107895
0.03754055127501488,0.01040162518620491,0.14155679941177368
0.040657609701156616,0.009092497639358044,0.1315825879573822
0.042002301663160324,0.010936588048934937,0.1513681858778
0.039311815053224564,0.009254392236471176,0.13185574114322662
0.03854505717754364,0.007070885039865971,0.1092539057135582
0.040636248886585236,0.013163326308131218,0.1722695231437683
0.03950107842683792,0.009692087769508362,0.13642194867134094
0.037012360990047455,0.009223287925124168,0.12924525141716003
0.03814204782247543,0.009327473118901253,0.13141676783561707
0.040871378034353256,0.005737271159887314,0.0982440859079361
0.037758152931928635,0.005227932706475258,0.09003747999668121
0.036058906465768814,0.012032555416226387,0.1563844531774521
0.037465937435626984,0.010494180023670197,0.14240774512290955
0.04048924893140793,0.007298119366168976,0.11347044259309769
0.03828253224492073,0.007112863939255476,0.10941116511821747
0.03502955660223961,0.009519761428236961,0.13022717833518982
0.036180268973112106,0.006989533081650734,0.10607559978961945
0.04081844165921211,0.009232631884515285,0.13314476609230042
0.03952615335583687,0.008845143020153046,0.12797757983207703
0.03475922346115112,0.0060639698058366776,0.0953989177942276
0.03522840142250061,0.005333133041858673,0.08855973184108734
0.040082547813653946,0.010574033483862877,0.14582288265228271
0.03999365121126175,0.009462733753025532,0.13462099432945251
0.03532041609287262,0.006411520764231682,0.09943562746047974
0.03402179852128029,0.006338874809443951,0.09741054475307465
0.037452660501003265,0.00805648136883974,0.11801747232675552
0.038259077817201614,0.006191940046846867,0.10017848014831543
0.03480782359838486,0.008740770630538464,0.12221553176641464
0.033609986305236816,0.0085146464407444,0.11875645071268082
0.03558560088276863,0.005497360602021217,0.0905592069029808
0.037158701568841934,0.004833449609577656,0.08549319207668304
0.03431205451488495,0.009160257875919342,0.12591463327407837
0.03314387798309326,0.007829008623957634,0.1114339679479599
0.035289738327264786,0.006798253860324621,0.10327227413654327
0.03684543818235397,0.006226240191608667,0.09910783916711807
0.03466157242655754,0.006909114774316549,0.10375271737575531
0.03282557800412178,0.005650494713336229,0.0893305242061615
0.03538450598716736,0.008164707571268082,0.11703158169984818
0.03658884018659592,0.006729773245751858,0.10388657450675964
0.03420945256948471,0.006610902026295662,0.10031846910715103
0.03194085508584976,0.006048536393791437,0.09242621809244156
0.03427387773990631,0.0069759744219481945,0.10403361916542053
0.03614652156829834,0.005331318359822035,0.08945970237255096
0.03385733813047409,0.008075322955846786,0.11461056768894196
0.031446874141693115,0.00716105941683054,0.10305746644735336
0.0328361801803112,0.00655289925634861,0.0983651727437973
0.0355893112719059,0.0054651652462780476,0.0902409628033638
0.034332748502492905,0.00715981051325798,0.10593084990978241
0.03126542270183563,0.005930416285991669,0.09056958556175232
0.03234972804784775,0.007629897445440292,0.10864870250225067
0.03490256890654564,0.0061633167788386345,0.09653574228286743
0.03432925045490265,0.0065817516297101974,0.10014677047729492
0.031035782769322395,0.005878710187971592,0.08982288092374802
0.03147907927632332,0.006937290541827679,0.10085198283195496
0.03425150364637375,0.00531014334410429,0.0873529389500618
0.03392191603779793,0.0071984706446528435,0.10590662062168121
0.031137892976403236,0.006204522214829922,0.09318311512470245
0.030874907970428467,0.006797876209020615,0.09885367006063461
0.03331463038921356,0.0055607398971915245,0.08892203122377396
0.033849358558654785,0.006552664563059807,0.09937600791454315
0.030860435217618942,0.005462808068841696,0.08548851311206818
0.030516590923070908,0.007226947695016861,0.10278606414794922
0.03270193934440613,0.0056014941073954105,0.08871687948703766
0.033326711505651474,0.006589264143258333,0.09921935200691223
0.030549613758921623,0.005638444796204567,0.08693405985832214
0.030103782191872597,0.006638634484261274,0.09649012237787247
0.03227554261684418,0.005093595944344997,0.0832115039229393
0.032804328948259354,0.00675886869430542,0.10039301216602325
0.030291680246591568,0.005590137094259262,0.08619305491447449
0.029784811660647392,0.006737574003636837,0.09716055542230606
0.03174955025315285,0.005362899042665958,0.08537854254245758
0.03254562243819237,0.006301049143075943,0.0955561101436615
0.029908370226621628,0.005271123256534338,0.08261960744857788
0.029539017006754875,0.006652151234447956,0.09606052935123444
0.03144099935889244,0.005137565545737743,0.08281666040420532
0.03195398300886154,0.006417419761419296,0.0961281806230545
0.029697071760892868,0.0054554990492761135,0.08425205945968628
0.029334375634789467,0.00627034530043602,0.09203782677650452
0.031101876869797707,0.005009673535823822,0.08119861036539078
0.031452059745788574,0.006228919606655836,0.09374125301837921
0.029305290430784225,0.005246083717793226,0.08176612854003906
0.029229028150439262,0.00629139831289649,0.09214301407337189
0.030859066173434258,0.005105691496282816,0.08191598206758499
0.030854864045977592,0.005909782834351063,0.08995269238948822
0.028948374092578888,0.0051057604141533375,0.08000597357749939
0.02919336035847664,0.00607572216540575,0.0899505764245987
0.030545417219400406,0.0049859629943966866,0.08040504157543182
0.030202096328139305,0.005889151245355606,0.08909361064434052
0.02865004725754261,0.005160382017493248,0.08025386929512024
0.02914862520992756,0.0057800402864813805,0.08694902807474136
0.030317585915327072,0.004829180892556906,0.0786093920469284
0.029508469626307487,0.0057969167828559875,0.08747763931751251
0.028295310214161873,0.005088130943477154,0.07917661964893341
0.029247157275676727,0.005629251711070538,0.08553967624902725
0.030067196115851402,0.004833401180803776,0.07840120792388916
0.028890229761600494,0.00559685193002224,0.08485874533653259
0.027962541207671165,0.004944459535181522,0.07740713655948639
0.02931579388678074,0.0055387746542692184,0.08470354229211807
0.029856473207473755,0.0047991517931222916,0.07784798741340637
0.028308235108852386,0.005456946324557066,0.08287769556045532
0.027677588164806366,0.004864120855927467,0.07631880044937134
0.029330046847462654,0.005384835414588451,0.08317840099334717
0.02958979457616806,0.004706965293735266,0.07665944844484329
0.027809079736471176,0.005397304892539978,0.08178213238716125
0.02739480696618557,0.004825601354241371,0.07565081864595413
0.029273057356476784,0.005202574655413628,0.08129880577325821
0.029317688196897507,0.004586019553244114,0.0751778781414032
0.027375832200050354,0.0053525688126683235,0.08090151846408844
0.027128372341394424,0.004799078218638897,0.07511915266513824
0.029121963307261467,0.005039745010435581,0.07951941341161728
0.029073454439640045,0.004464907571673393,0.07372252643108368
0.027026643976569176,0.005298524629324675,0.08001188933849335
0.026858188211917877,0.004770118743181229,0.07455937564373016
0.028902588412165642,0.004886758979409933,0.0777701810002327
0.02883855625987053,0.004351762123405933,0.07235617935657501
0.026764696463942528,0.005247439723461866,0.07923909276723862
0.026580918580293655,0.0047487663105130196,0.0740685760974884
0.02861865982413292,0.004742520395666361,0.07604385912418365
0.028633082285523415,0.004239255096763372,0.07102563232183456
0.02655595727264881,0.005203974433243275,0.07859569787979126
0.026301056146621704,0.0047433823347091675,0.07373487949371338
0.028289485722780228,0.004610116593539715,0.07439064979553223
0.028468424454331398,0.004127610940486193,0.0697445347905159
0.0263705775141716,0.00516702514141798,0.07804083079099655
0.0260125994682312,0.004741816781461239,0.07343076914548874
0.02796318754553795,0.004506534896790981,0.07302853465080261
0.02834937907755375,0.0040355585515499115,0.06870496273040771
0.0261812973767519,0.005112936720252037,0.07731066644191742
0.02571973018348217,0.004711840767413378,0.07283813506364822
0.0276822280138731,0.004461750853806734,0.07229973375797272
0.02828015573322773,0.003980541136115789,0.06808556616306305
0.02596382051706314,0.00500870868563652,0.07605090737342834
0.025456223636865616,0.004630658775568008,0.071762815117836
0.027421562001109123,0.004498830530792475,0.07240986824035645
0.028307951986789703,0.00394645519554615,0.0677725076675415
0.02566518820822239,0.004839609377086163,0.07406128197908401
0.025345373898744583,0.0045691607519984245,0.07103697955608368
0.026898685842752457,0.004627827554941177,0.07317696511745453
0.028829963877797127,0.003998829051852226,0.06881825625896454
0.02527562528848648,0.004398679826408625,0.06926242262125015
0.025769291445612907,0.0045797391794621944,0.07156668603420258
0.025617074221372604,0.00501146400347352,0.07573170959949493
0.030454115942120552,0.005257784388959408,0.08303195983171463
0.02646508254110813,0.0024756493512541056,0.0512215755879879
0.022862400859594345,0.006997642107307911,0.0928388237953186
0.02543441578745842,0.0049454038962721825,0.0748884528875351
0.027944086119532585,0.005775993689894676,0.0857040211558342
0.02994917891919613,0.0053828414529562,0.08377759158611298
0.024419737979769707,0.003250218229368329,0.05692192167043686
0.02434553951025009,0.004471320193260908,0.06905874609947205
0.030950549989938736,0.006115000694990158,0.09210056066513062
0.02742050401866436,0.0029867966659367085,0.05728846788406372
0.022403433918952942,0.012855993583798409,0.15096336603164673
0.021677466109395027,0.011591615155339241,0.137593612074852
0.029015980660915375,0.010208572261035442,0.13110169768333435
0.02972356230020523,0.005194347817450762,0.08166703581809998
0.028159383684396744,0.016726287081837654,0.1954222470521927
0.026683177798986435,0.014384612441062927,0.170529305934906
0.02717520110309124,0.003839847631752491,0.06557367742061615
0.025479581207036972,0.0047948360443115234,0.0734279453754425
0.024090144783258438,0.009540094062685966,0.1194910854101181
0.025662235915660858,0.006448682397603989,0.09014905989170074
0.033104125410318375,0.01027702260762453,0.13587434589862823
0.031832583248615265,0.010767405852675438,0.13950663805007935
0.023259250447154045,0.0038180628325790167,0.0614398792386055
0.024835262447595596,0.003089320147410035,0.05572846531867981
0.03064345009624958,0.008354161866009235,0.11418506503105164
0.02743934839963913,0.004376725759357214,0.07120660692453384
0.02422257512807846,0.011471156030893326,0.13893413543701172
0.023765642195940018,0.011672502383589745,0.14049066603183746
0.02563764527440071,0.0028024818748235703,0.053662464022636414
0.02596561796963215,0.003079607617110014,0.05676169693470001
0.024717701599001884,0.004938117228448391,0.07409887760877609
0.024840068072080612,0.0028252461925148964,0.053092531859874725
0.024769896641373634,0.00710344547405839,0.09580434858798981
0.02561824396252632,0.005314555950462818,0.07876379787921906
0.026613745838403702,0.005743066780269146,0.08404441177845001
0.0258225966244936,0.006577092222869396,0.09159351885318756
0.022574612870812416,0.004404265433549881,0.06661726534366608
0.02546088397502899,0.005297879222780466,0.07843967527151108
0.028321905061602592,0.003502628766000271,0.0633481964468956
0.024298088625073433,0.0048426613211631775,0.07272469997406006
0.02137935720384121,0.004543776158243418,0.06681711971759796
0.026456421241164207,0.003401657333597541,0.0604729950428009
0.027696847915649414,0.00422223936766386,0.06991924345493317
0.022733915597200394,0.003088302444666624,0.05361694097518921
0.02509174682199955,0.004654822871088982,0.07163997739553452
0.02489071525633335,0.0024577053263783455,0.049467768520116806
0.023745909333229065,0.007587049156427383,0.0996164008975029
0.024009758606553078,0.005886833183467388,0.08287809044122696
0.02525552734732628,0.004715705290436745,0.07241258025169373
0.02503579668700695,0.006403545383363962,0.08907125145196915
0.02402433380484581,0.0035255157854408026,0.059279490262269974
0.027395714074373245,0.006469704210758209,0.09209275245666504
0.0251565333455801,0.005982319824397564,0.08497973531484604
0.022228484973311424,0.004087982699275017,0.06310831010341644
0.02497101202607155,0.004777201917022467,0.07274302840232849
0.027692612260580063,0.003260659519582987,0.06029920652508736
0.022661982104182243,0.004759264178574085,0.0702546238899231
0.021401815116405487,0.0031848526559770107,0.05325034260749817
0.029159074649214745,0.006547927390784025,0.09463834762573242
0.029320910573005676,0.0060509913600981236,0.08983082324266434
0.02300918661057949,0.0041882749646902084,0.06489193439483643
0.020976737141609192,0.005513904616236687,0.07611578702926636
0.024634871631860733,0.004179288633167744,0.06642775237560272
0.02556939795613289,0.003993530757725239,0.06550469994544983
0.024859009310603142,0.0037803039886057377,0.0626620501279831
0.02414870075881481,0.004554658196866512,0.06969528645277023
0.022036103531718254,0.005193944554775953,0.07397554814815521
0.022728433832526207,0.003605566220358014,0.05878409743309021
0.02661525458097458,0.0048265643417835236,0.07488089799880981
0.026203636080026627,0.00296918791718781,0.05589551478624344
0.020627371966838837,0.005999894812703133,0.08062632381916046
0.02004220336675644,0.006401352118700743,0.08405572175979614
0.024716200307011604,0.0036499544512480497,0.06121574342250824
0.026829533278942108,0.0038137987721711397,0.06496752053499222
0.02360515482723713,0.0044013941660523415,0.06761909276247025
0.021676668897271156,0.0026857417542487383,0.0485340878367424
0.02729818969964981,0.004894957412034273,0.07624776661396027
0.0262704249471426,0.0030346300918608904,0.05661672353744507
0.02138454280793667,0.006732060108333826,0.0887051448225975
0.020287808030843735,0.007184086833149195,0.0921286791563034
0.023520560935139656,0.0026740548200905323,0.050261110067367554
0.02610696852207184,0.0050317831337451935,0.07642479985952377
0.024379009380936623,0.003274008398875594,0.05711909383535385
0.02184557542204857,0.007169064600020647,0.09353622794151306
0.02181318774819374,0.00711984746158123,0.09301166236400604
0.02305782586336136,0.0033793654292821884,0.05685148015618324
0.024969154968857765,0.004663774743676186,0.07160690426826477
0.024289939552545547,0.0035790763795375824,0.06008070334792137
0.02259177155792713,0.004984045866876841,0.07243222743272781
0.0221091415733099,0.005075362045317888,0.07286275923252106
0.022826027125120163,0.0035788393579423428,0.058614421635866165
0.024528222158551216,0.00379188428632915,0.062447063624858856
0.023973990231752396,0.0036426386795938015,0.060400377959012985
0.02262411080300808,0.003552893875166774,0.058153048157691956
0.022167088463902473,0.0038572349585592747,0.060739435255527496
0.023938989266753197,0.003334958106279373,0.05728857219219208
0.024273516610264778,0.0033771188464015722,0.05804470181465149
0.021849650889635086,0.0031728926114737988,0.05357857793569565
0.02320527285337448,0.003480219282209873,0.058007463812828064
0.024647608399391174,0.0025767795741558075,0.05041540414094925
0.02130909077823162,0.003968760371208191,0.06099669635295868
0.021877983585000038,0.003053567372262478,0.05241365730762482
0.02663659304380417,0.00405855430290103,0.06722213327884674
0.02512916922569275,0.00406439695507288,0.0657731369137764
0.020170867443084717,0.0033710822463035583,0.0538816899061203
0.02250765822827816,0.0037445174530148506,0.059952832758426666
0.02540803700685501,0.002349457237869501,0.04890260845422745
0.021433306857943535,0.003805947955697775,0.05949278920888901
0.02109920047223568,0.0024696411564946175,0.045795612037181854
0.026240209117531776,0.004765063524246216,0.07389084249734879
0.025163233280181885,0.0033742664381861687,0.05890589952468872
0.020487111061811447,0.004681076388806105,0.06729787588119507
0.02032899484038353,0.004937597084790468,0.06970496475696564
0.023547301068902016,0.002778952708467841,0.051336828619241714
0.023997223004698753,0.0040976135060191154,0.0649733617901802
0.02238369733095169,0.0025207404978573322,0.04759110137820244
0.02242993749678135,0.004873543046414852,0.07116536796092987
0.021475428715348244,0.004117302130907774,0.06264845281839371
0.0210141371935606,0.0037394240498542786,0.058408379554748535
0.02409471571445465,0.003633483313024044,0.06042955070734024
0.024484146386384964,0.0029237698763608932,0.053721845149993896
0.020065804943442345,0.003696349449455738,0.057029299437999725
0.020054802298545837,0.002927943831309676,0.049334242939949036
0.025874266400933266,0.00400776881724596,0.06595195084810257
0.025215940549969673,0.0037009248044341803,0.062225185334682465
0.020079296082258224,0.0035069615114480257,0.055148910731077194
0.020632876083254814,0.0035564308054745197,0.05619718134403229
0.023095902055501938,0.0030794497579336166,0.053890399634838104
0.022425109520554543,0.0028410921804606915,0.05083603411912918
0.02233375981450081,0.0024357414804399014,0.0466911755502224
0.021618006750941277,0.004087402019649744,0.06249202787876129
0.020693432539701462,0.0032382530625909567,0.05307596176862717
0.021336404606699944,0.004200459457933903,0.06334099918603897
0.023380404338240623,0.003787832334637642,0.06125872582197189
0.0238916277885437,0.0033822720870375633,0.057714350521564484
0.02061242237687111,0.003237340832129121,0.05298583209514618
0.019048547372221947,0.004297004546970129,0.06201859563589096
0.022144116461277008,0.002351372968405485,0.045657847076654434
0.02578197792172432,0.0062551479786634445,0.08833345770835876
0.02384510450065136,0.006311476230621338,0.08695986866950989
0.01933968812227249,0.002511310391128063,0.04445279389619827
0.02262180671095848,0.004792110063135624,0.07054290175437927
0.02383001707494259,0.002338162623345852,0.04721164330840111
0.020840095356106758,0.006113983225077391,0.08197993040084839
0.020361345261335373,0.0070532155223190784,0.09089350700378418
0.021260090172290802,0.00266978214494884,0.04795791208744049
0.023369845002889633,0.005955583415925503,0.08292567729949951
0.023715466260910034,0.005240677855908871,0.07612224668264389
0.02231581136584282,0.0023615334648638964,0.045931145548820496
0.01977831870317459,0.0037956940941512585,0.05773526057600975
0.020475082099437714,0.0020289854146540165,0.040764935314655304
0.02638935297727585,0.004804717376828194,0.07443653047084808
0.025670969858765602,0.004596193321049213,0.07163289934396744
0.020289316773414612,0.0031127312686294317,0.05141662806272507
0.019900057464838028,0.0039008348248898983,0.058908406645059586
0.022332189604640007,0.0032554392237216234,0.054886579513549805
0.022049805149435997,0.0025535007007420063,0.047584809362888336
0.021486666053533554,0.002164027187973261,0.04312693700194359
0.022462651133537292,0.003538826946169138,0.0578509196639061
0.020558509975671768,0.002995360642671585,0.05051211640238762
0.020760025829076767,0.0030207927338778973,0.050967954099178314
0.023711543530225754,0.0036484943702816963,0.06019648537039757
0.022142836824059486,0.0016860556788742542,0.0390033945441246
0.018766792491078377,0.008093781769275665,0.09970460832118988
0.018391985446214676,0.009148653596639633,0.1098785251379013
0.020840583369135857,0.0027917586266994476,0.04875817149877548
0.02414111979305744,0.005245685577392578,0.07659797370433807
0.025045476853847504,0.007528041489422321,0.10032588988542557
0.022158527746796608,0.003879140131175518,0.06094992905855179
0.021260477602481842,0.003532649949193001,0.05658697709441185
0.02090240828692913,0.004862464033067226,0.0695270523428917
0.01983223296701908,0.002239929512143135,0.04223152995109558
0.024796955287456512,0.00490422872826457,0.07383924722671509
0.02592732198536396,0.00509980833157897,0.07692540436983109
0.02135125733911991,0.0019255259539932013,0.04060651734471321
0.018830617889761925,0.004891584627330303,0.06774646788835526
0.01931617222726345,0.00483950600028038,0.0677112340927124
0.02198723517358303,0.0020509674213826656,0.04249691218137741
0.022522566840052605,0.0043412065133452415,0.06593463569879532
0.022559667006134987,0.003139334265142679,0.053953006863594055
0.022648625075817108,0.0032821425702422857,0.055470049381256104
0.019210733473300934,0.004049520008265972,0.059705935418605804
0.01887453906238079,0.0032058062497526407,0.05093260109424591
0.023452606052160263,0.0027499047573655844,0.050951652228832245
0.023718783631920815,0.002681596437469125,0.050534747540950775
0.01945149526000023,0.002837071195244789,0.04782220721244812
0.019357560202479362,0.003170284442603588,0.05106040835380554
0.02146012894809246,0.0020821820944547653,0.042281948029994965
0.0213684793561697,0.004011423327028751,0.061482712626457214
0.02237437479197979,0.0035487525165081024,0.05786190181970596
0.023173755034804344,0.003346941201016307,0.05664316564798355
0.02072806842625141,0.0030620861798524857,0.05134893208742142
0.018081650137901306,0.0056622447445988655,0.07470409572124481
0.019369935616850853,0.004331381060183048,0.06268374621868134
0.023345552384853363,0.0030191156547516584,0.053536709398031235
0.023893874138593674,0.003254395443946123,0.05643782764673233
0.01977945864200592,0.0027881846763193607,0.04766130447387695
0.01905868574976921,0.002298312494531274,0.04204180836677551
0.023095756769180298,0.00467301718890667,0.06982593238353729
0.023433782160282135,0.004020176362246275,0.06363554298877716
0.020103372633457184,0.0026539817918092012,0.04664319008588791
0.01981176994740963,0.002501910552382469,0.04483087360858917
0.02269265614449978,0.003751457203179598,0.06020722538232803
0.022004861384630203,0.0029204105958342552,0.051208965480327606
0.018989747390151024,0.0038269530050456524,0.05725927650928497
0.019431550055742264,0.003808513516560197,0.057516686618328094
0.0222233384847641,0.002199445851147175,0.0442177951335907
0.02180272899568081,0.0019423605408519506,0.0412263348698616
0.018795063719153404,0.0046757119707763195,0.06555218249559402
0.018681446090340614,0.004294496960937977,0.061626411974430084
0.02145731821656227,0.0021150256507098675,0.04260757565498352
0.02197817526757717,0.0019134877948090434,0.041113052517175674
0.019429607316851616,0.004032407887279987,0.05975368618965149
0.01934772916138172,0.003502017818391323,0.05436790734529495
0.021812785416841507,0.0023992019705474377,0.04580480605363846
0.021778831258416176,0.002238384447991848,0.044162675738334656
0.019118856638669968,0.003532208502292633,0.0544409416615963
0.01932622864842415,0.0029898739885538816,0.04922496899962425
0.022236013785004616,0.002747212303802371,0.049708135426044464
0.022263960912823677,0.0025096293538808823,0.04736025631427765
0.01926005445420742,0.0029155928641557693,0.048415981233119965
0.019192475825548172,0.0025646784342825413,0.04483925923705101
0.022143187001347542,0.0030318312346935272,0.052461497485637665
0.022260097786784172,0.002729181433096528,0.049551911652088165
0.019511085003614426,0.002664265688508749,0.04615374282002449
0.019396880641579628,0.002373447408899665,0.043131355196237564
0.02202020213007927,0.0030563485343009233,0.052583687007427216
0.02191001921892166,0.002717947121709585,0.04908949136734009
0.01928848773241043,0.002609225222840905,0.045380741357803345
0.01944408006966114,0.00230621499940753,0.04250623285770416
0.02213846519589424,0.002993124770000577,0.052069712430238724
0.02192395180463791,0.002619482111185789,0.048118773847818375
0.019210856407880783,0.0026578439865261316,0.04578929394483566
0.019246181473135948,0.0023546754382550716,0.04279293864965439
0.02194288745522499,0.0028722030110657215,0.05066491663455963
0.021824024617671967,0.0024995284620672464,0.046819306910037994
0.019273880869150162,0.0027092297095805407,0.04636617749929428
0.019246168434619904,0.0024348944425582886,0.04359511286020279
0.021690668538212776,0.002706787083297968,0.04875853657722473
0.021519608795642853,0.0023756050504744053,0.04527565836906433
0.029481403529644012,0.003368197940289974,0.0631633847951889
0.028592141345143318,0.003058376256376505,0.05917590111494064
0.03015289269387722,0.00315102469176054,0.06166314333677292
0.029718665406107903,0.0027662517968565226,0.05738118290901184
0.027238601818680763,0.003331294748932123,0.06055154651403427
0.026839908212423325,0.0030138525180518627,0.056978434324264526
0.0286392942070961,0.002894306555390358,0.05758235976099968
0.027844509109854698,0.00266131735406816,0.054457683116197586
0.02553965337574482,0.0031316799577325583,0.05685645341873169
0.025786180049180984,0.00274087768048048,0.05319495499134064
0.02804635465145111,0.0027795215137302876,0.05584156885743141
0.027378030121326447,0.0024579609744250774,0.051957640796899796
0.02495841681957245,0.0030208216048777103,0.05516663193702698
0.02547888085246086,0.0026601909194141626,0.05208078771829605
0.0280312430113554,0.00244571128860116,0.052488356828689575
0.026958296075463295,0.002224404364824295,0.049202337861061096
0.024423805996775627,0.002992484252899885,0.054348647594451904
0.02492387406527996,0.002618938684463501,0.05111326277256012
0.02682480961084366,0.0023542148992419243,0.05036696046590805
0.025557423010468483,0.0021610374096781015,0.04716779664158821
0.023526417091488838,0.003016997128725052,0.05369638651609421
0.024071311578154564,0.0025970563292503357,0.05004187673330307
0.025967473164200783,0.00236375629901886,0.04960503429174423
0.024848034605383873,0.0022059620823711157,0.04690765589475632
0.02283679135143757,0.0028786547482013702,0.05162333697080612
0.023641465231776237,0.002477714791893959,0.04841861128807068
0.02538226917386055,0.002373150549829006,0.04911377280950546
0.024358779191970825,0.002224995754659176,0.04660873860120773
0.022689959034323692,0.002710953587666154,0.049799494445323944
0.023507647216320038,0.0023233031388372183,0.04674068093299866
0.024948889389634132,0.002441375283524394,0.04936264455318451
0.024155322462320328,0.002283949637785554,0.04699482023715973
0.022594071924686432,0.0025411187671124935,0.04800526052713394
0.02334992215037346,0.002218390814960003,0.04553382843732834
0.024445220828056335,0.0024588610976934433,0.04903383180499077
0.02376001887023449,0.0022977509070187807,0.04673752933740616
0.02249862626194954,0.0024332236498594284,0.04683086276054382
0.02307222969830036,0.002138889627531171,0.044461123645305634
0.02383679524064064,0.0025219039525836706,0.04905583709478378
0.023391831666231155,0.002322845859453082,0.046620290726423264
0.022385546937584877,0.002371992217376828,0.04610546678304672
0.02281275764107704,0.002109980210661888,0.04391255974769592
0.023469075560569763,0.0025179923977702856,0.04864899814128876
0.02321464754641056,0.002296347403898835,0.046178121119737625
0.022511189803481102,0.002308519557118416,0.04559638351202011
0.022767433896660805,0.0020509727764874697,0.043277159333229065
0.023196548223495483,0.0025273452047258615,0.04846999794244766
0.023065874353051186,0.002266436815261841,0.045730240643024445
0.022587120532989502,0.0022797207348048687,0.045384328812360764
0.0225999616086483,0.0020359158515930176,0.042959120124578476
0.022891689091920853,0.002504219301044941,0.04793388396501541
0.022830016911029816,0.002220212249085307,0.045032139867544174
0.022518951445817947,0.002281267661601305,0.04533162713050842
0.022412560880184174,0.002036595717072487,0.04277851805090904
0.022590961307287216,0.002459306037053466,0.04718402028083801
0.022627001628279686,0.002155161928385496,0.04417861998081207
0.02251277305185795,0.002286783419549465,0.0453806072473526
0.022339217364788055,0.0020337619353085756,0.042676836252212524
0.02246195822954178,0.0023992087226361036,0.0464540459215641
0.022527938708662987,0.002095842966809869,0.04348636791110039
0.02246846631169319,0.002281673951074481,0.04528520628809929
0.022281572222709656,0.002032051095739007,0.04260208457708359
0.022281482815742493,0.002337189856916666,0.04565338045358658
0.022327670827507973,0.0020454456098377705,0.04278212785720825
0.022391367703676224,0.0022781644947826862,0.04517301172018051
0.02221282757818699,0.002025782596319914,0.04247065633535385
0.02210814692080021,0.002294147852808237,0.045049622654914856
0.022153954952955246,0.0020140409469604492,0.04229436442255974
0.022322025150060654,0.0022617075592279434,0.04493910074234009
0.022175701335072517,0.002012748271226883,0.0423031821846962
0.02195589803159237,0.002256892854347825,0.04452482610940933
0.02199067734181881,0.0019915392622351646,0.041906069964170456
0.02229648269712925,0.002228731755167246,0.044583797454833984
0.02215617336332798,0.0019820528104901314,0.041976701468229294
0.02181500382721424,0.002239187713712454,0.044206880033016205
0.02184535190463066,0.0019809454679489136,0.0416548065841198
0.022270850837230682,0.002188211539760232,0.044152967631816864
0.022121639922261238,0.001946695614606142,0.04158859699964523
0.021650614216923714,0.00223267893306911,0.04397740215063095
0.02167273685336113,0.001982474699616432,0.04149748384952545
0.02222951501607895,0.00213792035356164,0.04360871762037277
0.022069400176405907,0.0019051367416977882,0.04112076759338379
0.021476048976182938,0.0022306027822196484,0.043782077729701996
0.021511012688279152,0.001983937341719866,0.041350387036800385
0.02217978984117508,0.0020898832008242607,0.043078623712062836
0.02202744409441948,0.0018672654405236244,0.04070010036230087
0.021334076300263405,0.0022231913171708584,0.043565988540649414
0.021376948803663254,0.00198548985645175,0.041231848299503326
0.022138914093375206,0.002044050255790353,0.04257941618561745
0.022015821188688278,0.0018381113186478615,0.04039693623781204
0.021197516471147537,0.002205487107858062,0.04325238615274429
0.02124052308499813,0.001980880741029978,0.04104933142662048
0.02210025116801262,0.002012056764215231,0.0422208197414875
0.02201528660953045,0.0018219484481960535,0.0402347706258297
0.021046560257673264,0.0021836988162249327,0.04288354888558388
0.021084068343043327,0.0019743982702493668,0.040828049182891846
0.02207924798130989,0.0019918042235076427,0.04199729114770889
0.022037124261260033,0.0018161708721891046,0.040198832750320435
0.02089099958539009,0.002158260438591242,0.042473603039979935
0.020932622253894806,0.001966428942978382,0.04059690982103348
0.02207937464118004,0.0019744099117815495,0.04182347282767296
0.02206927165389061,0.0018120530294254422,0.04018980264663696
0.020740000531077385,0.0021378486417233944,0.04211848974227905
0.020784908905625343,0.001963738352060318,0.040422290563583374
0.022096818313002586,0.0019565303809940815,0.04166211932897568
0.022106509655714035,0.0018077688291668892,0.040184199810028076
0.020581627264618874,0.002129500498995185,0.04187663272023201
0.020632660016417503,0.0019710175693035126,0.04034283757209778
0.022125352174043655,0.0019396576099097729,0.04152192920446396
0.022140365093946457,0.0018029001075774431,0.0401693657040596
0.02042921632528305,0.002134173410013318,0.041770949959754944
0.020480187609791756,0.0019821585156023502,0.040301769971847534
0.022182894870638847,0.0019323306623846292,0.04150620102882385
0.02218490093946457,0.0017979093827307224,0.04016399383544922
0.02029062993824482,0.002147882478311658,0.04176945239305496
0.02032240480184555,0.0019891553092747927,0.04021395742893219
0.022260837256908417,0.0019405223429203033,0.04166606068611145
0.022242533043026924,0.0017944384599104524,0.04018691927194595
0.020157795399427414,0.0021596853621304035,0.041754648089408875
0.020151015371084213,0.0019837503787130117,0.03998851776123047
0.022344492375850677,0.001959119224920869,0.04193568229675293
0.02231692150235176,0.0017907507717609406,0.040224429219961166
0.0200168676674366,0.0021563086193054914,0.0415799543261528
0.01997586339712143,0.0019599278457462788,0.03957514092326164
0.022427333518862724,0.0019714152440428734,0.04214148595929146
0.022394338622689247,0.00177928083576262,0.04018714651465416
0.0198629442602396,0.002137667965143919,0.041239626705646515
0.019816230982542038,0.0019303751178085804,0.03911998122930527
0.022485600784420967,0.0019481541821733117,0.04196714237332344
0.02244681492447853,0.0017441497184336185,0.03988831117749214
0.0196963120251894,0.002126462757587433,0.04096093773841858
0.019678086042404175,0.001924611977301538,0.0389242060482502
0.02247258648276329,0.0018800253747031093,0.0412728413939476
0.022461581975221634,0.0016898848116397858,0.03936043009161949
0.019529005512595177,0.002128718188032508,0.04081618785858154
0.01955227181315422,0.0019399222219362855,0.03895149379968643
0.022407308220863342,0.0018051074584946036,0.04045838117599487
0.02247375249862671,0.0016470685368403792,0.038944438099861145
0.01939256675541401,0.0021110877860337496,0.04050344228744507
0.019442586228251457,0.001932750572450459,0.03877009451389313
0.022354409098625183,0.001763512846082449,0.03998953849077225
0.022503335028886795,0.0016255324007943273,0.03875865787267685
0.01930418610572815,0.002063415013253689,0.03993833810091019
0.019333891570568085,0.0018961471505463123,0.03829536214470863
0.022321168333292007,0.001743535976856947,0.03975652903318405
0.022525670006871223,0.0016006871592253447,0.03853254020214081
0.019229980185627937,0.0020180074498057365,0.0394100546836853
0.019207710400223732,0.0018601692281663418,0.037809401750564575
0.02228877879679203,0.0017044013366103172,0.0393327921628952
0.022482963278889656,0.0015484566101804376,0.03796752914786339
0.019129479303956032,0.001988481730222702,0.0390142947435379
0.019104672595858574,0.001825701561756432,0.037361688911914825
0.022235866636037827,0.0016429952811449766,0.03866581991314888
0.022360090166330338,0.0014822687953710556,0.037182778120040894
0.019036736339330673,0.0019581043161451817,0.038617778569459915
0.019037114456295967,0.0017884057015180588,0.036921173334121704
0.022156819701194763,0.0015870642382651567,0.03802746161818504
0.022241346538066864,0.0014324455987662077,0.03656580299139023
0.01896996609866619,0.0019139860523864627,0.03810982406139374
0.018974769860506058,0.0017442854586988688,0.03641762584447861
0.022118721157312393,0.0015506395138800144,0.03762511536478996
0.02213333547115326,0.0013990539591759443,0.03612387552857399
0.018899234011769295,0.001864151330664754,0.037540748715400696
0.018937844783067703,0.0016816590214148164,0.03575443476438522
0.02211342193186283,0.0015272663440555334,0.03738608583807945
0.021983420476317406,0.001369125908240676,0.03567468002438545
0.0188499316573143,0.0018067894270643592,0.036917828023433685
0.01892092637717724,0.0016116725746542215,0.035037651658058167
0.02207007445394993,0.0015076056588441133,0.037146128714084625
0.021845761686563492,0.0013462792849168181,0.03530855476856232
0.018816929310560226,0.0017445017583668232,0.036261945962905884
0.01889023557305336,0.001549447188153863,0.03438470512628555
0.022036930546164513,0.0014977339887991548,0.03701426833868027
0.021735694259405136,0.0013347609201446176,0.03508330136537552
0.01878204755485058,0.0016825087368488312,0.03560713678598404
0.01886049285531044,0.0014817834598943591,0.0336783267557621
0.022023888304829597,0.0015042179729789495,0.03706606850028038
0.02163948118686676,0.0013313665986061096,0.034953147172927856
0.018754230812191963,0.0016171359457075596,0.034925587475299835
0.01881728693842888,0.0014127721078693867,0.03294500708580017
0.022021856158971786,0.0015122576151043177,0.03714442998170853
0.021546779200434685,0.0013265605084598064,0.034812383353710175
0.018704555928707123,0.0015638810582458973,0.03434336557984352
0.018774114549160004,0.0013613500632345676,0.032387614250183105
0.021987348794937134,0.0014977490063756704,0.036964841187000275
0.021412517875432968,0.0012951209209859371,0.034363728016614914
0.018636638298630714,0.0015552716795355082,0.03418935462832451
0.018701015040278435,0.001355977263301611,0.03226078674197197
0.02189885638654232,0.0014303833013400435,0.03620269149541855
0.02116791158914566,0.0012144437059760094,0.0333123505115509
0.018554100766777992,0.0016049104742705822,0.03460320830345154
0.01861104927957058,0.001404107199050486,0.0326521210372448
0.021695274859666824,0.0013200369430705905,0.0348956435918808
0.0208923127502203,0.0011158500565215945,0.03205081447958946
0.01849035546183586,0.001660131965763867,0.03509167581796646
0.018510660156607628,0.0014468738809227943,0.03297939896583557
0.021545005962252617,0.0012434226227924228,0.03397923335433006
0.020666077733039856,0.0010640572290867567,0.03130665048956871
0.01845284178853035,0.0016410958487540483,0.034863799810409546
0.018466971814632416,0.0014044272247701883,0.03251124173402786
0.021502668038010597,0.0012371272314339876,0.03387393802404404
0.020536473020911217,0.0010737776756286621,0.03127425163984299
0.018428891897201538,0.001562229241244495,0.034051183611154556
0.01844259537756443,0.0013288729824125767,0.03173132613301277
0.02149934694170952,0.0012287969002500176,0.0337873175740242
0.02032622881233692,0.0010869523975998163,0.031195752322673798
0.01848212070763111,0.0015104899648576975,0.0335870198905468
0.018346469849348068,0.0013231828343123198,0.03157829865813255
0.021437056362628937,0.0011494297068566084,0.03293135389685631
0.01999664306640625,0.0011942461133003235,0.031939104199409485
0.018798043951392174,0.0013635889627039433,0.03243393450975418
0.018345728516578674,0.0015472982777282596,0.03381871059536934
0.02059832401573658,0.0009033570531755686,0.02963189408183098
0.019244372844696045,0.0012622580397874117,0.031866952776908875
0.01926656812429428,0.0011610399233177304,0.030876968055963516
0.018848080188035965,0.0017648860812187195,0.03649694100022316
0.019839100539684296,0.0008955430239439011,0.028794530779123306
0.01936623454093933,0.0015823030844330788,0.03518926352262497
0.018352333456277847,0.0013340674340724945,0.03169300779700279
0.020515916869044304,0.0018888721242547035,0.03940463811159134
0.02024855837225914,0.0018812376074492931,0.039060935378074646
0.0180667731910944,0.0012181176571175456,0.030247949063777924
0.02200288325548172,0.0031478938180953264,0.0534818209707737
0.020329583436250687,0.0013857110170647502,0.03418669477105141
0.020027045160531998,0.004865423310548067,0.0686812773346901
0.021254627034068108,0.005572815425693989,0.076982781291008
0.019975705072283745,0.0023425109684467316,0.04340081661939621
0.02170609124004841,0.0024236796889454126,0.04594288766384125
0.01877938024699688,0.0028310962952673435,0.04709034413099289
0.01783749647438526,0.0028826487250626087,0.04666398465633392
0.019418632611632347,0.0009975590510293841,0.029394224286079407
0.020887847989797592,0.0016886757221072912,0.03777460753917694
0.017680399119853973,0.0011500882683321834,0.029181282967329025
0.02066693641245365,0.0017561871791258454,0.03822880983352661
0.02017706073820591,0.0009297938668169081,0.029474999755620956
0.01858387514948845,0.002472605323418975,0.043309926986694336
0.018759118393063545,0.0021887710317969322,0.04064682871103287
0.021549170836806297,0.0015566478250548244,0.03711564838886261
0.019233649596571922,0.0013865758664906025,0.03309940919280052
0.017800627276301384,0.001975102350115776,0.037551648914813995
0.019408639520406723,0.0007957108900882304,0.027365747839212418
0.01857527159154415,0.0012063722824677825,0.03063899464905262
0.018490348011255264,0.0013690425548702478,0.032180771231651306
0.018974915146827698,0.0005327274557203054,0.02430219016969204
0.018541228026151657,0.002982563804835081,0.04836686700582504
0.018584908917546272,0.0022725260350853205,0.04131016880273819
0.019963139668107033,0.0015532148536294699,0.03549528867006302
0.019214747473597527,0.0018242290243506432,0.03745703771710396
0.018836453557014465,0.0017341248458251357,0.036177702248096466
0.019042175263166428,0.0012121067848056555,0.03116324357688427
0.018129678443074226,0.0013188119046390057,0.03131779655814171
0.019122106954455376,0.0008873759070411325,0.027995865792036057
0.019495218992233276,0.0015774616040289402,0.035269834101200104
0.017927318811416626,0.0006472581881098449,0.024399900808930397
0.023371847346425056,0.005027289967983961,0.07364474982023239
0.023888440802693367,0.005825905129313469,0.0821474939584732
0.018405862152576447,0.0013889465481042862,0.03229532763361931
0.01890827901661396,0.00423803273588419,0.06128860265016556
0.020153747871518135,0.005354819819331169,0.07370194792747498
0.019611606374382973,0.003385176882147789,0.05346337705850601
0.01997998170554638,0.00221886090002954,0.04216859117150307
0.018982654437422752,0.0025692640338093042,0.04467529430985451
0.01910647563636303,0.0035251141525804996,0.0543576180934906
0.01838640496134758,0.0007547871209681034,0.02593427523970604
0.021610217168927193,0.00678723631426692,0.08948257565498352
0.022844159975647926,0.009888552129268646,0.12172967940568924
0.019215719774365425,0.0032481008674949408,0.05169672518968582
0.020116910338401794,0.004210764542222023,0.062224555760622025
0.02058306708931923,0.007124149240553379,0.09182456135749817
0.01883944869041443,0.004155291244387627,0.060392361134290695
0.02079610340297222,0.003649703925475478,0.05729313939809799
0.020628679543733597,0.0032466002739965916,0.05309468135237694
0.019540606066584587,0.003078946378082037,0.05033007264137268
0.019032837823033333,0.0037749242037534714,0.056782081723213196
0.017129594460129738,0.0013180082896724343,0.030309677124023438
0.02265203557908535,0.003923970274627209,0.061891742050647736
0.023959510028362274,0.004828260280191898,0.07224211096763611
0.01873324066400528,0.0007001073681749403,0.02573431469500065
0.019654255360364914,0.007681291084736586,0.09646716713905334
0.021980514749884605,0.01318332552909851,0.15381376445293427
0.019611671566963196,0.0070235286839306355,0.08984696120023727
0.018700046464800835,0.001569047337397933,0.03439052030444145
0.022105401381850243,0.004384034313261509,0.06594574451446533
0.022382384166121483,0.004747266881167889,0.06985505670309067
0.01907547377049923,0.0026991222985088825,0.04606669396162033
0.017763696610927582,0.002376164775341749,0.04152534529566765
0.019076049327850342,0.0029661832377314568,0.04873788356781006
0.018886523321270943,0.002953573130071163,0.048422254621982574
0.018557431176304817,0.001132236560806632,0.029879797250032425
0.019156470894813538,0.0029900416266173124,0.04905688762664795
0.01867637224495411,0.003401779569685459,0.0526941642165184
0.0178716778755188,0.00062518659979105,0.0241235438734293
0.02023354358971119,0.0056047928519546986,0.07628147304058075
0.020796330645680428,0.008483659476041794,0.10563292354345322
0.018611660227179527,0.0029292686376720667,0.04790434613823891
0.017722947522997856,0.0024153771810233593,0.041876718401908875
0.018740607425570488,0.0053665898740291595,0.07240650802850723
0.018649091944098473,0.0029269959777593613,0.047919049859046936
0.018386008217930794,0.0014436570927500725,0.03282257914543152
0.018543872982263565,0.002706359839066863,0.045607469975948334
0.019338585436344147,0.001709038857370615,0.03642897307872772
0.018171653151512146,0.001366080716252327,0.031832460314035416
0.017487676814198494,0.001920471666380763,0.03669239580631256
0.018604649230837822,0.0013470950070768595,0.03207559883594513
0.01964372768998146,0.001121068256907165,0.03085441142320633
0.018276747316122055,0.001483018510043621,0.033106930553913116
0.01737385429441929,0.0011232271790504456,0.028606126084923744
0.018441148102283478,0.001137755811214447,0.029818706214427948
0.01859080232679844,0.0010336220730096102,0.028927022591233253
0.018639875575900078,0.0008994244271889329,0.027634119614958763
0.017271753400564194,0.0010581861715763807,0.02785361558198929
0.01800948940217495,0.001040598377585411,0.02841547317802906
0.018503818660974503,0.001058894325979054,0.029092762619256973
0.0185723677277565,0.0006234742468222976,0.02480711042881012
0.017058812081813812,0.0013306416803970933,0.0303652286529541
0.017174582928419113,0.0006645041867159307,0.02381962537765503
0.021170204505324364,0.002781439572572708,0.048984602093696594
0.02102782391011715,0.002539044478908181,0.046418268233537674
0.017880313098430634,0.0010543980170041323,0.02842429280281067
0.017424143850803375,0.002317953621968627,0.04060368239879608
0.016559043899178505,0.0024156607687473297,0.04071564972400665
0.016585372388362885,0.001266749226488173,0.02925286442041397
0.02054065652191639,0.0010965373367071152,0.03150603175163269
0.01883053593337536,0.0009650855208747089,0.028481390327215195
0.015716150403022766,0.001497370656579733,0.03068985790014267
0.017766030505299568,0.0010583085240796208,0.028349116444587708
0.018798043951392174,0.0007070187712088227,0.025868231430649757
0.01773390732705593,0.0008929202449508011,0.02666310966014862
0.017722448334097862,0.0010434800060465932,0.028157249093055725
0.016405435279011726,0.0006631813012063503,0.023037247359752655
0.02165159396827221,0.0012930836528539658,0.03458242863416672
0.01923626847565174,0.000927071669138968,0.028506984934210777
0.015293964184820652,0.0014317788882181048,0.029611753299832344
0.017641102895140648,0.0016631372272968292,0.03427247703075409
0.017823966220021248,0.0004978164797648787,0.02280213125050068
0.019736768677830696,0.0032363063655793667,0.05209983140230179
0.020887939259409904,0.0030683609656989574,0.051571547985076904
0.01979864574968815,0.0011462111724540591,0.03126075863838196
0.017661450430750847,0.0014342779759317636,0.032004229724407196
0.014652607962489128,0.0027819317765533924,0.04247192293405533
0.016281208023428917,0.001166761852800846,0.027948826551437378
0.02239920012652874,0.00280254939571023,0.05042469501495361
0.022273844107985497,0.0037070417311042547,0.05934426188468933
0.017931019887328148,0.001285219332203269,0.030783213675022125
0.015694309026002884,0.002219872083514929,0.03789303079247475
0.017099706456065178,0.002493441803380847,0.042034126818180084
0.019060807302594185,0.0018299161456525326,0.037359967827796936
0.017524471506476402,0.0007713900995440781,0.02523837238550186
0.019028034061193466,0.0021471038926392794,0.04049907252192497
0.017609301954507828,0.001272022258490324,0.030329525470733643
0.017841171473264694,0.0018367316806688905,0.036208488047122955
0.017211658880114555,0.0019795859698206186,0.037007518112659454
0.01678946055471897,0.00162063492462039,0.032995812594890594
0.017471252009272575,0.0009905004408210516,0.02737625688314438
0.018505482003092766,0.0021114787086844444,0.03962026908993721
0.018217528238892555,0.001601039431989193,0.034227922558784485
0.016767071560025215,0.0011570160277187824,0.028337232768535614
0.016527505591511726,0.0012022946029901505,0.02855045162141323
0.01792427897453308,0.0012144006323069334,0.030068285763263702
0.018085958436131477,0.0008333983132615685,0.02641994133591652
0.01742970570921898,0.0018082159804180264,0.035511866211891174
0.016934767365455627,0.001533734262920916,0.032272107899188995
0.017759261652827263,0.0011020329548045993,0.028779592365026474
0.01863524690270424,0.0010392003459855914,0.029027249664068222
0.016638964414596558,0.0010423960629850626,0.027062924578785896
0.016525080427527428,0.000918807927519083,0.025713160634040833
0.018729789182543755,0.0011164912721142173,0.02989470213651657
0.017943985760211945,0.0008456921787001193,0.026400908827781677
0.016339488327503204,0.0015521679306402802,0.03186116740107536
0.016608649864792824,0.0013585296692326665,0.03019394725561142
0.018325023353099823,0.0007900811033323407,0.02622583508491516
0.017250683158636093,0.0007772814715281129,0.02502349764108658
0.016578640788793564,0.001206661807373166,0.028645258396863937
0.016456162557005882,0.0008782814256846905,0.025238975882530212
0.018193451687693596,0.0013309406349435449,0.0315028578042984
0.017935317009687424,0.0012362685520201921,0.030298002064228058
0.016818489879369736,0.000792388804256916,0.024742377921938896
0.01619822345674038,0.0007098878268152475,0.023297101259231567
0.0183225367218256,0.0014791147550567985,0.03311368450522423
0.018024494871497154,0.0012635079910978675,0.030659575015306473
0.0167134590446949,0.0007795440033078194,0.024508899077773094
0.0165261160582304,0.0007710335776209831,0.02423645183444023
0.01714351586997509,0.0009854480158537626,0.026997996494174004
0.01744537428021431,0.000681110774166882,0.02425648272037506
0.016874918714165688,0.0012491379166021943,0.029366297647356987
0.016812320798635483,0.0011239951709285378,0.028052272275090218
0.017632795497775078,0.0006801813724450767,0.024434609338641167
0.016687002032995224,0.0006392360664904118,0.023079361766576767
0.016530806198716164,0.001241140067577362,0.028942206874489784
0.016720056533813477,0.0009749548626132309,0.026469605043530464
0.017468152567744255,0.0008499424438923597,0.02596757747232914
0.017442787066102028,0.0007776343263685703,0.025219131261110306
0.01594107411801815,0.0009542894549667835,0.02548396959900856
0.016114206984639168,0.0007389937527477741,0.023504145443439484
0.01832563430070877,0.0010105457622557878,0.028431091457605362
0.01771431230008602,0.0009193795267492533,0.026908107101917267
0.015679175034165382,0.0008136457181535661,0.023815631866455078
0.016121575608849525,0.0006570303812623024,0.02269187942147255
0.01779494434595108,0.0009748044540174305,0.02754298970103264
0.017258167266845703,0.0008276265580207109,0.025534432381391525
0.01597362570464611,0.0008816244080662727,0.024789869785308838
0.015915824100375175,0.000806422031018883,0.023980043828487396
0.01737923175096512,0.000771555001847446,0.025094781070947647
0.01690472848713398,0.0006441333680413663,0.023346062749624252
0.016040947288274765,0.0010114804608747363,0.026155751198530197
0.01594119891524315,0.0009104951750487089,0.025046151131391525
0.017148340120911598,0.0006381590501405299,0.023529930040240288
0.016548825427889824,0.0005701925838366151,0.02225075103342533
0.015964889898896217,0.001042592222802341,0.026390813291072845
0.016012970358133316,0.0008733495487831533,0.024746466428041458
0.01692047342658043,0.0006491487729363143,0.023411961272358894
0.016611343249678612,0.0005821696831844747,0.022433040663599968
0.015783794224262238,0.0009464235627092421,0.025248030200600624
0.01588222198188305,0.0007735220133326948,0.023617442697286606
0.017132554203271866,0.0006964179337956011,0.024096732959151268
0.016462961211800575,0.0006564357317984104,0.023027319461107254
0.015681618824601173,0.0008259699679911137,0.023941319435834885
0.015743844211101532,0.000683010381180793,0.02257394790649414
0.01696920581161976,0.0007573356269858778,0.024542562663555145
0.016516003757715225,0.000675734132528305,0.023273345082998276
0.015614458359777927,0.0007680949638597667,0.023295408114790916
0.015545055270195007,0.0006704468978568912,0.022249523550271988
0.016997767612338066,0.0007128954166546464,0.024126721546053886
0.01621422916650772,0.0006509834202006459,0.022724062204360962
0.015593028627336025,0.0007752993842586875,0.02334602177143097
0.015474023297429085,0.0007363028125837445,0.022837050259113312
0.0165901780128479,0.0005947558092884719,0.02253773622214794
0.01561880111694336,0.0006914843106642365,0.02253364399075508
0.015585197135806084,0.0006178935873322189,0.021764133125543594
0.014959484338760376,0.0008394671604037285,0.02335415594279766
0.0158255435526371,0.000333845877321437,0.01916400156915188
0.014426994137465954,0.0012066620402038097,0.02649361453950405
0.015026098117232323,0.0002545483293943107,0.01757158152759075
0.016529804095625877,0.0006451376248151064,0.022981179878115654
0.014577818103134632,0.0004902860382571816,0.01948067918419838
0.01707535609602928,0.0016078343614935875,0.03315369784832001
0.016184544190764427,0.0009590946137905121,0.025775490328669548
0.013678128831088543,0.0025746661704033613,0.03942479193210602
0.01580388844013214,0.002287905430421233,0.03868294507265091
0.017844391986727715,0.0015740543603897095,0.03358493745326996
0.016161419451236725,0.0010380805470049381,0.02654222398996353
0.014260758645832539,0.002045514527708292,0.03471590206027031
0.014579345472157001,0.0020413170568645,0.034992516040802
0.01602090895175934,0.0010863542556762695,0.026884451508522034
0.01662132516503334,0.0009599670302122831,0.02622099593281746
0.014876657165586948,0.00211426243185997,0.036019280552864075
0.013966859318315983,0.0017976411618292332,0.031943269073963165
0.01596052572131157,0.0007848352543078363,0.023808877915143967
0.01577342301607132,0.000615089840721339,0.021924320608377457
0.013383714482188225,0.002210745820775628,0.03549117222428322
0.01422378420829773,0.0016040591290220618,0.03026437573134899
0.01646018587052822,0.0013493199367076159,0.029953384771943092
0.01644412986934185,0.0012101487955078483,0.028545618057250977
0.014088165946304798,0.0012271507875993848,0.026359673589468002
0.013721605762839317,0.0010526240803301334,0.024247847497463226
0.015929603949189186,0.0014634287217631936,0.03056389093399048
0.01629101112484932,0.0012895086547359824,0.029186097905039787
0.014193073846399784,0.0011089686304330826,0.025282759219408035
0.013913601636886597,0.0009108632802963257,0.023022234439849854
0.016296321526169777,0.0014459111262112856,0.030755432322621346
0.015981238335371017,0.0011508301831781864,0.027489539235830307
0.01376676931977272,0.0011666077189147472,0.025432847440242767
0.0140155591070652,0.0009384353761561215,0.02339991182088852
0.016093721613287926,0.0013992574531584978,0.030086295679211617
0.01610155776143074,0.0011537825921550393,0.02763938345015049
0.013802992179989815,0.0011928754393011332,0.02573174610733986
0.013653326779603958,0.0011161206057295203,0.024814533069729805
0.015602253377437592,0.0010835544671863317,0.026437798514962196
0.015656473115086555,0.0009244086104445159,0.024900559335947037
0.013776546344161034,0.0012070199009031057,0.02584674581885338
0.013817819766700268,0.0010484190424904227,0.024302009493112564
0.01571722701191902,0.0010282850125804543,0.02600007690489292
0.015446803532540798,0.0008258293964900076,0.023705098778009415
0.013616807758808136,0.0013517608167603612,0.02713441476225853
0.013677787967026234,0.0011304013896733522,0.024981800466775894
0.015656568109989166,0.0009563500061631203,0.02522006817162037
0.015603453852236271,0.0007948694983497262,0.023552149534225464
0.013550685718655586,0.001320092473179102,0.02675161138176918
0.013558018021285534,0.0011753126746043563,0.025311145931482315
0.015390836633741856,0.0008880865061655641,0.024271700531244278
0.015450871549546719,0.00075796979945153,0.023030569776892662
0.013600112870335579,0.0012418817495927215,0.026018930599093437
0.01360191497951746,0.0010746200568974018,0.024348115548491478
0.015399563126266003,0.0008701186161488295,0.02410075068473816
0.01528236735612154,0.000719368748832494,0.02247605472803116
0.013486484065651894,0.0012689502909779549,0.026175986975431442
0.013532344251871109,0.0010641540866345167,0.024173885583877563
0.015460160560905933,0.0008762882207520306,0.024223042652010918
0.015359114855527878,0.0007199209067039192,0.02255832403898239
0.013482563197612762,0.001237694639712572,0.02585950866341591
0.013453023508191109,0.0010680267587304115,0.024133291095495224
0.015296904370188713,0.0008555917302146554,0.023852821439504623
0.01532901544123888,0.0007211178308352828,0.022540193051099777
0.013501256704330444,0.0011729527032002807,0.025230783969163895
0.013489264994859695,0.0010203386191278696,0.023692650720477104
0.015213391743600368,0.0008391302544623613,0.02360469475388527
0.015162001363933086,0.0007029917323961854,0.02219191938638687
0.013424991630017757,0.0011566679459065199,0.024991672486066818
0.01347576454281807,0.0009805712616071105,0.023281477391719818
0.015237506479024887,0.0008357955957762897,0.02359546348452568
0.04653997719287872,0.001327431877143681,0.059814296662807465
0.040669143199920654,0.0018076024716719985,0.05874516814947128
0.03782036900520325,0.0016323458403348923,0.05414382740855217
0.03850637003779411,0.0015240533975884318,0.05374690517783165
0.03591810539364815,0.0014459160156548023,0.050377264618873596
0.03165570646524429,0.0016176356002688408,0.04783206433057785
0.030877528712153435,0.0013957542832940817,0.04483507201075554
0.03254487365484238,0.001662751194089651,0.04917238652706146
0.03134230524301529,0.0014916027430444956,0.04625833034515381
0.027957016602158546,0.001623021555133164,0.04418723285198212
0.027463413774967194,0.001486907945945859,0.042332492768764496
0.029201125726103783,0.0014166207984089851,0.043367333710193634
0.02761298231780529,0.0012611800339072943,0.04022478312253952
0.024417484179139137,0.0017525408184155822,0.04194289445877075
0.024266298860311508,0.0015514930710196495,0.039781227707862854
0.026128705590963364,0.0012912160018458962,0.03904086351394653
0.025452349334955215,0.0012060431763529778,0.037512779235839844
0.0231892429292202,0.0016420530155301094,0.03960977494716644
0.02314709685742855,0.001438657520338893,0.03753367066383362
0.0247940793633461,0.0012546742800623178,0.03734081983566284
0.024253327399492264,0.0011475356295704842,0.035728685557842255
0.022062702104449272,0.001427995739504695,0.03634265810251236
0.02170551009476185,0.0012398308608680964,0.034103818237781525
0.02332073636353016,0.0013980844523757696,0.03730158135294914
0.0230437982827425,0.0012829366605728865,0.0358731672167778
0.021106943488121033,0.0012625764356926084,0.03373270854353905
0.020869579166173935,0.0011139648267999291,0.03200922906398773
0.02265355736017227,0.0015033965464681387,0.037687525153160095
0.02255171164870262,0.001343923737294972,0.03599094972014427
0.02059077098965645,0.001126643968746066,0.0318572111427784
0.020184684544801712,0.0010153334587812424,0.030338019132614136
0.022122589871287346,0.0015323185361921787,0.03744577616453171
0.022061221301555634,0.0013860190520063043,0.03592140972614288
0.020025720819830894,0.001022561453282833,0.030251335352659225
0.019873030483722687,0.000920081278309226,0.029073843732476234
0.021824155002832413,0.0015450199134647846,0.037274353206157684
0.021660704165697098,0.0013899776386097074,0.0355604812502861
0.019523009657859802,0.0009870571084320545,0.029393579810857773
0.01935998536646366,0.0008923838613554835,0.028283823281526566
0.021144576370716095,0.0015558409504592419,0.03670298680663109
0.020952651277184486,0.0013907664688304067,0.034860316663980484
0.01900658942759037,0.0009937945287674665,0.028944535180926323
0.018836207687854767,0.0009153555147349834,0.027989763766527176
0.020907072350382805,0.0014430833980441093,0.0353379063308239
0.020891061052680016,0.0012408398324623704,0.033299461007118225
0.018755130469799042,0.001067481585778296,0.029429946094751358
0.018631644546985626,0.0009832335636019707,0.028463980183005333
0.020546099171042442,0.0012858423870056868,0.03340452164411545
0.020410170778632164,0.0011198213323950768,0.03160838410258293
0.018490562215447426,0.001158128958195448,0.03007185086607933
0.01838504709303379,0.0010723769664764404,0.029108816757798195
0.02017752267420292,0.0011384173994883895,0.03156169503927231
0.02015194669365883,0.000983408186584711,0.029986027628183365
0.018368182703852654,0.001239735633134842,0.030765539035201073
0.018285449594259262,0.0011188866337761283,0.02947431616485119
0.01988176256418228,0.0010795628186315298,0.030677391216158867
0.019812466576695442,0.0009539430029690266,0.029351897537708282
0.01821596547961235,0.0012396611273288727,0.030612576752901077
0.018136920407414436,0.0011154036037623882,0.029290955513715744
0.019703736528754234,0.0010424877982586622,0.030128614977002144
0.019662955775856972,0.0009030644432641566,0.028693601489067078
0.018065597862005234,0.001274903304874897,0.030814630910754204
0.018016250804066658,0.001138102961704135,0.029397280886769295
0.019508980214595795,0.0010148382280021906,0.029657362028956413
0.019439615309238434,0.0008998390985652804,0.028438005596399307
0.01793895848095417,0.0012478395365178585,0.03041735291481018
0.017929507419466972,0.0011109820334240794,0.029039327055215836
0.019438475370407104,0.0010000413749366999,0.029438888654112816
0.01936262845993042,0.0008812170708552003,0.02817479893565178
0.017878428101539612,0.0012321084504947066,0.030199512839317322
0.017862875014543533,0.0010950337164103985,0.028813213109970093
0.01927577145397663,0.0009967278456315398,0.029243050143122673
0.019177740439772606,0.0008872709586285055,0.02805044874548912
0.017768779769539833,0.0012014717794954777,0.029783498495817184
0.01776440069079399,0.001068886718712747,0.028453268110752106
0.019191719591617584,0.00098625966347754,0.029054315760731697
0.019136089831590652,0.0008645329507999122,0.027781419456005096
0.017718374729156494,0.001191053888760507,0.02962891384959221
0.017700092867016792,0.0010559736983850598,0.028259828686714172
0.01911160536110401,0.0009762732079252601,0.028874337673187256
0.019040603190660477,0.0008601384470239282,0.027641987428069115
0.017617683857679367,0.0011726660886779428,0.02934434451162815
0.017601758241653442,0.0010453390423208475,0.02805514819920063
0.019044779241085052,0.0009547328809276223,0.028592107817530632
0.018976159393787384,0.0008382549276575446,0.027358708903193474
0.01753794215619564,0.0011655421694740653,0.029193364083766937
0.017522696405649185,0.0010340376757085323,0.027863074094057083
0.01894693821668625,0.0009481273591518402,0.02842821180820465
0.018877454102039337,0.0008365215035155416,0.027242667973041534
0.017454391345381737,0.0011432931059971452,0.028887322172522545
0.017445478588342667,0.0010174316121265292,0.027619794011116028
0.018876779824495316,0.0009346070582978427,0.02822285145521164
0.01880980283021927,0.0008218321017920971,0.027028124779462814
0.01737625151872635,0.0011315137380734086,0.02869138866662979
0.017370736226439476,0.0010024234652519226,0.027394970878958702
0.018800411373376846,0.0009299048688262701,0.028099460527300835
0.01872636191546917,0.00081861880607903,0.026912549510598183
0.017299119383096695,0.0011146944016218185,0.02844606339931488
0.01730862446129322,0.0009889352368190885,0.027197975665330887
0.018748939037322998,0.0009154891013167799,0.027903828769922256
0.018665790557861328,0.000805156771093607,0.026717357337474823
0.017229342833161354,0.0011047603329643607,0.028276946395635605
0.017232365906238556,0.0009791419142857194,0.027023784816265106
0.018656719475984573,0.0009076166315935552,0.027732886373996735
0.018581096082925797,0.0007970931474119425,0.026552027091383934
0.017161061987280846,0.0010950061259791255,0.02811112254858017
0.017164990305900574,0.0009722014656290412,0.02688700519502163
0.018590573221445084,0.00089203508105129,0.027510924264788628
0.018522724509239197,0.0007824513013474643,0.026347238570451736
0.017106708139181137,0.0010853540152311325,0.027960248291492462
0.017107123509049416,0.0009616939933039248,0.026724062860012054
0.018518807366490364,0.0008820412331260741,0.02733922004699707
0.018451642245054245,0.0007722065784037113,0.026173707097768784
0.017050739377737045,0.0010762494057416916,0.02781323343515396
0.01704983226954937,0.0009536001016385853,0.026585832238197327
0.0184533279389143,0.0008693677955307066,0.02714700624346733
0.018388666212558746,0.0007603707490488887,0.02599237486720085
0.016989491879940033,0.0010673953220248222,0.027663445100188255
0.016982607543468475,0.0009448398486711085,0.02643100544810295
0.01838303543627262,0.0008597463020123541,0.026980498805642128
0.01832539401948452,0.0007496238686144352,0.025821633636951447
0.01692885346710682,0.0010605474235489964,0.027534328401088715
0.016920756548643112,0.0009390509221702814,0.02631126530468464
0.01832163706421852,0.000846446375362575,0.02678610011935234
0.01826416701078415,0.0007375370478257537,0.02563953772187233
0.016869405284523964,0.0010539442300796509,0.027408847585320473
0.016859380528330803,0.0009328218875452876,0.026187598705291748
0.01825367473065853,0.0008346285321749747,0.026599960401654243
0.01820260100066662,0.0007256102398969233,0.025458702817559242
0.016814617440104485,0.0010481355711817741,0.027295973151922226
0.01680178940296173,0.0009275542106479406,0.026077331975102425
0.018190976232290268,0.0008219032315537333,0.02641000971198082
0.018141306936740875,0.0007138532819226384,0.02527983859181404
0.016757482662796974,0.001042405841872096,0.027181541547179222
0.016743354499340057,0.0009220812935382128,0.025964166969060898
0.018125802278518677,0.0008098673424683511,0.026224475353956223
0.018079986795783043,0.00070183165371418,0.025098303332924843
0.01670369692146778,0.0010376583086326718,0.02708027884364128
0.016687264665961266,0.0009172948775812984,0.025860212743282318
0.01806337758898735,0.0007978705107234418,0.02604208141565323
0.01802222616970539,0.0006903656758368015,0.02492588385939598
0.01664957031607628,0.0010321075096726418,0.026970645412802696
0.016629774123430252,0.0009119901224039495,0.025749675929546356
0.018002457916736603,0.0007866690866649151,0.025869149714708328
0.01796719804406166,0.0006793045904487371,0.02476024441421032
0.016595862805843353,0.0010263649746775627,0.02685951255261898
0.016573414206504822,0.0009064681362360716,0.025638096034526825
0.017943304032087326,0.0007760986336506903,0.025704290717840195
0.017911937087774277,0.0006693854229524732,0.02460579201579094
0.01654212363064289,0.0010195882059633732,0.026738006621599197
0.01651737466454506,0.0009001709404401481,0.025519084185361862
0.017885105684399605,0.0007663763826712966,0.025548869743943214
0.01785982772707939,0.0006599474581889808,0.02445930242538452
0.016489997506141663,0.0010121191153302789,0.026611188426613808
0.016463622450828552,0.0008931220509111881,0.02539484202861786
0.017829256132245064,0.0007575039053335786,0.025404294952750206
0.01780806854367256,0.000651637208648026,0.024324439465999603
0.01643935963511467,0.0010034642182290554,0.0264740027487278
0.016410985961556435,0.0008851760067045689,0.025262746959924698
0.017774486914277077,0.0007495604804717004,0.025270091369748116
0.01775979809463024,0.0006438969285227358,0.02419876679778099
0.01638963632285595,0.0009940627496689558,0.026330264285206795
0.016358880326151848,0.0008765885140746832,0.025124765932559967
0.017721805721521378,0.0007425142684951425,0.02514694817364216
0.017712567001581192,0.0006371646886691451,0.024084214121103287
0.016340527683496475,0.0009837702382355928,0.026178229600191116
0.01630759797990322,0.0008673968259245157,0.02498156577348709
0.017671218141913414,0.0007360823219642043,0.0250320415943861
0.017668183892965317,0.0006308999145403504,0.023977182805538177
0.016292614862322807,0.0009730090387165546,0.02602270618081093
0.016256961971521378,0.0008578790002502501,0.024835752323269844
0.017621884122490883,0.0007303017773665488,0.024924902245402336
0.017624495550990105,0.0006252867169678211,0.02387736365199089
0.016246166080236435,0.0009618792100809515,0.02586495876312256
0.016207203269004822,0.0008482327102683485,0.024689529091119766
0.017573818564414978,0.0007248202455230057,0.024822020903229713
0.017582491040229797,0.0006197999464347959,0.023780491203069687
0.01620139181613922,0.0009508734801784158,0.025710126385092735
0.01615738309919834,0.0008388377609662712,0.024545760825276375
0.01752638630568981,0.0007195590296760201,0.02472197636961937
0.017541293054819107,0.0006143376231193542,0.02368466928601265
0.016158029437065125,0.0009403321309946477,0.02556135132908821
0.016107618808746338,0.0008299442706629634,0.02440706267952919
0.017480244860053062,0.0007141887908801436,0.024622133001685143
0.017500797286629677,0.0006086641224101186,0.023587439209222794
0.016116270795464516,0.000930398004129529,0.02542025037109852
0.016057249158620834,0.0008215917041525245,0.024273166432976723
0.017434775829315186,0.0007088304264470935,0.02452307939529419
0.017460836097598076,0.0006027610506862402,0.023488447070121765
0.01607585698366165,0.0009211598080582917,0.025287454947829247
0.016006095334887505,0.0008138316916301847,0.024144411087036133
0.017390117049217224,0.00070343934930861,0.024424510076642036
0.017421355471014977,0.0005966651951894164,0.023388007655739784
0.016036659479141235,0.0009123785421252251,0.025160444900393486
0.015953585505485535,0.0008063947316259146,0.024017533287405968
0.01734645664691925,0.0006982377963140607,0.02432883530855179
0.017383184283971786,0.0005905219586566091,0.02328840270638466
0.015998033806681633,0.0009037222480401397,0.025035256519913673
0.0158997792750597,0.0007989817531779408,0.02388959750533104
0.01730404980480671,0.0006934097036719322,0.02423814684152603
0.01734626479446888,0.0005846810527145863,0.023193076252937317
0.01595931313931942,0.0008946128655225039,0.02490544132888317
0.01584446057677269,0.0007911506108939648,0.023755967617034912
0.017263267189264297,0.0006891910452395678,0.024155177175998688
0.01731174997985363,0.0005794164026156068,0.023105913773179054
0.015919364988803864,0.000884572509676218,0.02476508915424347
0.015787925571203232,0.0007825731299817562,0.02361365780234337
0.017224406823515892,0.0006856836844235659,0.024081243202090263
0.01727994531393051,0.0005750058335252106,0.023030003532767296
0.015877077355980873,0.000873307348228991,0.02461015060544014
0.015730172395706177,0.0007732334779575467,0.023462507873773575
0.017188074067234993,0.0006826292956247926,0.024014366790652275
0.01725151017308235,0.0005713562713935971,0.022965073585510254
0.015831012278795242,0.0008610754157416523,0.02444176748394966
0.015671391040086746,0.0007635721703991294,0.023307112976908684
0.017154457047581673,0.0006793994689360261,0.02394845150411129
0.017226004973053932,0.0005680863396264613,0.022906867787241936
0.01577976532280445,0.0008486961014568806,0.02426672726869583
0.015611475333571434,0.0007545312400907278,0.02315678820014
0.017123758792877197,0.0006749764434061944,0.023873522877693176
0.01720292866230011,0.0005644658231176436,0.02284758724272251
0.015721801668405533,0.0008373590535484254,0.02409539185464382
0.015550407581031322,0.0007471399148926139,0.02302180603146553
0.01709647662937641,0.0006684064283035696,0.023780541494488716
0.017181111499667168,0.0005599128198809922,0.022780239582061768
0.015656189993023872,0.000828047632239759,0.023936666548252106
0.015488413162529469,0.000742031610570848,0.022908728569746017
0.017073534429073334,0.0006593244033865631,0.023666778579354286
0.017159506678581238,0.0005543571896851063,0.022703077644109726
0.015582697466015816,0.0008210931555368006,0.023793630301952362
0.015426534228026867,0.0007389579550363123,0.022816114127635956
0.017056522890925407,0.000648259068839252,0.023539114743471146
0.017137013375759125,0.0005483595887199044,0.022620609030127525
0.01550261303782463,0.0008161363075487316,0.023663975298404694
0.015366357751190662,0.0007370024104602635,0.022736381739377975
0.01704680174589157,0.0006363913998939097,0.02341071516275406
0.01711241342127323,0.0005426557036116719,0.02253897115588188
0.015418040566146374,0.0008127824985422194,0.02354586496949196
0.015309950336813927,0.0007351299864239991,0.022661250084638596
0.01704404316842556,0.0006249099387787282,0.02329314313828945
0.017083676531910896,0.0005375120090320706,0.022458795458078384
0.01533176377415657,0.0008111719507724047,0.02344348281621933
0.015258987434208393,0.0007328431820496917,0.02258741855621338
0.01704532839357853,0.0006144571816548705,0.023189900442957878
0.017047835513949394,0.000532515172380954,0.022372987121343613
0.015247156843543053,0.0008118092082440853,0.02336524799466133
0.015214351937174797,0.000730200088582933,0.02251635305583477
0.01704515889286995,0.000604948727414012,0.023094646632671356
0.017001843079924583,0.0005267676897346973,0.02226952090859413
0.015167826786637306,0.0008149822242558002,0.023317649960517883
0.015176166780292988,0.0007276440155692399,0.02245260775089264
0.01703662797808647,0.0005956030217930675,0.022992659360170364
0.016943616792559624,0.0005193999968469143,0.022137615829706192
0.015097214840352535,0.0008202412282116711,0.023299627006053925
0.015143736265599728,0.0007257512188516557,0.022401249036192894
0.017013607546687126,0.0005853582406416535,0.022867189720273018
0.01687336526811123,0.0005101381102576852,0.021974746137857437
0.01503821462392807,0.0008262439514510334,0.0233006551861763
0.01511549111455679,0.0007249948102980852,0.02236543968319893
0.016972731798887253,0.0005735792219638824,0.022708524018526077
0.01679476536810398,0.0004995418130420148,0.02179018408060074
0.014992425218224525,0.0008312768768519163,0.023305194452404976
0.015089211985468864,0.0007254417287185788,0.022343628108501434
0.016914643347263336,0.0005607420462183654,0.022522063925862312
0.0167147945612669,0.000488721823785454,0.02160201221704483
0.014959057793021202,0.00083414267282933,0.02330048382282257
0.015062038786709309,0.000726868980564177,0.02233072742819786
0.016843825578689575,0.0005480204708874226,0.022324029356241226
0.016640638932585716,0.00047845515655353665,0.021425191313028336
0.014933916740119457,0.0008351773722097278,0.02328569069504738
0.015030937269330025,0.0007292785448953509,0.022323723882436752
0.016767339780926704,0.0005361557123251259,0.022128896787762642
0.016575554385781288,0.0004687297041527927,0.021262850612401962
0.01490986067801714,0.0008360312203876674,0.023270172998309135
0.014994512312114239,0.0007328144274652004,0.022322656586766243
0.016693081706762314,0.0005250932299531996,0.021944014355540276
0.016517650336027145,0.00045940367272123694,0.021111687645316124
0.014880184084177017,0.0008379699429497123,0.023259883746504784
0.014955144375562668,0.0007367650978267193,0.022322796285152435
0.016626877710223198,0.0005149026401340961,0.021775905042886734
0.016462229192256927,0.00045089315972290933,0.020971160382032394
0.014843490906059742,0.0008406488923355937,0.023249980062246323
0.01491774432361126,0.0007395974826067686,0.022313719615340233
0.0165692288428545,0.0005059941322542727,0.021629169583320618
0.016404511407017708,0.0004435762239154428,0.020840274170041084
0.01480474416166544,0.0008428345317952335,0.023233089596033096
0.014886097982525826,0.0007403913186863065,0.022290010005235672
0.016513880342245102,0.0004983567632734776,0.021497447043657303
0.016342980787158012,0.000437119510024786,0.020714174956083298
0.014770547859370708,0.0008436012431047857,0.0232065599411726
0.014859641902148724,0.0007397440494969487,0.022257082164287567
0.0164532158523798,0.000491382903419435,0.021367045119404793
0.016281206160783768,0.0004308538627810776,0.020589744672179222
0.014743142761290073,0.0008432085160166025,0.023175228387117386
0.014833691529929638,0.0007393754785880446,0.022227447479963303
0.016385365277528763,0.0004844788636546582,0.021230153739452362
0.016225021332502365,0.00042410712921991944,0.020466092973947525
0.014717563055455685,0.0008435469935648143,0.02315303310751915
0.014803395606577396,0.0007410451071336865,0.022213846445083618
0.016315678134560585,0.00047702976735308766,0.02108597569167614
0.016175400465726852,0.00041629854240454733,0.020338386297225952
0.01468647550791502,0.0008468316518701613,0.023154791444540024
0.014768543653190136,0.000745348515920341,0.02222202904522419
0.016250096261501312,0.00046854012180119753,0.02093549817800522
0.016128025949001312,0.00040719134267419577,0.020199939608573914
0.014646337367594242,0.0008539609843865037,0.02318594604730606
0.014734147116541862,0.0007516860496252775,0.022251008078455925
0.016187919303774834,0.0004588400770444423,0.02077632024884224
0.016078568994998932,0.00039681774796918035,0.020046746358275414
0.014599188230931759,0.0008645968046039343,0.023245155811309814
0.01470525935292244,0.0007599243544973433,0.022304503247141838
0.016119960695505142,0.0004477878683246672,0.02059783972799778
0.01603132113814354,0.00038449896965175867,0.019876310601830482
0.014540002681314945,0.000881287211086601,0.02335287444293499
0.014685504138469696,0.0007730858633294702,0.022416362538933754
0.01603909768164158,0.0004335283883847296,0.02037438191473484
0.0159862469881773,0.000368152599548921,0.019667772576212883
0.014459379948675632,0.0009165432420559227,0.023624811321496964
0.014674668200314045,0.0008044551941566169,0.02271921932697296
0.015937672927975655,0.00040683193947188556,0.02000599168241024
0.015912780538201332,0.000337508216034621,0.01928786188364029
0.014348706230521202,0.0010022560600191355,0.02437126636505127
0.014623529277741909,0.0008851807215251029,0.023475337773561478
0.015855614095926285,0.00034725008299574256,0.01932811550796032
0.015615525655448437,0.00030341229285113513,0.018649648874998093
0.014790067449212074,0.0012216835748404264,0.027006903663277626
0.014251314103603363,0.0011657878058031201,0.025909192860126495
0.015343735925853252,0.00030463343136943877,0.018390070647001266
0.017984945327043533,0.0022761356085538864,0.0407463014125824
0.01529502309858799,0.0002281924244016409,0.017576947808265686
0.01582472212612629,0.0020024857949465513,0.03584957867860794
0.014846540056169033,0.0005530845373868942,0.02037738636136055
0.020933274179697037,0.0027682504151016474,0.048615776002407074
0.018863646313548088,0.002261403715237975,0.04147768393158913
0.01570894569158554,0.0015347548760473728,0.031056493520736694
0.015114972367882729,0.0013443027855828404,0.028558000922203064
0.017147744074463844,0.0019985297694802284,0.03713304176926613
0.017888568341732025,0.0014947415329515934,0.032835982739925385
0.0156691987067461,0.0013624696293845773,0.02929389476776123
0.015524705871939659,0.0014694236451759934,0.03021894209086895
0.01692967675626278,0.0007605927530676126,0.02453560382127762
0.01504452619701624,0.0006871329969726503,0.02191585674881935
0.014905890449881554,0.0010110947769135237,0.025016838684678078
0.016588425263762474,0.0005664299242198467,0.022252723574638367
0.01569719798862934,0.0003451064112596214,0.019148262217640877
0.01691674254834652,0.002838744781911373,0.04530419036746025
0.0169792789965868,0.0025237894151359797,0.04221717268228531
0.01657724380493164,0.00045544502791017294,0.021131694316864014
0.016361607238650322,0.0009017381817102432,0.025378989055752754
0.014988542534410954,0.0010166751453652978,0.025155294686555862
0.015355355106294155,0.000543375383131206,0.02078910917043686
0.016294384375214577,0.00070791324833408,0.023373516276478767
0.01532056089490652,0.0006599442567676306,0.02192000299692154
0.014798102900385857,0.0006732865003868937,0.021530967205762863
0.01539047621190548,0.0008486881852149963,0.023877358064055443
0.015456282533705235,0.0008010565652512014,0.023466847836971283
0.015862228348851204,0.0005700946785509586,0.021563176065683365
0.015392440371215343,0.0007891993736848235,0.023284435272216797
0.014265697449445724,0.0005166447954252362,0.019432146102190018
0.01711994968354702,0.0006432663649320602,0.023552613332867622
0.015506069175899029,0.0005676287692040205,0.021182356402277946
0.014362608082592487,0.000709198007825762,0.0214545875787735
0.01668892428278923,0.0017054786439985037,0.033743709325790405
0.017434531822800636,0.0008634365512989461,0.026068896055221558
0.01495455577969551,0.0012674354948103428,0.027628909796476364
0.013535008765757084,0.0020436937920749187,0.03397194668650627
0.015494398772716522,0.0006885046605020761,0.022379444912075996
0.01712619513273239,0.0012071067467331886,0.029197262600064278
0.015409106388688087,0.000840306282043457,0.023812169209122658
0.015251539647579193,0.0017839772626757622,0.033091314136981964
0.014391236007213593,0.0017996309325098991,0.03238754719495773
0.014444436877965927,0.0012864251621067524,0.027308687567710876
0.017194584012031555,0.0014297983143478632,0.03149256855249405
0.01785074919462204,0.0008139173733070493,0.025989923626184464
0.014081488363444805,0.00128329754807055,0.026914462447166443
0.016210248693823814,0.0016294841188937426,0.0325050875544548
0.01497708447277546,0.00039269315311685205,0.01890401542186737
0.017049167305231094,0.0026530351024121046,0.04357951879501343
0.0181865431368351,0.0023708362132310867,0.041894905269145966
0.016280490905046463,0.0007714413804933429,0.02399490401148796
0.014497133903205395,0.002316695638000965,0.03766408935189247
0.013938358053565025,0.002129003405570984,0.03522839397192001
0.017465975135564804,0.0013659378746524453,0.031125353649258614
0.01770879700779915,0.0011837147176265717,0.029545944184064865
0.016468165442347527,0.001807983499020338,0.03454799950122833
0.01491756085306406,0.0010092513402923942,0.02501007542014122
0.016402067616581917,0.0016441778279840946,0.03284384310245514
0.015442014671862125,0.0014054374769330025,0.029496390372514725
0.015234395861625671,0.0008344488451257348,0.023578884080052376
0.01683282107114792,0.0021099685691297054,0.03793250769376755
0.016393862664699554,0.001503990264609456,0.03143376484513283
0.014298252761363983,0.0016074248123914003,0.0303725004196167
0.014853628352284431,0.0016090529970824718,0.030944159254431725
0.015759149566292763,0.001447564223781228,0.030234791338443756
0.01516805775463581,0.0009531432297080755,0.024699490517377853
0.01482742466032505,0.0019416302675381303,0.03424372524023056
0.01592465676367283,0.0010558455251157284,0.026483111083507538
0.016946133226156235,0.001979827182367444,0.03674440458416939
0.01499326154589653,0.0017447544960305095,0.032440803945064545
0.014052906073629856,0.0018265892285853624,0.03231879696249962
0.015068072825670242,0.0015152891865000129,0.030220964923501015
0.01811981573700905,0.0010852948762476444,0.028972763568162918
0.016382260248064995,0.0010117191122844815,0.026499450206756592
0.01414568442851305,0.0014680599560961127,0.028826285153627396
0.014783688820898533,0.00116383982822299,0.026422087103128433
0.017389288172125816,0.001159953884780407,0.028988827019929886
0.016726206988096237,0.0009212432778440416,0.025938639417290688
0.01506301760673523,0.0014860376249998808,0.029923394322395325
0.01497130561619997,0.0011956815142184496,0.026928119361400604
0.017098629847168922,0.0010860253823921084,0.027958884835243225
0.01583043485879898,0.0009813945507630706,0.02564438059926033
0.01534621324390173,0.0012504737824201584,0.027850951999425888
0.015611452050507069,0.0009887502528727055,0.025498954579234123
0.01734738238155842,0.001025552861392498,0.0276029109954834
0.015488824807107449,0.0009367165621370077,0.02485598996281624
0.015209760516881943,0.001294027199037373,0.028150033205747604
0.015859002247452736,0.0009919587755575776,0.02577858977019787
0.016984224319458008,0.0008912193006835878,0.02589641697704792
0.015569480136036873,0.0008417823119089007,0.0239873044192791
0.015116625465452671,0.0010664198780432343,0.025780823081731796
0.01566752977669239,0.0007509122369810939,0.0231766514480114
0.016457827761769295,0.001011066953651607,0.026568498462438583
0.015562748536467552,0.0008340581553056836,0.02390332892537117
0.015705769881606102,0.0010077250190079212,0.02578302100300789
0.015456199645996094,0.0008308797259815037,0.023764997720718384
0.015893813222646713,0.0009322807309217751,0.025216620415449142
0.015367052517831326,0.000761841016355902,0.022985462099313736
0.016012534499168396,0.0009816372767090797,0.025828907266259193
0.015223878435790539,0.0008606911869719625,0.02383079007267952
0.015550153329968452,0.0008752935100346804,0.02430308796465397
0.015189794823527336,0.0007456470048055053,0.022646265104413033
0.015661777928471565,0.0008927254821173847,0.02458903193473816
0.014856325462460518,0.000784837466198951,0.022704700008034706
0.015519065782427788,0.0008799545466899872,0.02431861124932766
0.015120736323297024,0.0007423948845826089,0.022544685751199722
0.01511828601360321,0.0009145345538854599,0.02426363155245781
0.014811361208558083,0.0007937395130284131,0.022748757153749466
0.015506555326282978,0.0008186735212802887,0.02369328960776329
0.015128317289054394,0.0007072275620885193,0.02220059186220169
0.01478169672191143,0.0009303544647991657,0.024085242301225662
0.014862921088933945,0.0007949096034280956,0.022812016308307648
0.015481987968087196,0.0007462897337973118,0.02294488623738289
0.01517802756279707,0.0006521366303786635,0.021699395030736923
0.014751056209206581,0.0009071304812096059,0.0238223597407341
0.01486450619995594,0.0007644235738553107,0.022508742287755013
0.015461019240319729,0.0007244211155921221,0.022705230861902237
0.015259693376719952,0.0006234052125364542,0.02149374596774578
0.01484012696892023,0.0008635437116026878,0.023475565016269684
0.014714422635734081,0.0007374145789071918,0.022088568657636642
0.015463829040527344,0.0007270303322002292,0.022734131664037704
0.015347258187830448,0.0006152123678475618,0.021499382331967354
0.014758406206965446,0.0008257206063717604,0.023015612736344337
0.014530728571116924,0.0007223220309242606,0.0217539481818676
0.015477788634598255,0.0007022253703325987,0.022500041872262955
0.015299610793590546,0.0005986582254990935,0.021286193281412125
0.014561427757143974,0.0008165431790985167,0.022726859897375107
0.014513113535940647,0.0007042530924081802,0.021555643528699875
0.015422702766954899,0.0006690940936096013,0.02211364358663559
0.015148590318858624,0.0005771423457190394,0.02092001400887966
0.014524105936288834,0.0008078727987594903,0.022602833807468414
0.014571881853044033,0.0006862328737042844,0.021434210240840912
0.015239466913044453,0.0006533411797136068,0.021772878244519234
0.015097696334123611,0.0005523459985852242,0.020621156319975853
0.014608598314225674,0.0007920797215774655,0.022529395297169685
0.01449842844158411,0.0006939730374142528,0.02143815904855728
0.01509841438382864,0.0006230752915143967,0.02132916823029518
0.015118223614990711,0.0005147086922079325,0.020265311002731323
0.014550107531249523,0.0007925726240500808,0.02247583493590355
0.01436915434896946,0.0006999758770689368,0.02136891335248947
0.01510163489729166,0.0005911599728278816,0.021013233810663223
0.01507769525051117,0.0004891780554316938,0.019969476386904716
0.014403384178876877,0.0008017414365895092,0.022420797497034073
0.014352328144013882,0.0006971280090510845,0.021323608234524727
0.015095890499651432,0.0005589796928688884,0.02068568766117096
0.014965402893722057,0.0004744058824144304,0.01970946229994297
0.014404543675482273,0.0007861473131924868,0.02226601541042328
0.014342932030558586,0.0006788265891373158,0.021131198853254318
0.015008039772510529,0.0005537396064028144,0.020545436069369316
0.014965884387493134,0.00046418586862273514,0.019607743248343468
0.014350946061313152,0.0007589538581669331,0.021940484642982483
0.01424415223300457,0.0006586737581528723,0.02083089016377926
0.015018191188573837,0.0005467077135108411,0.020485268905758858
0.01495418418198824,0.0004605840367730707,0.01956002414226532
0.014252658933401108,0.0007361127645708621,0.02161378599703312
0.014202001504600048,0.0006318844389170408,0.02052084542810917
0.01506114937365055,0.0005401538219302893,0.02046268805861473
0.014894041232764721,0.0004643453867174685,0.01953749544918537
0.014217102900147438,0.0007074533496052027,0.021291635930538177
0.014183403924107552,0.0006063362234272063,0.02024676650762558
0.015042709186673164,0.0005365712568163872,0.020408421754837036
0.014857493340969086,0.00045920241973362863,0.019449517130851746
0.01416713371872902,0.0006904135225340724,0.02107127010822296
0.014117552898824215,0.0005952731007710099,0.020070284605026245
0.015034369193017483,0.0005205362685956061,0.020239731296896935
0.0147874029353261,0.0004499133210629225,0.019286535680294037
0.014112190343439579,0.0006841778522357345,0.020953968167304993
0.014107802882790565,0.0005877590738236904,0.019985392689704895
0.014990041963756084,0.0005021719844080508,0.020011762157082558
0.014694567769765854,0.00043753522913903,0.019069921225309372
0.01411935780197382,0.0006779611576348543,0.02089896984398365
0.047462884336709976,0.0014706796500831842,0.06216967850923538
0.04587976634502411,0.0013993820175528526,0.059873588383197784
0.04455544799566269,0.0013968064449727535,0.0585235133767128
0.04328761622309685,0.0013940740609541535,0.05722835659980774
0.023870594799518585,0.0009812976932153106,0.033683571964502335
0.020826926454901695,0.000739227922167629,0.028219206258654594
0.018837198615074158,0.0004767521168105304,0.02360472083091736
0.01716545782983303,0.00031660712556913495,0.020331528037786484
0.015791891142725945,0.00024097049026750028,0.018201597034931183
0.015100641176104546,0.00019170694577042013,0.017017710953950882
0.014463342726230621,0.00015602950588800013,0.01602363772690296
0.013616434298455715,0.00012484719627536833,0.014864906668663025
0.012908696196973324,0.00010628034942783415,0.013971500098705292
0.012422312051057816,9.505427442491055e-05,0.013372855260968208
0.01190620195120573,9.163787035504356e-05,0.012822580523788929
0.011511171236634254,8.154984243446961e-05,0.012326669879257679
0.011056841351091862,8.071812044363469e-05,0.011864022351801395
0.010644931346178055,7.44605713407509e-05,0.011389536783099174
0.010219280607998371,7.42471675039269e-05,0.010961752384901047
0.009773687459528446,7.623061537742615e-05,0.010535993613302708
0.009467337280511856,7.366197678493336e-05,0.010203956626355648
0.009210438467562199,6.777645467082039e-05,0.009888202883303165
0.008902130648493767,6.416962423827499e-05,0.009543826803565025
0.00855820532888174,6.062104512238875e-05,0.009164415299892426
0.008267330937087536,5.785870234831236e-05,0.008845917880535126
0.007960716262459755,5.548915214603767e-05,0.008515607565641403
0.0076579018495976925,5.393487663241103e-05,0.00819725077599287
0.007327815052121878,5.5887056078063324e-05,0.00788668543100357
0.007035072427242994,5.44412323506549e-05,0.0075794849544763565
0.006763920187950134,5.0238850235473365e-05,0.007266308646649122
0.0064582559280097485,5.2016279369127005e-05,0.006978418678045273
0.0061936997808516026,4.8775757022667676e-05,0.006681457161903381
0.0059407493099570274,4.700553836300969e-05,0.0064108045771718025
0.005627731326967478,4.7557743528159335e-05,0.006103308871388435
0.005404798313975334,4.41278716607485e-05,0.005846077110618353
0.0051853591576218605,4.305599213694222e-05,0.005615918897092342
0.0049489582888782024,4.521750452113338e-05,0.005401133559644222
0.004786239936947823,3.952154656872153e-05,0.00518145551905036
0.004665836226195097,3.5401990317041054e-05,0.00501985615119338
0.004531057085841894,3.61930942744948e-05,0.004892988130450249
0.0044095879420638084,3.554992508725263e-05,0.0047650872729718685
0.004326067864894867,3.354846921865828e-05,0.004661552608013153
0.004223494324833155,3.4198284993181005e-05,0.00456547737121582
0.00411843229085207,3.4294454962946475e-05,0.004461376927793026
0.004031543619930744,3.3427517337258905e-05,0.004365818575024605
0.003936186898499727,3.1753686926094815e-05,0.004253723658621311
0.0038445540703833103,3.035224654013291e-05,0.0041480762884020805
0.003782968968153,2.8823767934227362e-05,0.004071206785738468
0.0037139460910111666,2.6795794838108122e-05,0.003981904126703739
0.003644648240879178,2.591294833109714e-05,0.003903777804225683
0.0035845618695020676,2.4388747988268733e-05,0.003828449407592416
0.003516814671456814,2.2498601538245566e-05,0.0037418007850646973
0.0034506414085626602,2.164650686609093e-05,0.0036671063862740993
0.0033934807870537043,2.08232959266752e-05,0.003601713804528117
0.0033259952906519175,2.062119892798364e-05,0.003532207338139415
0.003283881349489093,1.875815723906271e-05,0.0034714629873633385
0.003209571121260524,1.9314415112603456e-05,0.003402715316042304
0.003141800407320261,1.930885082401801e-05,0.003334888955578208
0.003091836115345359,1.8343560441280715e-05,0.00327527173794806
0.0030471947975456715,1.762664396665059e-05,0.0032234613317996264
0.0029967043083161116,1.585028803674504e-05,0.003155207261443138
0.0029395699966698885,1.5341553080361336e-05,0.003092985600233078
0.002902630716562271,1.4793309674132615e-05,0.003050563856959343
0.0028651284519582987,1.3280277016747277e-05,0.0029979313258081675
0.0028302923310548067,1.1700161849148571e-05,0.002947293920442462
0.002794383093714714,1.0747811757028103e-05,0.002901861211284995
0.0027629875112324953,1.0053892765427008e-05,0.0028635263442993164
0.0027329404838383198,9.6939747891156e-06,0.0028298802208155394
0.0026895494665950537,9.564635547576472e-06,0.002785195829346776
0.0026606980245560408,8.797118425718509e-06,0.0027486691251397133
0.0026228923816233873,7.805781933711842e-06,0.002700950251892209
0.002588059054687619,7.320175427594222e-06,0.002661260776221752
0.0025508480612188578,7.179690328484867e-06,0.0026226448826491833
0.002523090923205018,6.49185949441744e-06,0.002588009461760521
0.0024804244749248028,6.562501312146196e-06,0.0025460494216531515
0.0024479427374899387,5.710954610549379e-06,0.0025050523690879345
0.0023976631928235292,5.216456884227227e-06,0.0024498277343809605
0.002346988767385483,6.036777449480724e-06,0.002407356631010771
0.002312377328053117,5.986793439660687e-06,0.00237224530428648
0.002269410528242588,6.184990979818394e-06,0.002331260358914733
0.0022302980069071054,6.1922601162223145e-06,0.002292220713570714
0.0021885442547500134,6.492615739261964e-06,0.002253470476716757
0.002147167455404997,6.8232302510295995e-06,0.0022153998725116253
0.0021170300897210836,6.602033408853458e-06,0.0021830503828823566
0.0020800691563636065,6.359972758218646e-06,0.002143668942153454
0.0020436823833733797,6.500636118289549e-06,0.00210868869908154
0.002014599274843931,5.897450137126725e-06,0.0020735738798975945
0.0019785535987466574,5.9366966524976306e-06,0.0020379205234348774
0.0019511538557708263,5.8664918469730765e-06,0.00200981879606843
0.001912505249492824,5.859156772203278e-06,0.001971096731722355
0.0018844794249162078,5.996686468279222e-06,0.001944446237757802
0.0018591501284390688,5.951146704319399e-06,0.0019186616409569979
0.0018275149632245302,6.043852408765815e-06,0.0018879534909501672
0.0018045440083369613,5.756812242907472e-06,0.0018621120834723115
0.0017743253847584128,5.825150765303988e-06,0.001832576934248209
0.001741866348311305,5.769545168732293e-06,0.001799561781808734
0.001716252532787621,5.559821147471666e-06,0.0017718507442623377
0.0016920487396419048,5.466250058816513e-06,0.0017467112047597766
0.001667709555476904,5.559980309044477e-06,0.0017233093967661262
0.0016461648046970367,5.2258092182455584e-06,0.0016984229441732168
0.001614340115338564,5.1701313168450724e-06,0.0016660414403304458
0.00157999771181494,5.367184257920599e-06,0.0016336695989593863
0.001556581468321383,5.18527849635575e-06,0.0016084342496469617
0.0015271010342985392,5.020186108595226e-06,0.00157730292994529
0.0015015568351373076,4.9864670472743455e-06,0.001551421475596726
0.001473703421652317,4.721689037978649e-06,0.0015209203120321035
0.0014459574595093727,4.593629910232266e-06,0.001491893781349063
0.0014259560266509652,4.1527719076839276e-06,0.0014674837002530694
0.0014003926189616323,4.075130618730327e-06,0.0014411439187824726
0.0013747214106842875,3.980128894909285e-06,0.0014145226450636983
0.001351010287180543,3.7323343349271454e-06,0.0013883336214348674
0.0013311596121639013,3.578267751436215e-06,0.0013669423060491681
0.0013030710397288203,3.835481493297266e-06,0.0013414258137345314
0.0012833160581067204,3.840503268293105e-06,0.0013217211235314608
0.0012640445493161678,3.692409109135042e-06,0.0013009686954319477
0.0012426340254023671,3.0883588806318585e-06,0.001273517613299191
0.0012240500655025244,2.9650627766386606e-06,0.0012537006987258792
0.001201861072331667,3.0910737223166507e-06,0.0012327717849984765
0.0011870471062138677,2.918585551014985e-06,0.0012162330094724894
0.0011717198649421334,2.890745008699014e-06,0.001200627302750945
0.0011471546022221446,3.3557432743691606e-06,0.0011807120172306895
0.001133653917349875,3.219515292585129e-06,0.001165849040262401
0.0011205030605196953,2.891619715228444e-06,0.001149419229477644
0.001105274772271514,2.822714350259048e-06,0.001133501878939569
0.0010884926887229085,2.8996332730457652e-06,0.001117489067837596
0.0010715348180383444,2.9165876185288653e-06,0.0011007006978616118
0.001057205256074667,2.73130308414693e-06,0.001084518269635737
0.001041713636368513,2.7200981094210874e-06,0.0010689146583899856
0.0010200238320976496,2.8608214961423073e-06,0.001048632082529366
0.0010058785555884242,2.922169414887321e-06,0.0010351001983508468
0.0009867360349744558,2.880400643334724e-06,0.0010155400959774852
0.000973400310613215,2.831445954143419e-06,0.0010017147287726402
0.0009550783433951437,2.964136456284905e-06,0.0009847197216004133
0.0009384119766764343,2.980452109113685e-06,0.0009682165109552443
0.0009243664680980146,2.9762750273221172e-06,0.0009541292092762887
0.0009102393523789942,2.8859592475782847e-06,0.000939098943490535
0.0008958898251876235,2.979165628858027e-06,0.0009256814955733716
0.0008805674151517451,3.0118903850961942e-06,0.0009106863290071487
0.0008611141238361597,2.804246150844847e-06,0.0008891565958037972
0.0008457577205263078,2.588453298812965e-06,0.0008716422598809004
0.0008314269362017512,2.4612495508335996e-06,0.0008560394053347409
0.0008186755585484207,2.44772218138678e-06,0.0008431527530774474
0.0007993968320079148,2.3621814762009308e-06,0.0008230186649598181
0.0007835335563868284,2.336355009902036e-06,0.0008068971219472587
0.0007688001496717334,2.148396561096888e-06,0.0007902841316536069
0.0007493224111385643,1.9472790881991386e-06,0.0007687952020205557
0.0007311702938750386,1.8249386357638286e-06,0.0007494196761399508
0.0007129979785531759,1.7223619579453953e-06,0.0007302216254174709
0.0007021907367743552,1.540777702757623e-06,0.0007175985374487936
0.0006875079125165939,1.5198507981040166e-06,0.0007027063984423876
0.0006713621551170945,1.501154542893346e-06,0.0006863736780360341
0.0006552630220539868,1.6541785043955315e-06,0.0006718048243783414
0.000638308934867382,1.7364478708259412e-06,0.0006556733860634267
0.0006260757218115032,1.8701705357671017e-06,0.0006447774358093739
0.0006162862409837544,1.6359141454813653e-06,0.0006326453876681626
0.0006009205826558173,1.7776484355636057e-06,0.0006186970858834684
0.000585368019528687,1.896500407383428e-06,0.0006043330067768693
0.0005700166220776737,1.921098828461254e-06,0.0005892275949008763
0.0005538054392673075,1.8224924360765726e-06,0.000572030374314636
0.0005422711838036776,1.8020007246377645e-06,0.0005602911696769297
0.0005315309390425682,1.5676744169468293e-06,0.0005472076591104269
0.0005211354582570493,1.4737915989826433e-06,0.0005358733469620347
0.0005133207305334508,1.4703537090099417e-06,0.0005280242767184973
0.0004993900074623525,1.5114152347450727e-06,0.0005145041504874825
0.0004868365067522973,1.5017537862149766e-06,0.0005018540541641414
0.00047690444625914097,1.4610756124966429e-06,0.0004915152094326913
0.0004655690863728523,1.4789509350521257e-06,0.00048035860527306795
0.0004531806625891477,1.566133278174675e-06,0.00046884198673069477
0.00044530004379339516,1.577208195158164e-06,0.0004610721371136606
0.0004392184200696647,1.3163131598048494e-06,0.00045238155871629715
0.00043246723362244666,1.191696583191515e-06,0.00044438420445658267
0.0004220693663228303,1.2295280384932994e-06,0.0004343646578490734
0.00041189734474755824,1.3383621535467682e-06,0.0004252809740137309
0.00040282649570144713,1.4245619013308897e-06,0.0004170721222180873
0.00039386600838042796,1.4179771596900537e-06,0.00040804577292874455
0.00038623542059212923,1.4886792314428021e-06,0.00040112220449373126
0.00038055222830735147,1.4044609315533307e-06,0.000394596834667027
0.000373524526366964,1.3767789823759813e-06,0.0003872923261951655
0.00036479299888014793,1.364924628433073e-06,0.0003784422588068992
0.000357951910700649,1.2806810900656274e-06,0.00037075873115099967
0.0003497165162116289,1.270477014259086e-06,0.00036242129863239825
0.00034343547304160893,1.168992184830131e-06,0.00035512540489435196
0.0003371015191078186,1.083865072359913e-06,0.00034794016391970217
0.0003299920936115086,1.040707729771384e-06,0.00034039915772154927
0.00032436312176287174,1.0329508768336382e-06,0.0003346926241647452
0.0003189413109794259,1.022259084493271e-06,0.0003291639150120318
0.0003145236987620592,9.455206395614368e-07,0.00032397889299318194
0.00030894161318428814,9.204330808643135e-07,0.00031814593239687383
0.00030441678245551884,8.331697927133064e-07,0.0003127484815195203
0.00029979029204696417,8.476106359012192e-07,0.0003082664043176919
0.00029524031560868025,8.378312941204058e-07,0.0003036186390090734
0.00029121380066499114,8.133770847962296e-07,0.00029934756457805634
0.00028662843396887183,8.370350315090036e-07,0.0002949987829197198
0.00028249219758436084,7.837622888473561e-07,0.00029032983002252877
0.0002772731240838766,8.09416462743684e-07,0.0002853672776836902
0.00027264285017736256,7.818032372597372e-07,0.0002804608957376331
0.00026737977168522775,7.694618489040295e-07,0.0002750743879005313
0.000261248234892264,8.090821665973635e-07,0.0002693390706554055
0.00025651699979789555,8.082591875790968e-07,0.0002645995991770178
0.00024929424398578703,8.243129059337662e-07,0.00025753738009370863
0.00024412536004092544,7.95727089553111e-07,0.0002520826237741858
0.00023891267483122647,7.794297403052042e-07,0.0002467069716658443
0.00023430350120179355,7.710017371209688e-07,0.0002420135133434087
0.0002300148771610111,7.16756744623126e-07,0.00023718245211057365
0.00022484874352812767,7.197442641881935e-07,0.00023204617900773883
0.00022092950530350208,7.234266377054155e-07,0.00022816377168055624
0.00021725459373556077,6.955517619644525e-07,0.00022421011817641556
0.0002132008521584794,6.043733264959883e-07,0.00021924458269495517
0.00020856576156802475,6.190033445818699e-07,0.00021475579706020653
0.00020480016246438026,6.263878731260775e-07,0.00021106403437443078
0.00020006908744107932,6.581002480743336e-07,0.00020665008923970163
0.00019706410239450634,6.420126510420232e-07,0.00020348423277027905
0.00019328085181768984,5.740780579799321e-07,0.00019902162603102624
0.00018976758292410523,5.538412324312958e-07,0.00019530599820427597
0.00018645876843947917,5.536975322684157e-07,0.0001919957430800423
0.00018324617121834308,5.60980481623119e-07,0.00018885597819462419
0.0001798683952074498,5.790523118776036e-07,0.000185658922418952
0.00017709506209939718,6.071125540074718e-07,0.00018316619389224797
0.00017468071018811315,5.961077249594382e-07,0.0001806417858460918
0.0001717896229820326,6.109377181928721e-07,0.00017789899720810354
0.0001690635399427265,6.24887661615503e-07,0.00017531242338009179
0.00016676312952768058,5.852200501976768e-07,0.0001726153277559206
0.00016369210788980126,6.117600719335314e-07,0.00016980970394797623
0.00016093383601401,6.60418095321802e-07,0.0001675380190135911
0.00015924805484246463,6.186762675497448e-07,0.00016543481615372002
0.0001574007183080539,5.948423904555966e-07,0.00016334914835169911
0.00015526478819083422,5.937331479799468e-07,0.00016120211512316018
0.0001537250936962664,5.580171773544862e-07,0.00015930525842122734
0.00015193241415545344,5.105937361804536e-07,0.00015703834651503712
0.00015037004777695984,5.087542831461178e-07,0.00015545758651569486
0.00014866678975522518,5.261182991489477e-07,0.0001539279764983803
0.00014676095452159643,5.564987191064574e-07,0.00015232594159897417
0.00014491105685010552,5.673670671058062e-07,0.00015058473218232393
0.00014293214189819992,5.938751428402611e-07,0.00014887089491821826
0.00014133316290099174,5.974903842798085e-07,0.00014730806287843734
0.0001392767735524103,6.119570343798841e-07,0.00014539634867105633
0.00013734954700339586,6.322708827610768e-07,0.00014367225230671465
0.0001362550538033247,6.250015758269001e-07,0.0001425050722900778
0.00013478299661073834,6.072434644011082e-07,0.00014085543807595968
0.00013293098891153932,6.004961505823303e-07,0.00013893595314584672
0.00013121278607286513,5.713604878110345e-07,0.00013692639186047018
0.0001295508845942095,5.495063533089706e-07,0.00013504594971891493
0.0001279044518014416,5.519047476809646e-07,0.0001334234984824434
0.00012677657650783658,5.156181259735604e-07,0.0001319327566307038
0.00012571486877277493,4.89477770315716e-07,0.000130609652842395
0.00012440966384019703,4.954800942869042e-07,0.00012936446000821888
0.0001235107920365408,4.851762014368433e-07,0.00012836256064474583
0.0001226472231792286,4.789300191987422e-07,0.00012743652041535825
0.00012120357132516801,4.859513182964292e-07,0.00012606308155227453
0.00011958152026636526,4.943158273817971e-07,0.00012452468217816204
0.0001182524865726009,4.930648174195085e-07,0.0001231831411132589
0.00011678108421619982,5.009707706449262e-07,0.00012179079203633592
0.00011578096746234223,4.826092663279269e-07,0.0001206070592161268
0.00011394722969271243,4.812586098523752e-07,0.00011875981726916507
0.00011243803601246327,4.6070840653555933e-07,0.00011704512144206092
0.00011096744856331497,4.4101363982917974e-07,0.00011537758109625429
0.00010956275218632072,4.4659878994934843e-07,0.00011402874224586412
0.00010793806723086163,4.4711265445585013e-07,0.00011240919411648065
0.0001068584606400691,4.3194700083404314e-07,0.00011117792746517807
0.00010535248293308541,4.3455091258692846e-07,0.00010969799041049555
0.0001041695213643834,4.2490148643992143e-07,0.00010841853509191424
0.00010309271601727232,4.216576030557917e-07,0.00010730929352575913
0.00010199214011663571,4.134289213197917e-07,0.0001061264265445061
0.00010105911496793851,3.8782314959462383e-07,0.00010493734589545056
0.00010005538206314668,3.634928589235642e-07,0.00010369031224399805
9.88687461358495e-05,3.691513938974822e-07,0.00010256026143906638
9.808562754187733e-05,3.4369838886050275e-07,0.00010152260801987723
9.701575618237257e-05,3.4769595913530793e-07,0.0001004927180474624
9.594776929588988e-05,3.346602284182154e-07,9.92943678284064e-05
9.506585047347471e-05,3.236460202060698e-07,9.830231283558533e-05
9.439052519155666e-05,3.1682162671131664e-07,9.755873907124624e-05
9.370023326482624e-05,3.0427219144257833e-07,9.674295142758638e-05
9.27202490856871e-05,3.054855142181623e-07,9.57751035457477e-05
9.166479139821604e-05,2.9840819593118795e-07,9.464887261856347e-05
9.08786678337492e-05,2.7990932949251146e-07,9.367775783175603e-05
9.01794628589414e-05,2.7429237547949015e-07,9.292238974012434e-05
8.915033686207607e-05,2.8106137506256346e-07,9.196095197694376e-05
8.833529864205047e-05,2.7200155727769015e-07,9.105531353270635e-05
8.731696289032698e-05,2.6085425020028197e-07,8.992550283437595e-05
8.647694630781189e-05,2.65379298980406e-07,8.913074270822108e-05
8.584066381445155e-05,2.6516178763813514e-07,8.84922847035341e-05
8.514540240867063e-05,2.463886232817458e-07,8.760928903939202e-05
8.440272358711809e-05,2.477732152783574e-07,8.688045636517927e-05
8.369868737645447e-05,2.4527182063138753e-07,8.615140541223809e-05
8.296714804600924e-05,2.3606246202234615e-07,8.532777428627014e-05
8.21297726361081e-05,2.433863244277745e-07,8.456363866571337e-05
8.130104106385261e-05,2.3945699467731174e-07,8.369560964638367e-05
8.062213601078838e-05,2.4126069320118404e-07,8.3034741692245e-05
7.980648661032319e-05,2.534673626541917e-07,8.234116103267297e-05
7.928653940325603e-05,2.390984832345566e-07,8.16775209386833e-05
7.866019586799666e-05,2.4454868707834976e-07,8.110568160191178e-05
7.802670734236017e-05,2.444257063416444e-07,8.047096343943849e-05
7.740758155705407e-05,2.394756393186981e-07,7.98023393144831e-05
7.690351048950106e-05,2.3907952595436655e-07,7.929430285003036e-05
7.652370550204068e-05,2.1972063279918075e-07,7.872091373428702e-05
7.598818774567917e-05,2.2864804805067251e-07,7.827466470189393e-05
7.554889452876523e-05,2.3394738946080906e-07,7.78883695602417e-05
7.519574137404561e-05,2.2589752290969045e-07,7.745471521047875e-05
7.458322215825319e-05,2.2508916686092562e-07,7.683411240577698e-05
7.412696140818298e-05,2.07950776598409e-07,7.620646647410467e-05
7.363222539424896e-05,1.9671198003834434e-07,7.559934601886198e-05
7.31965119484812e-05,1.9615740143308358e-07,7.515808829339221e-05
7.281749276444316e-05,1.8730290207713551e-07,7.469052070518956e-05
7.235148223116994e-05,1.84091291544064e-07,7.419239409500733e-05
7.181039109127596e-05,1.8772600185457122e-07,7.368765363935381e-05
7.118396752048284e-05,1.8103067134234152e-07,7.299427670659497e-05
7.072799053275958e-05,1.7723378675782442e-07,7.250032649608329e-05
7.000164623605087e-05,1.818591783830925e-07,7.182023546192795e-05
6.966337969060987e-05,1.7642838656684035e-07,7.142766116885468e-05
6.92533067194745e-05,1.6750789200159488e-07,7.092838495736942e-05
6.84379629092291e-05,1.8420789160700224e-07,7.028003892628476e-05
6.796090019633994e-05,1.8714823113441525e-07,6.983238563407212e-05
6.743934500264004e-05,1.8918096600373246e-07,6.933115218998864e-05
6.697412027278915e-05,1.910325693188497e-07,6.888444477226585e-05
6.652146839769557e-05,1.9316948396408407e-07,6.845316238468513e-05
6.617230246774852e-05,1.8304376681044232e-07,6.800273695262149e-05
6.596589082619175e-05,1.710675405774964e-07,6.767656304873526e-05
6.561270856764168e-05,1.7350032521790126e-07,6.734771159244701e-05
6.525736534968019e-05,1.741770603302939e-07,6.699913501506671e-05
6.497463618870825e-05,1.7017211462189152e-07,6.667635898338631e-05
6.464069883804768e-05,1.7560091691848356e-07,6.639670755248517e-05
6.442965241149068e-05,1.7517311334813712e-07,6.618138286285102e-05
6.412444054149091e-05,1.7151863573872106e-07,6.583962385775521e-05
6.374509393936023e-05,1.6818893300296622e-07,6.542698247358203e-05
6.336894875857979e-05,1.6831489801916177e-07,6.505209603346884e-05
6.29902133368887e-05,1.712202788439754e-07,6.470241351053119e-05
6.263425893848762e-05,1.7865170320874313e-07,6.442077574320138e-05
6.230785220395774e-05,1.7142797048563807e-07,6.402213330147788e-05
6.187751569086686e-05,1.6859084439602157e-07,6.356342055369169e-05
6.14730961387977e-05,1.7399145235685864e-07,6.321301043499261e-05
6.116587610449642e-05,1.7142394881375367e-07,6.288011354627088e-05
6.0857808421133086e-05,1.7578709332610742e-07,6.2615676142741e-05
6.064556509954855e-05,1.6493605414780177e-07,6.229492282727733e-05
6.034948819433339e-05,1.6113557421704172e-07,6.19608472334221e-05
6.004158058203757e-05,1.6239610545198957e-07,6.166554521769285e-05
5.976942338747904e-05,1.6049935425144213e-07,6.137441960163414e-05
5.9558573411777616e-05,1.5753130355733447e-07,6.113388371886685e-05
5.9288242482580245e-05,1.5824339527625852e-07,6.087067595217377e-05
5.906719889026135e-05,1.5121985086352652e-07,6.0579397541005164e-05
5.8694015024229884e-05,1.5443291090377897e-07,6.023834430379793e-05
5.8557026932248846e-05,1.4312550433714932e-07,5.998828055453487e-05
5.8320918469689786e-05,1.4199275710780057e-07,5.974084706394933e-05
5.813324969494715e-05,1.4101036072133866e-07,5.9543352108448744e-05
5.794705430162139e-05,1.3977668800180254e-07,5.9344820328988135e-05
5.772051008534618e-05,1.4018200999998953e-07,5.912232882110402e-05
5.741728818975389e-05,1.397234541400394e-07,5.88145230722148e-05
5.7165339967468753e-05,1.3624307371173927e-07,5.8527770306682214e-05
5.6989851145772263e-05,1.327089904634704e-07,5.8316942158853635e-05
5.6800789025146514e-05,1.337999151473923e-07,5.813878669869155e-05
5.660427996190265e-05,1.3281444921631191e-07,5.7932425988838077e-05
5.642743417411111e-05,1.313662494339951e-07,5.774109740741551e-05
5.627216523862444e-05,1.2911968383377825e-07,5.7563360314816236e-05
5.614535984932445e-05,1.2439097929473064e-07,5.738926847698167e-05
5.59600412088912e-05,1.262148288105891e-07,5.7222190662287176e-05
5.5766493460396305e-05,1.313387656409759e-07,5.707988020731136e-05
5.562975275097415e-05,1.3084189731671358e-07,5.693817001883872e-05
5.543375664274208e-05,1.2979452890249377e-07,5.673170380759984e-05
5.531707574846223e-05,1.2522745862497686e-07,5.656935172737576e-05
5.5176678870338947e-05,1.2312347053011763e-07,5.640791277983226e-05
5.507252353709191e-05,1.2019174278066203e-07,5.627444261335768e-05
5.48509560758248e-05,1.2539599936189916e-07,5.610491643892601e-05
5.467252049129456e-05,1.2419664585650025e-07,5.5914486438268796e-05
5.4550066124647856e-05,1.1850210057673394e-07,5.573508678935468e-05
5.435141429188661e-05,1.2070354671323003e-07,5.555844836635515e-05
5.4252253903541714e-05,1.1696720747522704e-07,5.542192593566142e-05
5.402399256126955e-05,1.223167913622092e-07,5.524716107174754e-05
5.3855943406233564e-05,1.2329614662576205e-07,5.5088905355660245e-05
5.374016473069787e-05,1.198603314378488e-07,5.493876960827038e-05
5.358411362976767e-05,1.1862991300404246e-07,5.477041122503579e-05
5.346245234250091e-05,1.1899624041689094e-07,5.465241338242777e-05
5.3358409786596894e-05,1.1529225218964712e-07,5.451133256428875e-05
5.320864875102416e-05,1.1661158794140647e-07,5.4374766477849334e-05
5.309175685397349e-05,1.1271643529653375e-07,5.421892274171114e-05
5.293045614962466e-05,1.1461243332178128e-07,5.407657954492606e-05
5.278857861412689e-05,1.1360241813918037e-07,5.3924602980259806e-05
5.265815707389265e-05,1.1390127951926843e-07,5.379716822062619e-05
5.25045397807844e-05,1.1215044537493668e-07,5.362604497349821e-05
5.2391438657650724e-05,1.101895819033416e-07,5.349333514459431e-05
5.227958536124788e-05,1.0827558583059727e-07,5.336234244168736e-05
5.215320561546832e-05,1.0463782018632628e-07,5.3199582907836884e-05
5.191058517084457e-05,1.092768826538304e-07,5.3003353968961164e-05
5.1774830353679135e-05,1.0750792256430941e-07,5.284991129883565e-05
5.160850560059771e-05,1.0730235544542666e-07,5.268152744974941e-05
5.1480368711054325e-05,1.036236270124391e-07,5.2516603318508714e-05
5.130544741405174e-05,1.0518988347030245e-07,5.235734715824947e-05
5.1087823521811515e-05,1.0722736476509453e-07,5.2160095947328955e-05
5.0912145525217056e-05,1.0916441084418693e-07,5.200379018788226e-05
5.080321352579631e-05,1.0567634234348589e-07,5.185997724765912e-05
5.069586404715665e-05,1.0430161268004667e-07,5.1738879847107455e-05
5.054427674622275e-05,1.0861417365504167e-07,5.163041714695282e-05
5.046367732575163e-05,1.0382765225358526e-07,5.15019528393168e-05
5.031678301747888e-05,1.069313313450948e-07,5.138609776622616e-05
5.021336619392969e-05,1.0575863029771426e-07,5.12709520990029e-05
5.009327651350759e-05,1.0418591500638286e-07,5.113513543619774e-05
4.9981415941147134e-05,1.0436973951755135e-07,5.102511204313487e-05
4.9844889872474596e-05,1.0772857450547235e-07,5.092217543278821e-05
4.9719274102244526e-05,1.095645245641208e-07,5.081492054159753e-05
4.966126289218664e-05,1.0495163138557473e-07,5.071077976026572e-05
4.9560472689336166e-05,1.0142407802504749e-07,5.057471207692288e-05
4.942145460518077e-05,1.0235184078055681e-07,5.0444974476704374e-05
4.932715091854334e-05,1.0042245435215591e-07,5.033137495047413e-05
4.917693149764091e-05,1.004003848947832e-07,5.0180933612864465e-05
4.905047899228521e-05,1.0132104932836228e-07,5.006368883186951e-05
4.89514677610714e-05,9.900867325995932e-08,4.994155460735783e-05
4.883915971731767e-05,9.810656109721094e-08,4.9820224376162514e-05
4.872066347161308e-05,9.81562067181585e-08,4.9702226533554494e-05
4.865135269938037e-05,9.393288280534762e-08,4.9590682465350255e-05
4.850424011237919e-05,9.739797235397418e-08,4.947822162648663e-05
4.843414717470296e-05,9.39237025932016e-08,4.937338235322386e-05
4.827047814615071e-05,9.625634334042843e-08,4.923304004478268e-05
4.8160338337766007e-05,9.560932312524528e-08,4.911643191007897e-05
4.8028781748143956e-05,9.697625102944585e-08,4.8998543206835166e-05
4.793536936631426e-05,9.470306139292006e-08,4.888240073341876e-05
4.787971556652337e-05,9.059669991984265e-08,4.878568142885342e-05
4.77555840916466e-05,9.311813187196094e-08,4.86867647850886e-05
4.7686135076219216e-05,9.136466871950688e-08,4.8599780711811036e-05
4.7599674871889874e-05,9.231955289124016e-08,4.852287020185031e-05
4.748749051941559e-05,9.198004846666663e-08,4.8407291615149006e-05
4.738493953482248e-05,9.28638286268324e-08,4.8313577281078324e-05
4.7313005779869854e-05,9.145658452780481e-08,4.822757182409987e-05
4.720529250334948e-05,9.359743557979527e-08,4.814126805285923e-05
4.715100658359006e-05,9.02401211533288e-08,4.805340722668916e-05
4.704274397226982e-05,9.124555333528406e-08,4.795519998879172e-05
4.694777089753188e-05,9.182508620142471e-08,4.786602221429348e-05
4.6822726289974526e-05,9.181088955756422e-08,4.774083572556265e-05
4.672322756960057e-05,9.320468308260388e-08,4.765527410199866e-05
4.664898733608425e-05,9.157364644352128e-08,4.7564724809490144e-05
4.6558197936974466e-05,8.87193891685456e-08,4.744539182865992e-05
4.6464880142593756e-05,8.915939275766505e-08,4.7356472350656986e-05
4.636716766981408e-05,8.863953837590088e-08,4.7253561206161976e-05
4.6302899136208e-05,8.60621156562047e-08,4.7163521230686456e-05
4.622509368346073e-05,8.676816776187479e-08,4.709277709480375e-05
4.6149729314493015e-05,8.459464595489408e-08,4.6995675802463666e-05
4.60425580968149e-05,8.478432533820524e-08,4.6890399971744046e-05
4.5952561777085066e-05,8.326694000970747e-08,4.678522964240983e-05
4.581191387842409e-05,8.494684777815564e-08,4.666138192988001e-05
4.573248952510767e-05,8.229233117162948e-08,4.6555411245208234e-05
4.560817251331173e-05,8.252413863374386e-08,4.643341526389122e-05
4.552321843220852e-05,8.146605523506878e-08,4.6337878302438185e-05
4.545382398646325e-05,7.864431950110884e-08,4.624026769306511e-05
4.537381755653769e-05,7.745749286414139e-08,4.614839417627081e-05
4.5220247557153925e-05,8.145618579646907e-08,4.6034809201955795e-05
4.5135260734241456e-05,7.953055813914034e-08,4.593056655721739e-05
4.502597585087642e-05,7.906847798722083e-08,4.581666144076735e-05
4.494208042160608e-05,7.676894142605306e-08,4.570977034745738e-05
4.4831529521616176e-05,7.980941774121675e-08,4.562962203635834e-05
4.4767708459403366e-05,7.786678679622128e-08,4.554637780529447e-05
4.468448969419114e-05,7.839980753487907e-08,4.5468488679034635e-05
4.462015567696653e-05,7.742524843479259e-08,4.539440851658583e-05
4.453644578461535e-05,7.818125169478662e-08,4.531825834419578e-05
4.4449694541981444e-05,7.775619081940022e-08,4.522725794231519e-05
4.4359152525430545e-05,7.888451136750518e-08,4.5147997298045084e-05
4.429456021171063e-05,7.801314438893314e-08,4.5074692025082186e-05
4.4233100197743624e-05,7.792253597926901e-08,4.501232615439221e-05
4.417307718540542e-05,7.806130497556296e-08,4.495368921197951e-05
4.409646135172807e-05,7.800299073323913e-08,4.487649130169302e-05
4.4005097151966766e-05,7.897367737541572e-08,4.479483322938904e-05
4.3965570512227714e-05,7.745552466076333e-08,4.4740125304087996e-05
4.388541856314987e-05,7.785823186168273e-08,4.46640005975496e-05
4.3793894292321056e-05,8.073308777056809e-08,4.460122363525443e-05
4.3735966755775735e-05,7.955949854476785e-08,4.453155997907743e-05
4.368055670056492e-05,7.911918942227203e-08,4.4471747969510034e-05
4.361064566182904e-05,7.955001990467281e-08,4.440614429768175e-05
4.3537973397178575e-05,7.944804991666388e-08,4.43324533989653e-05
4.344172702985816e-05,8.152598951483014e-08,4.425698716659099e-05
4.339559382060543e-05,8.081667601800291e-08,4.420375989866443e-05
4.335502308094874e-05,7.90863481370252e-08,4.4145886931801215e-05
4.329960938775912e-05,7.920399980321235e-08,4.4091648305766284e-05
4.3258434743620455e-05,7.88754093150601e-08,4.404718856676482e-05
4.3211399315623567e-05,7.797473244863795e-08,4.399114550324157e-05
4.319359504734166e-05,7.797616063953683e-08,4.397335578687489e-05
4.3157011532457545e-05,7.596560180900269e-08,4.391666880110279e-05
4.310453368816525e-05,7.694488601828198e-08,4.387398075778037e-05
4.307035851525143e-05,7.413886748963705e-08,4.3811745854327455e-05
4.302240995457396e-05,7.319727757248984e-08,4.375438220449723e-05
4.297388295526616e-05,7.305512639277367e-08,4.3704432755475864e-05
4.2904906877083704e-05,7.427023263062438e-08,4.364760752650909e-05
4.287287447368726e-05,7.262762835580361e-08,4.359914964879863e-05
4.280458961147815e-05,7.281651903667807e-08,4.3532756535569206e-05
4.275974060874432e-05,7.171912841386074e-08,4.3476931750774384e-05
4.26948863605503e-05,7.343964369965761e-08,4.3429281504359096e-05
4.266965333954431e-05,6.997272805620014e-08,4.336938218330033e-05
4.260618152329698e-05,6.946489605752504e-08,4.33008317486383e-05
4.257132241036743e-05,6.760559756457951e-08,4.3247378926025704e-05
4.2499399569351226e-05,6.948591391164882e-08,4.319425715948455e-05
4.244507726980373e-05,6.721284506738812e-08,4.311720476835035e-05
4.2392784962430596e-05,6.642528660449898e-08,4.305703623685986e-05
4.2316631152061746e-05,6.650978434663557e-08,4.298173007555306e-05
4.226418968755752e-05,6.605006319659878e-08,4.292469020583667e-05
4.222101051709615e-05,6.616096470679622e-08,4.288262061891146e-05
4.215907392790541e-05,6.647022132710845e-08,4.282377631170675e-05
4.2120576836168766e-05,6.61031691606695e-08,4.278160849935375e-05
4.209835242363624e-05,6.349499415136961e-08,4.273330341675319e-05
4.2017654777737334e-05,6.562996190950798e-08,4.2673953430494294e-05
4.193872518953867e-05,6.75903493174701e-08,4.261462891008705e-05
4.1900668293237686e-05,6.587235645838518e-08,4.2559393477858976e-05
4.182619886705652e-05,6.849876399428467e-08,4.25111866206862e-05
4.177851224085316e-05,6.816197384296174e-08,4.246013122610748e-05
4.173483102931641e-05,6.767371019122947e-08,4.241156784701161e-05
4.169482781435363e-05,6.636346938648785e-08,4.235846427036449e-05
0.5576861500740051,0.009289685636758804,0.650583028793335
0.0996892899274826,0.0037844181060791016,0.13753347098827362
0.053297050297260284,0.003358256770297885,0.08687961846590042
0.031052907928824425,0.002599563915282488,0.05704854428768158
0.01731637679040432,0.002494871150702238,0.042265087366104126
0.01074232254177332,0.002416841918602586,0.034910742193460464
0.007744546979665756,0.002358947414904833,0.03133402019739151
0.00600530207157135,0.002348297741264105,0.029488280415534973
0.0051031108014285564,0.0023438134230673313,0.028541244566440582
0.004595315083861351,0.002336906734853983,0.027964381501078606
0.004039436113089323,0.0023284743074327707,0.02732417918741703
0.0036130917724221945,0.002326861023902893,0.02688170224428177
0.0032387254759669304,0.002322147134691477,0.0264601968228817
0.0029730000533163548,0.0023191894870251417,0.026164894923567772
0.002751702908426523,0.0023213422391563654,0.025965124368667603
0.0026098310481756926,0.002319388324394822,0.025803713127970695
0.002400454133749008,0.0023185014724731445,0.025585468858480453
0.002228459808975458,0.0023182753939181566,0.02541121281683445
0.0020763613283634186,0.00231578154489398,0.025234177708625793
0.0019528911216184497,0.002314782002940774,0.02510070987045765
0.0018556908471509814,0.0023139643017202616,0.024995332583785057
0.0017621561419218779,0.002312283730134368,0.024884993210434914
0.001672882353886962,0.0023124483413994312,0.024797365069389343
0.0016099691856652498,0.002311611082404852,0.024726081639528275
0.0015337627846747637,0.0023117088712751865,0.024650851264595985
0.0014860075898468494,0.0023110401816666126,0.024596408009529114
0.0014294948196038604,0.0023107111919671297,0.024536605924367905
0.0013803516048938036,0.00231070164591074,0.024487368762493134
0.0013329170178622007,0.0023104471620172262,0.02443738840520382
0.0012875087559223175,0.002310556825250387,0.024393077939748764
0.001256899326108396,0.0023106583394110203,0.024363482370972633
0.0012298927176743746,0.0023105463478714228,0.024335356429219246
0.0011917256051674485,0.002310349838808179,0.024295223876833916
0.0011522963177412748,0.002310284646227956,0.024255141615867615
0.0011325185187160969,0.002309528412297368,0.024227801710367203
0.0011009769514203072,0.00230943295173347,0.02419530600309372
0.0010779141448438168,0.0023093516938388348,0.024171432480216026
0.0010435470612719655,0.0023092860355973244,0.024136407300829887
0.001008679042570293,0.0023086071014404297,0.024094749242067337
0.0009776551742106676,0.0023077467922121286,0.024055123329162598
0.0009461948648095131,0.0023073104675859213,0.024019300937652588
0.0009236077312380075,0.002306635957211256,0.0239899680018425
0.0008943384164012969,0.002306399866938591,0.02395833656191826
0.0008724494255147874,0.00230569951236248,0.023929445073008537
0.0008562355651520193,0.0023049807641655207,0.0239060427993536
0.0008410359732806683,0.0023040848318487406,0.023881884291768074
0.0008284327923320234,0.002302412874996662,0.02385256066918373
0.0008156435214914382,0.002298894105479121,0.02380458451807499
0.0008464053389616311,0.0022867985535413027,0.02371438965201378
0.002650298411026597,0.0019497527973726392,0.022147826850414276
0.005798276048153639,0.0008943434804677963,0.01474171131849289
0.0040351832285523415,0.00040862272726371884,0.008121410384774208
0.002780138049274683,0.00012992479605600238,0.004079386126250029
0.0016403428744524717,4.030406125821173e-05,0.002043383428826928
0.0012820803094655275,2.7268379199085757e-05,0.0015547641087323427
0.001111809047870338,2.067637069558259e-05,0.0013185727875679731
0.001045280252583325,1.7629077774472535e-05,0.0012215710012242198
0.0009373583015985787,1.3149796359357424e-05,0.0010688562178984284
0.0008880163077265024,1.0756419214885682e-05,0.0009955804562196136
0.0008434458868578076,9.442574082640931e-06,0.0009378716349601746
0.0008060397813096642,7.97286702436395e-06,0.0008857684442773461
0.0007837582961656153,7.190016731328797e-06,0.0008556584361940622
0.0007693373481743038,6.16941451880848e-06,0.0008310314733535051
0.0007521616644226015,5.31800969838514e-06,0.00080534175503999
0.0007304486352950335,4.706470008386532e-06,0.0007775133126415312
0.0007141350070014596,4.263885784894228e-06,0.0007567738648504019
0.0007014131406322122,4.002234163635876e-06,0.0007414355059154332
0.0006922854809090495,3.7536510717472993e-06,0.0007298219716176391
0.000681057688780129,3.4422503176756436e-06,0.0007154801860451698
0.0006705800187774003,3.1657968975196127e-06,0.0007022380013950169
0.0006595021695829928,3.1526687962468714e-06,0.0006910288357175887
0.0006528085214085877,3.0751662052352913e-06,0.0006835601525381207
0.0006468634819611907,2.908101123466622e-06,0.0006759444950148463
0.0006402709987014532,2.843177526301588e-06,0.00066870276350528
0.0006318205851130188,2.7325879727868596e-06,0.0006591464625671506
0.0006215913454070687,2.856440460163867e-06,0.0006501557654701173
0.0006159150507301092,2.7598184715316165e-06,0.0006435132236219943
0.0006123901694081724,2.7023393158742692e-06,0.0006394135416485369
0.0006053402321413159,2.6872555736190407e-06,0.0006322127883322537
0.0005984950112178922,2.5211106731148902e-06,0.0006237061461433768
0.0005910106119699776,2.4484377263434e-06,0.0006154949660412967
0.000586538459174335,2.38505526795052e-06,0.0006103889900259674
0.0005801036604680121,2.37010681303218e-06,0.0006038047140464187
0.000574012694414705,2.3729926397209056e-06,0.0005977426189929247
0.0005692580598406494,2.323090711797704e-06,0.0005924889701418579
0.0005610940279439092,2.332682015548926e-06,0.0005844208644703031
0.0005548472399823368,2.1905352696194313e-06,0.0005767525872215629
0.0005468835588544607,2.1695195755455643e-06,0.0005685787764377892
0.000541339919436723,2.076401869999245e-06,0.0005621039308607578
0.0005320252967067063,2.1987648324284237e-06,0.000554012949578464
0.0005232304101809859,2.1569048840319738e-06,0.000544799433555454
0.0005147799383848906,2.074008762065205e-06,0.00053552002646029
0.0005085706943646073,1.9382277969270945e-06,0.0005279529723338783
0.0004998284857720137,1.945327312569134e-06,0.000519281777087599
0.0004913226584903896,1.9161650470778113e-06,0.0005104843294247985
0.00048149554640986025,1.9304955003462965e-06,0.0005008004955016077
0.0004724508326034993,1.947401869983878e-06,0.0004919248749502003
0.00046615360770374537,1.937462684509228e-06,0.0004855282313656062
0.000461904623080045,1.8468756479705917e-06,0.00048037339001893997
0.00045609002700075507,1.7890265553432982e-06,0.00047398029710166156
0.0004494207969401032,1.6541678178327857e-06,0.000465962482849136
0.0004418078751768917,1.6462372514070012e-06,0.0004582702531479299
0.0004335678822826594,1.7124609712482197e-06,0.00045069248881191015
0.0004230467020533979,1.8543648820923408e-06,0.00044159035314805806
0.0004140274540986866,1.891870169856702e-06,0.00043294616625644267
0.0004057585902046412,1.8526393432694022e-06,0.00042428498272784054
0.0003985589719377458,1.8652241351446719e-06,0.00041721120942384005
0.00039183281478472054,1.8373960983808502e-06,0.00041020679054781795
0.00038464684621430933,1.7379732071276521e-06,0.0004020265769213438
0.00037516653537750244,1.6471726667077746e-06,0.0003916382556781173
0.0003674020408652723,1.5796257457623142e-06,0.0003831982903648168
0.00036024217843078077,1.4824938716628822e-06,0.00037506711669266224
0.0003527773660607636,1.4556176211044658e-06,0.00036733353044837713
0.0003460598236415535,1.325779180660902e-06,0.00035931760794483125
0.0003411516663618386,1.2903648212159169e-06,0.0003540553152561188
0.00033669444383122027,1.3449439393298235e-06,0.0003501438768580556
0.0003317147493362427,1.3092211474940996e-06,0.00034480696194805205
0.0003273662878200412,1.3265466805023607e-06,0.0003406317555345595
0.0003232225717511028,1.3331816717254696e-06,0.00033655439619906247
0.00031788652995601296,1.3111891803418985e-06,0.0003309984167572111
0.00031250945175997913,1.229915369549417e-06,0.00032480861409567297
0.0003076813300140202,1.2779211147062597e-06,0.0003204605309292674
0.00030515840626321733,1.2235801705173799e-06,0.00031739420956000686
0.0003014042158611119,1.2398464832585887e-06,0.0003138026804663241
0.00029650056967511773,1.2404810831867508e-06,0.0003089053789153695
0.0002913248026743531,1.258156544281519e-06,0.00030390635947696865
0.00028781802393496037,1.2454001989681274e-06,0.000300272018648684
0.0002851461758837104,1.240907295141369e-06,0.00029755523428320885
0.00028083103825338185,1.2762151300194091e-06,0.0002935931843239814
0.00027640588814392686,1.233992179550114e-06,0.0002887457958422601
0.00027272134320810437,1.2087568848073715e-06,0.00028480892069637775
0.0002691000117920339,1.1766752550101955e-06,0.0002808667777571827
0.0002654074924066663,1.104576995203388e-06,0.0002764532691799104
0.000262151617789641,1.097371864489105e-06,0.0002731253334786743
0.00025911282864399254,1.088232352230989e-06,0.00026999515830539167
0.00025672363699413836,1.0849462341866456e-06,0.00026757310843095183
0.0002536292013246566,1.1063355032092659e-06,0.0002646925568114966
0.000251053977990523,1.0658063729351852e-06,0.0002617120335344225
0.00024816629593260586,1.0759513315861113e-06,0.00025892580742947757
0.00024374648637603968,9.943464647221845e-07,0.0002536899410188198
0.00024038877745624632,9.500342912360793e-07,0.00024988912628032267
0.00023769240942783654,9.447464890399715e-07,0.0002471398620400578
0.00023433123715221882,9.878496030069073e-07,0.00024420974659733474
0.00023169371706899256,9.638077926865662e-07,0.0002413317997707054
0.0002269857213832438,9.42674148518563e-07,0.00023641246662009507
0.00022242777049541473,8.308921906063915e-07,0.00023073669581208378
0.0002190136001445353,8.041416208470764e-07,0.00022705501760356128
0.00021529004152398556,7.928959462333296e-07,0.00022321900178212672
0.00021250841382425278,7.894759619375691e-07,0.00022040317708160728
0.00020952770137228072,7.611029104737099e-07,0.00021713873138651252
0.0002062267594737932,7.633153131791914e-07,0.00021385990839917213
0.00020408468844834715,7.491830729122739e-07,0.0002115765237249434
0.00020219826546963304,7.623995657013438e-07,0.00020982226124033332
0.00019991751469206065,7.665182693017414e-07,0.0002075826923828572
0.00019774613610934466,7.640361445737653e-07,0.00020538650278467685
0.00019484508084133267,7.236770898089162e-07,0.0002020818501478061
0.00019252316269557923,7.035046110104304e-07,0.00019955821335315704
0.00019119595526717603,6.852553724456811e-07,0.0001980485103558749
0.00018912542145699263,6.711550213367445e-07,0.00019583696848712862
0.00018595173605717719,6.67973154122592e-07,0.00019263147260062397
0.0001834057184169069,6.634246574321878e-07,0.0001900399656733498
0.0001815303257899359,6.396564913302427e-07,0.00018792689661495388
0.00017929304158315063,6.173634119477356e-07,0.00018546667706687003
0.00017721558106131852,6.018465228407877e-07,0.00018323404947295785
0.00017563070286996663,5.710244295187294e-07,0.00018134094716515392
0.0001734201650833711,5.70430017887702e-07,0.00017912447219714522
0.0001720516593195498,5.829120368616714e-07,0.00017788077821023762
0.00017065538850147277,5.832788474435802e-07,0.00017648817447479814
0.00016824412159621716,6.25992356617644e-07,0.00017450404993724078
0.0001665273739490658,6.051392347217188e-07,0.0001725787587929517
0.0001643136201892048,5.865722414455377e-07,0.00017017933714669198
0.00016235084331128746,5.836087098032294e-07,0.00016818693256936967
0.00016106267867144197,5.737086894441745e-07,0.0001667997712502256
0.00015938001160975546,5.627748009828792e-07,0.00016500776109751314
0.00015803387213964015,5.390425030782353e-07,0.0001634242944419384
0.00015623465878888965,5.241107032816217e-07,0.00016147576388902962
0.00015505590999964625,5.096791255709832e-07,0.0001601527037564665
0.0001538105570944026,4.917502565149334e-07,0.00015872805670369416
0.00015218192129395902,4.6332559122674866e-07,0.00015681517834309489
0.00015095272101461887,4.566620077639527e-07,0.00015551934484392405
0.00014961091801524162,4.557519730497006e-07,0.00015416843234561384
0.00014781601203139871,4.406617506447219e-07,0.00015222262300085276
0.00014674721751362085,4.4245007302379236e-07,0.00015117171278689057
0.00014476029900833964,4.453034989637672e-07,0.00014921333058737218
0.00014345842646434903,4.187538422684156e-07,0.00014764595835004002
0.0001418767060386017,4.2973471181539935e-07,0.00014617404667660594
0.0001397778105456382,4.5801107262377627e-07,0.00014435792400036007
0.00013849262904841453,4.390536219034402e-07,0.00014288316015154123
0.00013691664207726717,4.383352347758773e-07,0.0001412999990861863
0.0001354087289655581,4.468761289899703e-07,0.00013987749116495252
0.0001339985174126923,4.550465746433474e-07,0.000138548988616094
0.0001325953344348818,4.777440949510492e-07,0.00013737277186010033
0.00013148605648893863,4.93015193114843e-07,0.00013641620171256363
0.00013044152001384646,4.827069233215298e-07,0.00013526859402190894
0.00012931338278576732,4.755471252337884e-07,0.00013406886137090623
0.00012782866542693228,4.826347321795765e-07,0.00013265501183923334
0.0001261064171558246,5.130294766786392e-07,0.00013123670942150056
0.0001250106724910438,5.170331860426813e-07,0.000130180997075513
0.00012376383529044688,5.171492603039951e-07,0.00012893532402813435
0.00012269757280591875,5.073228521723649e-07,0.0001277708070119843
0.00012169379624538124,5.094025823382253e-07,0.0001267878251383081
0.00012063210306223482,5.018454771743563e-07,0.00012565056385938078
0.00011996424291282892,4.836011271436291e-07,0.00012480025179684162
0.00011933742644032463,4.68182747681567e-07,0.00012401925050653517
0.00011858272773679346,4.3623793999358895e-07,0.00012294510088395327
0.0001174190329038538,4.166160465501889e-07,0.00012158519530203193
0.00011614630784606561,4.0095244457916124e-07,0.0001201558334287256
0.00011518810060806572,4.1341820633533644e-07,0.00011932228517252952
0.00011421508679632097,4.148321295360802e-07,0.00011836340854642913
0.00011273496056674048,4.065227869887167e-07,0.00011680019088089466
0.00011155974789289758,4.0664622247277293e-07,0.00011562620784388855
0.00011015703057637438,4.0808330936670245e-07,0.00011423786054365337
0.00010900220513576642,3.9865912526693137e-07,0.0001129887969000265
0.00010814252163982019,3.8244340316850867e-07,0.00011196695413673297
0.0001072486411430873,3.810865791820106e-07,0.00011105950397904962
0.00010628004383761436,3.7775666328343505e-07,0.00011005761189153418
0.00010547468991717324,3.6240152212485555e-07,0.00010909870616160333
0.00010443107021274045,3.606265863709268e-07,0.00010803733312059194
0.00010354687401559204,3.5757841487793485e-07,0.00010712265793699771
0.0001027860926114954,3.534481152200897e-07,0.00010632057092152536
0.00010204571299254894,3.4805043469532393e-07,0.00010552621824899688
0.00010134821786778048,3.44686156950047e-07,0.00010479507909622043
0.00010058299812953919,3.368271848103177e-07,0.00010395127173978835
0.00010002408816944808,3.243774244765518e-07,0.00010326786286896095
9.94634028756991e-05,3.1371808972835424e-07,0.00010260058479616418
9.883987513603643e-05,3.079769896885409e-07,0.00010191964247496799
9.79681863100268e-05,3.008527755810064e-07,0.00010097671474795789
9.724831761559471e-05,2.798296350192686e-07,0.00010004661453422159
9.659211355028674e-05,2.7242185751674697e-07,9.931633394444361e-05
9.608983236830682e-05,2.7261711466053384e-07,9.881600271910429e-05
9.545322973281145e-05,2.7197367558073893e-07,9.817296813707799e-05
9.483118628850207e-05,2.8073978342035844e-07,9.763858543010429e-05
9.398516704095528e-05,2.6523031237957184e-07,9.663747187005356e-05
9.340199903817847e-05,2.4962594125099713e-07,9.589825640432537e-05
9.287349530495703e-05,2.4694466560504225e-07,9.534294076729566e-05
9.203973604599014e-05,2.464209387653682e-07,9.450394281884655e-05
9.130468242801726e-05,2.54504527674726e-07,9.384972508996725e-05
9.043062891578302e-05,2.574043946879101e-07,9.300467354478315e-05
8.964879089035094e-05,2.73149368013037e-07,9.2380287242122e-05
8.905392314773053e-05,2.744491780504177e-07,9.179841435980052e-05
8.825344411889091e-05,2.810728005897545e-07,9.106416837312281e-05
8.738265751162544e-05,2.787959942907037e-07,9.017061529448256e-05
8.674648415762931e-05,2.538572800858674e-07,8.92850584932603e-05
8.62284578033723e-05,2.3750021682644729e-07,8.860346133587882e-05
8.570145291741937e-05,2.408524437669257e-07,8.810997678665444e-05
8.506722224410623e-05,2.3654996539335116e-07,8.743272337596864e-05
8.427228021901101e-05,2.2698739599036344e-07,8.65421534399502e-05
8.354618330486119e-05,2.381562751452293e-07,8.592774975113571e-05
8.297468593809754e-05,2.389549820236425e-07,8.536423410987481e-05
8.24088929221034e-05,2.4298250878018735e-07,8.48387207952328e-05
8.220424933824688e-05,2.3545430849480908e-07,8.455879287794232e-05
8.171155059244484e-05,2.323613443877548e-07,8.403516403632239e-05
8.129030902637169e-05,2.32001070799015e-07,8.361032087123021e-05
8.082100976025686e-05,2.3384546921079163e-07,8.315946615766734e-05
8.049373718677089e-05,2.2787256170886394e-07,8.277246524812654e-05
8.005392737686634e-05,2.2892197648616275e-07,8.234314736910164e-05
7.943018135847524e-05,2.2722224457538687e-07,8.170240471372381e-05
7.89724726928398e-05,2.332371593638527e-07,8.130484638968483e-05
7.846143853385001e-05,2.3494183665206947e-07,8.081085979938507e-05
7.80208720243536e-05,2.3750212108097912e-07,8.039589010877535e-05
7.767018541926518e-05,2.4785649088698847e-07,8.014874765649438e-05
7.731942605460063e-05,2.3752423317091598e-07,7.969466969370842e-05
7.677705434616655e-05,2.3666579807013477e-07,7.914371235528961e-05
7.625804573763162e-05,2.367613518572398e-07,7.862565689720213e-05
7.595590432174504e-05,2.2582152325867355e-07,7.82141214585863e-05
7.552421448053792e-05,2.3034240825836605e-07,7.782763714203611e-05
7.511205330956727e-05,2.2297329849152447e-07,7.734178507234901e-05
7.466854731319472e-05,2.2558461409971642e-07,7.692439248785377e-05
7.430512050632387e-05,2.2638634789018397e-07,7.656898378627375e-05
7.398276648018509e-05,2.1708439135181834e-07,7.615360664203763e-05
7.356214337050915e-05,2.2206032213034632e-07,7.578274380648509e-05
7.301749428734183e-05,2.2512659825224546e-07,7.526876288466156e-05
7.232949428725988e-05,2.3183666542081482e-07,7.46478617656976e-05
7.19616436981596e-05,2.2296767099305725e-07,7.419131725328043e-05
7.149164594011381e-05,2.1677351469406858e-07,7.36593792680651e-05
7.101250230334699e-05,2.209750959991652e-07,7.322225428652018e-05
7.057242328301072e-05,2.2278409517184627e-07,7.280026329681277e-05
7.016908057266846e-05,2.195114632286277e-07,7.236419332912192e-05
6.967264198465273e-05,2.24180155328213e-07,7.19144445611164e-05
6.913366814842448e-05,2.273112613693229e-07,7.140677917050198e-05
6.862768350401893e-05,2.2839212476810644e-07,7.091160659911111e-05
6.83305916027166e-05,2.2606946004088968e-07,7.059128256514668e-05
6.783701246604323e-05,2.3216470879106055e-07,7.015866140136495e-05
6.749647582182661e-05,2.286875684376355e-07,6.978335295571014e-05
6.710928573738784e-05,2.2670278099212737e-07,6.937631405889988e-05
6.681768718408421e-05,2.149961062514194e-07,6.896764534758404e-05
6.640648643951863e-05,2.1997757926328632e-07,6.860626308480278e-05
6.608340481761843e-05,2.153557261408423e-07,6.823696458013728e-05
6.576355372089893e-05,2.150441389403568e-07,6.79139920976013e-05
6.523841875605285e-05,2.1940374494988646e-07,6.743245467077941e-05
6.490330270025879e-05,2.1647389303325326e-07,6.706803833367303e-05
6.459755240939558e-05,2.131752125933417e-07,6.672930612694472e-05
6.41101723886095e-05,2.1201911692969588e-07,6.62303646095097e-05
6.382572610164061e-05,2.0868081662683835e-07,6.591253622900695e-05
6.353405478876084e-05,2.0209012063787668e-07,6.55549592920579e-05
6.313460471574217e-05,1.9460702560536447e-07,6.508067599497736e-05
6.29252172075212e-05,1.9002149542757252e-07,6.48254354018718e-05
6.249237776501104e-05,1.990448481592466e-07,6.448282510973513e-05
6.212068547029048e-05,1.937031868237682e-07,6.405772001016885e-05
6.18386548012495e-05,1.8514222688281734e-07,6.369008042383939e-05
6.161079363664612e-05,1.83481887461312e-07,6.344561552396044e-05
6.138929893495515e-05,1.7962273091143288e-07,6.318552914308384e-05
6.111805123509839e-05,1.7968935139833775e-07,6.291494355536997e-05
6.0826525441370904e-05,1.7808099528338062e-07,6.260733789531514e-05
6.0477599618025124e-05,1.811157090969573e-07,6.228876009117812e-05
6.010112338117324e-05,1.7489116999058751e-07,6.185003439895809e-05
5.967895049252547e-05,1.7416942910131183e-07,6.142064376035705e-05
5.9349709772504866e-05,1.7166200905194273e-07,6.106632645241916e-05
5.897818482480943e-05,1.7094401982831187e-07,6.0687623772537336e-05
5.864286140422337e-05,1.7265537621824478e-07,6.036941340425983e-05
5.831027738167904e-05,1.741920101494543e-07,6.005219620419666e-05
5.813190364278853e-05,1.7112211025960278e-07,5.984312520013191e-05
5.799785867566243e-05,1.6876975905688596e-07,5.968555706203915e-05
5.7730681874090806e-05,1.7380766337282694e-07,5.9468758990988135e-05
5.753319783252664e-05,1.7163714005619113e-07,5.924957076786086e-05
5.7214536354877055e-05,1.6976042616079212e-07,5.891214095754549e-05
5.70204938412644e-05,1.612445572618526e-07,5.863294063601643e-05
5.678550587617792e-05,1.597532559571846e-07,5.838303695782088e-05
5.649259401252493e-05,1.5436546618730063e-07,5.803625026601367e-05
5.617823626380414e-05,1.573478414229612e-07,5.77517130295746e-05
5.5873944802442566e-05,1.51863162045629e-07,5.7392575399717316e-05
5.559805504162796e-05,1.5458216751085274e-07,5.714387589250691e-05
5.539899939321913e-05,1.5200042469132313e-07,5.691900514648296e-05
5.517559475265443e-05,1.4645704027316242e-07,5.66401649848558e-05
5.4954409279162064e-05,1.4985874940975918e-07,5.6452998251188546e-05
5.4777407058281824e-05,1.4099248346610693e-07,5.618733121082187e-05
5.4395281040342525e-05,1.4911329060396383e-07,5.588641215581447e-05
5.4203479521675035e-05,1.4758082045318588e-07,5.567928747041151e-05
5.411308302427642e-05,1.4144509918878612e-07,5.5527532822452486e-05
5.391987360781059e-05,1.4010555560162175e-07,5.532092836801894e-05
5.3693089284934103e-05,1.396323057178961e-07,5.508941103471443e-05
5.347610931494273e-05,1.3958714362161118e-07,5.487197995535098e-05
5.331122883944772e-05,1.3617432159662712e-07,5.467297160066664e-05
5.313952351571061e-05,1.323894878169085e-07,5.4463416745420545e-05
5.301714554661885e-05,1.2708954955087393e-07,5.4288040701067075e-05
5.282850543153472e-05,1.2695170426013647e-07,5.409802179201506e-05
5.2627507102442905e-05,1.309765167434307e-07,5.39372704224661e-05
5.2405936003196985e-05,1.3496715212113486e-07,5.3755607950733975e-05
5.222504478297196e-05,1.380209937451582e-07,5.360525392461568e-05
5.209301525610499e-05,1.3775240859104088e-07,5.3470539569389075e-05
5.197641075938009e-05,1.325692409182011e-07,5.3302104788599536e-05
5.1774757594102994e-05,1.363212618343823e-07,5.313797009875998e-05
5.162007437320426e-05,1.3701713896807632e-07,5.299024633131921e-05
5.1429531595204026e-05,1.414338584027064e-07,5.284386861603707e-05
5.125047391629778e-05,1.4184612950884912e-07,5.2668936405098066e-05
5.1099505071761087e-05,1.3941476595391578e-07,5.249365131021477e-05
5.090659760753624e-05,1.4176940510424174e-07,5.232429248280823e-05
5.072977364761755e-05,1.4606949605422415e-07,5.2190469432389364e-05
5.061828051111661e-05,1.4286624150372518e-07,5.204694389249198e-05
5.047806916991249e-05,1.410856498296198e-07,5.1888924645027146e-05
5.029784733778797e-05,1.4291995853454864e-07,5.1727045502047986e-05
5.016330032958649e-05,1.413588961440837e-07,5.1576887926785275e-05
5.004615377401933e-05,1.381645802212006e-07,5.142779991729185e-05
4.988193541066721e-05,1.385031822564997e-07,5.126696851220913e-05
4.968132998328656e-05,1.374811517962371e-07,5.105614036438055e-05
4.951948722009547e-05,1.3410743804342928e-07,5.08605626237113e-05
4.940441795042716e-05,1.3350152983093722e-07,5.073943248135038e-05
4.926015390083194e-05,1.3203627702296217e-07,5.0580518291099e-05
4.911798896500841e-05,1.3042202340329823e-07,5.0422208005329594e-05
4.892674769507721e-05,1.3417397326520586e-07,5.026848884881474e-05
4.881966742686927e-05,1.297823075674387e-07,5.011749090044759e-05
4.869409531238489e-05,1.295957190450281e-07,4.999005250283517e-05
4.862136847805232e-05,1.2357612888536096e-07,4.985712803318165e-05
4.847811214858666e-05,1.2587155140408868e-07,4.9736827349988744e-05
4.840578912990168e-05,1.2224857925957622e-07,4.9628273700363934e-05
4.832681952393614e-05,1.193387220155273e-07,4.9520207539899275e-05
4.8288846301147714e-05,1.2070714205947297e-07,4.949591675540432e-05
4.8118348786374554e-05,1.2344966648925038e-07,4.935284596285783e-05
4.8008256271714345e-05,1.2282276884434395e-07,4.9236485210713e-05
4.787792204297148e-05,1.2390948711527017e-07,4.9117017624666914e-05
4.776243804371916e-05,1.2650866665353533e-07,4.902752334601246e-05
4.7707337216706946e-05,1.2328688114848774e-07,4.894020457868464e-05
4.75894266855903e-05,1.2269308058421302e-07,4.881635686615482e-05
4.7437355533475056e-05,1.2097019919110608e-07,4.864705624640919e-05
4.736336995847523e-05,1.161624396672778e-07,4.852499478147365e-05
4.729381180368364e-05,1.1298536151116423e-07,4.8423666157759726e-05
4.7207140596583486e-05,1.1098512686658069e-07,4.831699334317818e-05
4.709959102910943e-05,1.1126179799703095e-07,4.821220863959752e-05
4.694968447438441e-05,1.1405916922058168e-07,4.809027450392023e-05
4.679528501583263e-05,1.1258883603204595e-07,4.792117397300899e-05
4.6687917347298935e-05,1.109209222249774e-07,4.779712617164478e-05
4.656509918277152e-05,1.1287245627045195e-07,4.76938221254386e-05
4.648831600206904e-05,1.1205041516859637e-07,4.76088207506109e-05
4.635755976778455e-05,1.125821071923383e-07,4.7483379603363574e-05
4.624071516445838e-05,1.1138740063643127e-07,4.735458787763491e-05
4.6136796299833804e-05,1.1199561811281455e-07,4.7256751713575795e-05
4.60661540273577e-05,1.1160821600242343e-07,4.7182234993670136e-05
4.5983135350979865e-05,1.0916987491782493e-07,4.7074834583327174e-05
4.592782352119684e-05,1.0538602168708167e-07,4.698168413597159e-05
4.579055166686885e-05,1.076972608871074e-07,4.686752436100505e-05
4.5677454181713983e-05,1.0795003646535406e-07,4.6756955271121114e-05
4.55798399343621e-05,1.0821275964190136e-07,4.666196764446795e-05
4.544731928035617e-05,1.0949423767669941e-07,4.65422599518206e-05
4.5352917368290946e-05,1.0904423675128783e-07,4.644336149794981e-05
4.524233372649178e-05,1.1085855788905974e-07,4.635092045646161e-05
4.517850902630016e-05,1.0722377652427895e-07,4.625074507202953e-05
4.505271863308735e-05,1.1030041946469282e-07,4.6155721065588295e-05
4.4985816202824935e-05,1.1070461169992996e-07,4.6092864067759365e-05
4.492037624004297e-05,1.104485178871073e-07,4.6024862967897207e-05
4.481639189179987e-05,1.1384669562630734e-07,4.595485734171234e-05
4.4749685912393034e-05,1.1417845513506109e-07,4.5891469198977575e-05
4.467110557015985e-05,1.1516311104742272e-07,4.582273686537519e-05
4.459773117559962e-05,1.1400539534633936e-07,4.573778642225079e-05
4.4509550207294524e-05,1.1261209920121473e-07,4.5635671995114535e-05
4.442910721991211e-05,1.1146472189693668e-07,4.5543754822574556e-05
4.432326022651978e-05,1.1101438701643929e-07,4.543340401141904e-05
4.421339326654561e-05,1.1370377706043655e-07,4.53504326287657e-05
4.415600415086374e-05,1.1241603914413645e-07,4.5280165068106726e-05
4.407143569551408e-05,1.0892694035646855e-07,4.5160704758018255e-05
4.399031968205236e-05,1.0785016968384298e-07,4.506882032728754e-05
4.387754961499013e-05,1.0893940327605378e-07,4.4966942368773744e-05
4.380657628644258e-05,1.0719440979300998e-07,4.487852129386738e-05
4.370243914308958e-05,1.096856721005679e-07,4.479929702938534e-05
4.3609186832327396e-05,1.1099171359774118e-07,4.471910506254062e-05
4.353214899310842e-05,1.0993723975616376e-07,4.463152072275989e-05
4.344724220572971e-05,1.1164013358211378e-07,4.456364331417717e-05
4.3385189201217145e-05,1.1017110068678448e-07,4.448690015124157e-05
4.330911542638205e-05,1.1105384345455604e-07,4.441965211299248e-05
4.3256244680378586e-05,1.087958807488576e-07,4.4344204070512205e-05
4.319663639762439e-05,1.0859306343036224e-07,4.428256579558365e-05
4.312348391977139e-05,1.0757378277048701e-07,4.4199223339091986e-05
4.303924288251437e-05,1.0836195940555626e-07,4.412286216393113e-05
4.300260843592696e-05,1.0531371685829072e-07,4.4055745092919096e-05
4.294141035643406e-05,1.0652163950908289e-07,4.4006625103065744e-05
4.2925206798827276e-05,1.070716848516895e-07,4.399592216941528e-05
4.2906394810415804e-05,1.0266703043271264e-07,4.393306517158635e-05
4.285752947907895e-05,9.987844862280326e-08,4.3856314732693136e-05
4.2790259612957016e-05,1.0067580547001853e-07,4.379701931611635e-05
4.272141813999042e-05,1.0027397934209148e-07,4.3724157876567915e-05
4.2610867240000516e-05,1.0186041521365041e-07,4.362947220215574e-05
4.251680365996435e-05,1.038369958905605e-07,4.3555173760978505e-05
4.242578143021092e-05,1.054446698844913e-07,4.348022775957361e-05
4.2341198422946036e-05,1.0396595939710096e-07,4.33808563684579e-05
4.227524550515227e-05,1.0061786781534465e-07,4.328142313170247e-05
4.219500260660425e-05,9.958787927644153e-08,4.319088111515157e-05
4.210933911963366e-05,1.0005071260366094e-07,4.31098451372236e-05
4.204925426165573e-05,9.851420657014387e-08,4.3034397094743326e-05
4.1996012441813946e-05,9.781017240584333e-08,4.297411578590982e-05
4.192569758743048e-05,9.863330063808462e-08,4.291203003958799e-05
4.1844490624498576e-05,9.815111923217046e-08,4.282600275473669e-05
4.177246955805458e-05,9.739824236021377e-08,4.274645107216202e-05
4.1667175537440926e-05,9.946099055468949e-08,4.266178439138457e-05
4.160729076829739e-05,9.806483092233975e-08,4.2587940697558224e-05
4.1489787690807134e-05,1.0087622115406703e-07,4.249854828231037e-05
4.136207644478418e-05,1.0172351494475151e-07,4.237930988892913e-05
4.1289567889180034e-05,9.826958091707638e-08,4.2272262362530455e-05
4.118545257369988e-05,9.977038217812151e-08,4.218315734760836e-05
4.110396184842102e-05,9.854141325149612e-08,4.208937752991915e-05
4.1016170143848285e-05,9.8088619893133e-08,4.199705654173158e-05
4.094298492418602e-05,9.59163344305125e-08,4.190214895061217e-05
4.088299101567827e-05,9.348793383878728e-08,4.1817871533567086e-05
4.079355494468473e-05,9.491849084497517e-08,4.174273999524303e-05
4.0781400457490236e-05,9.528171318606837e-08,4.173421621089801e-05
4.071008152095601e-05,9.469222561619972e-08,4.16570037486963e-05
4.0704482671571895e-05,9.470180373227777e-08,4.165149948676117e-05
4.0625189285492525e-05,9.429896863366594e-08,4.1568178858142346e-05
4.056285251863301e-05,9.440127257676068e-08,4.150686436332762e-05
4.046983303851448e-05,9.370876341563417e-08,4.14069218095392e-05
4.0402352169621736e-05,9.355517249787226e-08,4.1337902075611055e-05
4.0326587622985244e-05,9.200535089348705e-08,4.124663973925635e-05
4.0239559893961996e-05,9.302597447913286e-08,4.1169820178765804e-05
4.024025110993534e-05,9.08803627908128e-08,4.1149054595734924e-05
4.019029438495636e-05,9.011779411594034e-08,4.1091472667176276e-05
4.010811971966177e-05,9.296085323740044e-08,4.103772880625911e-05
4.0075756260193884e-05,9.055072780483897e-08,4.098126373719424e-05
4.0052251279121265e-05,8.907768034305263e-08,4.0943028579931706e-05
3.9981401641853154e-05,9.066016559700074e-08,4.0888004150474444e-05
3.991610719822347e-05,9.103916909225518e-08,4.082650048076175e-05
3.987914897152223e-05,8.823148078818122e-08,4.076146433362737e-05
3.980823385063559e-05,8.783774063658711e-08,4.068661291967146e-05
3.970793477492407e-05,8.999752765248559e-08,4.060790888615884e-05
3.9653976273257285e-05,8.865060863172403e-08,4.05404825869482e-05
3.9574944821652025e-05,8.857305289211581e-08,4.046067624585703e-05
3.9495487726526335e-05,8.831780462514871e-08,4.037866528960876e-05
3.942315379390493e-05,8.691087316492485e-08,4.0292263292940333e-05
3.9354661566903815e-05,8.589663025304617e-08,4.0213628381025046e-05
3.9267448300961405e-05,8.484482805215521e-08,4.0115897718351334e-05
3.9176193240564317e-05,8.500057901983382e-08,4.002619971288368e-05
3.90922068618238e-05,8.625325875755152e-08,3.995473889517598e-05
3.9036782254697755e-05,8.615521096544398e-08,3.989833567175083e-05
3.9011240005493164e-05,8.500360593188816e-08,3.9861275581642985e-05
3.8972168113105e-05,8.545758589662e-08,3.982674388680607e-05
3.894142355420627e-05,8.32525728355904e-08,3.9773949538357556e-05
3.8903672248125076e-05,8.226564318647434e-08,3.9726328395772725e-05
3.88388434657827e-05,8.240516535806819e-08,3.9662896597292274e-05
3.8789556128904223e-05,7.903649645868427e-08,3.9579921576660126e-05
3.873372043017298e-05,7.927654621653346e-08,3.952648694394156e-05
3.868226849590428e-05,7.74063266817393e-08,3.945633216062561e-05
3.8614878576481715e-05,7.91167309444063e-08,3.940604437957518e-05
3.854032183880918e-05,7.891078723787359e-08,3.9329428545897827e-05
3.84793893317692e-05,7.842054117190855e-08,3.9263595681404695e-05
3.842555815936066e-05,7.793092038355098e-08,3.9204867789521813e-05
3.838840711978264e-05,7.603233598274528e-08,3.914873013854958e-05
3.835869938484393e-05,7.50068807064963e-08,3.910876694135368e-05
3.8284826587187126e-05,7.768711185462962e-08,3.9061698771547526e-05
3.826679676421918e-05,7.667320289783675e-08,3.9033529901644215e-05
3.820892743533477e-05,7.726008988129252e-08,3.8981528632575646e-05
3.8162001146702096e-05,7.806765722762066e-08,3.8942678656894714e-05
3.812728027696721e-05,7.788626277260846e-08,3.890614243573509e-05
3.80964447685983e-05,7.666480428270006e-08,3.8863094232510775e-05
