pde_loss,bc_loss,total_loss
6.069665431976318,10.355586051940918,109.62552642822266
2.8408098220825195,2.596344470977783,28.80425262451172
2.769075393676758,0.9976396560668945,12.745471954345703
2.626142740249634,0.4521503448486328,7.147645950317383
2.262288808822632,0.5159990191459656,7.422279357910156
1.9198052883148193,0.3080971837043762,5.000777244567871
1.6718432903289795,0.3350062072277069,5.021905422210693
1.326673150062561,0.3092194199562073,4.418867111206055
0.9917704463005066,0.22024321556091309,3.1942026615142822
0.7477986812591553,0.20452091097831726,2.7930078506469727
0.551098644733429,0.1846211552619934,2.397310256958008
0.41116929054260254,0.1495027244091034,1.9061965942382812
0.33275648951530457,0.09449237585067749,1.2776802778244019
0.27124834060668945,0.07917100191116333,1.0629583597183228
0.22038576006889343,0.06449019908905029,0.8652877807617188
0.2065165638923645,0.04896658658981323,0.6961824297904968
0.22586371004581451,0.05080024525523186,0.7338661551475525
0.22032377123832703,0.059945471584796906,0.8197784423828125
0.17971624433994293,0.0394139401614666,0.5738556385040283
0.13027839362621307,0.030158571898937225,0.4318641424179077
0.09350337833166122,0.038383107632398605,0.47733446955680847
0.08305380493402481,0.0354192852973938,0.4372466504573822
0.08877357840538025,0.030200131237506866,0.3907748758792877
0.08383895456790924,0.04050040990114212,0.48884302377700806
0.07933114469051361,0.02758157067000866,0.3551468253135681
0.08227331191301346,0.03272194042801857,0.40949270129203796
0.08194344490766525,0.02926076203584671,0.37455105781555176
0.08489923924207687,0.03787009418010712,0.46360018849372864
0.09950201958417892,0.0263730026781559,0.3632320463657379
0.11935309320688248,0.026876017451286316,0.38811326026916504
0.12311514467000961,0.029225947335362434,0.41537463665008545
0.10763530433177948,0.01996704936027527,0.30730581283569336
0.09099484235048294,0.017000602558255196,0.2610008716583252
0.08524931222200394,0.020585674792528152,0.29110604524612427
0.07799911499023438,0.019071605056524277,0.26871517300605774
0.07210896164178848,0.023899545893073082,0.311104416847229
0.06811723858118057,0.02014579251408577,0.2695751488208771
0.0680648684501648,0.025004666298627853,0.3181115388870239
0.06701622158288956,0.02433232218027115,0.31033945083618164
0.06485893577337265,0.017375139519572258,0.23861032724380493
0.06907402724027634,0.013206729665398598,0.2011413276195526
0.07937227934598923,0.019484076648950577,0.274213045835495
0.08220899850130081,0.014360146597027779,0.2258104681968689
0.07805171608924866,0.018598586320877075,0.2640375792980194
0.07720969617366791,0.01612045243382454,0.2384142130613327
0.08109160512685776,0.019689084962010384,0.2779824435710907
0.07708966732025146,0.015392901375889778,0.23101867735385895
0.06946541368961334,0.014764660969376564,0.21711201965808868
0.06618616729974747,0.012539632618427277,0.19158250093460083
0.0663585439324379,0.01911759003996849,0.2575344443321228
0.061392661184072495,0.015071946196258068,0.21211212873458862
0.05551169812679291,0.018006522208452225,0.23557691276073456
0.055828504264354706,0.017104890197515488,0.22687742114067078
0.061028946191072464,0.013146698474884033,0.1924959272146225
0.061114754527807236,0.010789033025503159,0.16900508105754852
0.05870917811989784,0.01909790374338627,0.24968820810317993
0.059527382254600525,0.018243346363306046,0.24196083843708038
0.06321585923433304,0.010042347013950348,0.16363933682441711
0.06390506774187088,0.010587645694613457,0.16978153586387634
0.05701986700296402,0.014257197268307209,0.19959184527397156
0.053355563431978226,0.01226045936346054,0.17596015334129333
0.056142617017030716,0.016671879217028618,0.2228614091873169
0.05717828497290611,0.01706399768590927,0.22781826555728912
0.05265378952026367,0.011701513081789017,0.16966891288757324
0.04988713189959526,0.013404371216893196,0.18393084406852722
0.0523885041475296,0.011585477739572525,0.16824328899383545
0.05670034885406494,0.010829084552824497,0.16499119997024536
0.05568607896566391,0.0120973140001297,0.1766592264175415
0.05412055552005768,0.01131691038608551,0.16728965938091278
0.05525536090135574,0.012081990018486977,0.17607524991035461
0.05404660850763321,0.011404048651456833,0.16808709502220154
0.04979643225669861,0.012188985012471676,0.1716862916946411
0.04777166247367859,0.012806426733732224,0.17583593726158142
0.049361031502485275,0.009990622289478779,0.1492672562599182
0.0497378334403038,0.011812151409685612,0.16785934567451477
0.048118170350790024,0.008113355375826359,0.12925171852111816
0.050562821328639984,0.0151436235755682,0.20199906826019287
0.05172544717788696,0.01015915721654892,0.15331701934337616
0.05145701393485069,0.01777002029120922,0.2291572242975235
0.05058256909251213,0.019839387387037277,0.2489764541387558
0.048475395888090134,0.008177245035767555,0.13024784624576569
0.051751427352428436,0.017684444785118103,0.22859588265419006
0.05076349899172783,0.015699133276939392,0.20775483548641205
0.045857250690460205,0.010913964360952377,0.15499690175056458
0.043935880064964294,0.015450389124453068,0.19843977689743042
0.04511145502328873,0.0095950523391366,0.14106197655200958
0.05006566643714905,0.01584569737315178,0.20852264761924744
0.05092116445302963,0.014541265554726124,0.19633382558822632
0.04734214022755623,0.008894487284123898,0.13628701865673065
0.04631781950592995,0.00923111941665411,0.1386290192604065
0.0472923219203949,0.01106475479900837,0.1579398661851883
0.04667847603559494,0.009437700733542442,0.14105549454689026
0.043892472982406616,0.012482640333473682,0.1687188744544983
0.043628305196762085,0.012188322842121124,0.16551153361797333
0.045133497565984726,0.008850645273923874,0.13363994657993317
0.04686469957232475,0.009652113541960716,0.1433858424425125
0.0454535149037838,0.008123256266117096,0.12668608129024506
0.04507177695631981,0.006774451117962599,0.11281628906726837
0.04959482327103615,0.019212674349546432,0.24172157049179077
0.04686427861452103,0.015889208763837814,0.20575636625289917
0.03936634585261345,0.010881731286644936,0.1481836587190628
0.03990427777171135,0.01174797024577856,0.1573839783668518
0.046065572649240494,0.01072551216930151,0.15332069993019104
0.047120798379182816,0.00879493448883295,0.13507014513015747
0.04099703207612038,0.013564897701144218,0.17664600908756256
0.040702272206544876,0.011750835925340652,0.1582106351852417
0.047797542065382004,0.011412044987082481,0.16191799938678741
0.04968452453613281,0.011551300063729286,0.16519752144813538
0.04119857773184776,0.010553988628089428,0.1467384696006775
0.03753276541829109,0.010643870569765568,0.14397147297859192
0.04309999197721481,0.011231895536184311,0.15541894733905792
0.04532676562666893,0.009483009576797485,0.14015686511993408
0.04031820595264435,0.011367395520210266,0.153992161154747
0.03962942585349083,0.011014645919203758,0.149775892496109
0.04498112201690674,0.008924545720219612,0.13422657549381256
0.04479971528053284,0.009187725372612476,0.13667696714401245
0.038809604942798615,0.009661653079092503,0.1354261338710785
0.04057029262185097,0.00871445145457983,0.12771481275558472
0.04655102267861366,0.010779356583952904,0.1543445885181427
0.04202556610107422,0.009507567621767521,0.13710123300552368
0.037272874265909195,0.011440366506576538,0.15167653560638428
0.04022999480366707,0.010598277673125267,0.14621277153491974
0.046967487782239914,0.008450896479189396,0.13147644698619843
0.04121022671461105,0.009190838783979416,0.1331186145544052
0.03798062726855278,0.008422273211181164,0.12220336496829987
0.04363124817609787,0.00799963902682066,0.12362764030694962
0.04176856949925423,0.008241877891123295,0.12418735027313232
0.03795235604047775,0.007741439156234264,0.11536674946546555
0.041288115084171295,0.008081205189228058,0.12210016697645187
0.04060719162225723,0.007109909784048796,0.11170628666877747
0.03902069479227066,0.009789567440748215,0.1369163691997528
0.038626778870821,0.00747678242623806,0.1133946031332016
0.04270187020301819,0.01360994204878807,0.1788012981414795
0.04159118980169296,0.012776910327374935,0.16936028003692627
0.03691387549042702,0.007705713622272015,0.11397100985050201
0.03970049321651459,0.009244265034794807,0.13214313983917236
0.039153821766376495,0.0066999513655900955,0.10615333169698715
0.03788188844919205,0.010390585288405418,0.14178773760795593
0.03710618242621422,0.007408550009131432,0.11119168996810913
0.03980719670653343,0.014461532235145569,0.18442252278327942
0.04110230877995491,0.016395756974816322,0.20505987107753754
0.038657333701848984,0.006273497827351093,0.10139231383800507
0.03619387000799179,0.023256996646523476,0.26876384019851685
0.03676740080118179,0.028352288529276848,0.3202902674674988
0.03564880043268204,0.011164652183651924,0.14729532599449158
0.045072078704833984,0.01664157584309578,0.21148782968521118
0.05127786472439766,0.02628447487950325,0.31412261724472046
0.045094288885593414,0.016103781759738922,0.20613211393356323
0.03588809445500374,0.010039274580776691,0.1362808346748352
0.035559915006160736,0.01559661328792572,0.19152605533599854
0.03804504871368408,0.013785045593976974,0.17589551210403442
0.03788470849394798,0.01079634577035904,0.14584816992282867
0.04108969122171402,0.010603876784443855,0.14712846279144287
0.042355284094810486,0.012269108556210995,0.16504636406898499
0.03691885992884636,0.010056287050247192,0.13748173415660858
0.03698651120066643,0.010222337208688259,0.13920988142490387
0.038317203521728516,0.011289744637906551,0.15121465921401978
0.03779648244380951,0.00831362884491682,0.12093277275562286
0.0374332070350647,0.00936246756464243,0.13105788826942444
0.03684144467115402,0.00821861531585455,0.11902759969234467
0.03831974044442177,0.010240176692605019,0.14072149991989136
0.037738338112831116,0.009714113548398018,0.134879469871521
0.03551975265145302,0.009824028238654137,0.13376003503799438
0.037079859524965286,0.009112308733165264,0.12820294499397278
0.04035497084259987,0.009306127205491066,0.13341623544692993
0.03722428157925606,0.008662478998303413,0.1238490641117096
0.035099975764751434,0.007903728634119034,0.11413726210594177
0.03529044985771179,0.01009106170386076,0.13620106875896454
0.0361475944519043,0.006819480564445257,0.10434240102767944
0.0367671437561512,0.016848038882017136,0.20524753630161285
0.03767281398177147,0.019126124680042267,0.22893406450748444
0.037098634988069534,0.00682979729026556,0.10539661347866058
0.03536035493016243,0.015244323760271072,0.18780358135700226
0.034104637801647186,0.01898183301091194,0.2239229679107666
0.03291977941989899,0.009736146777868271,0.1302812397480011
0.03753582015633583,0.011309362947940826,0.1506294459104538
0.04138978570699692,0.01567024737596512,0.1980922520160675
0.037802666425704956,0.006864828057587147,0.10645094513893127
0.032966870814561844,0.016238443553447723,0.19535130262374878
0.033299025148153305,0.022593684494495392,0.25923585891723633
0.033436570316553116,0.01148136518895626,0.14825022220611572
0.03771181032061577,0.010441472753882408,0.14212654531002045
0.040846455842256546,0.016678595915436745,0.2076324075460434
0.0379110723733902,0.01183797512203455,0.15629082918167114
0.03364088013768196,0.007882095873355865,0.11246183514595032
0.03415248170495033,0.01109518576413393,0.1451043337583542
0.03448053076863289,0.0071696992963552475,0.10617752373218536
0.03543739393353462,0.010517807677388191,0.14061546325683594
0.03902001306414604,0.009898695163428783,0.13800697028636932
0.038012247532606125,0.00810987874865532,0.11911103129386902
0.03288382291793823,0.008629709482192993,0.11918091773986816
0.032294247299432755,0.008355788886547089,0.11585213243961334
0.03478129208087921,0.007951661944389343,0.11429791152477264
0.0367443785071373,0.006079976446926594,0.09754414111375809
0.032182659953832626,0.00940327811986208,0.12621544301509857
0.03199635446071625,0.00785968266427517,0.11059318482875824
0.03556499257683754,0.007542865816503763,0.1109936535358429
0.03424282371997833,0.009122829884290695,0.1254711151123047
0.03215691074728966,0.00621748948469758,0.09433180093765259
0.03730640560388565,0.012615161016583443,0.16345801949501038
0.03647961840033531,0.010570382699370384,0.14218345284461975
0.030719740316271782,0.004583547357469797,0.07655521482229233
0.031050359830260277,0.006119892932474613,0.09224928915500641
0.03375377878546715,0.0071283369325101376,0.1050371527671814
0.033261530101299286,0.003276021918281913,0.06602174788713455
0.028845548629760742,0.01060616783797741,0.13490723073482513
0.02827894501388073,0.012770839035511017,0.15598733723163605
0.030870862305164337,0.004578202031552792,0.0766528844833374
0.03496837615966797,0.007306377403438091,0.10803215205669403
0.03385159745812416,0.009787661023437977,0.13172820210456848
0.030397538095712662,0.0074073513969779015,0.10447105765342712
0.02789033204317093,0.003937823232263327,0.06726856529712677
0.03379546105861664,0.009073530323803425,0.12453076243400574
0.03681252524256706,0.00908282957971096,0.12764082849025726
0.030345506966114044,0.003864098573103547,0.06898649036884308
0.02742787078022957,0.007002569735050201,0.09745356440544128
0.028595352545380592,0.005465544760227203,0.08325079828500748
0.03178945556282997,0.006338662933558226,0.0951760858297348
0.03158494457602501,0.004304287955164909,0.0746278241276741
0.02675911784172058,0.0077898274175822735,0.10465738922357559
0.0268829558044672,0.006316833198070526,0.09005128592252731
0.031128231436014175,0.004955585114657879,0.08068408071994781
0.03365010395646095,0.006342242006212473,0.0970725268125534
0.029156191274523735,0.0038378345780074596,0.06753453612327576
0.026489512994885445,0.008743604645133018,0.11392556130886078
0.02660864219069481,0.00890179630368948,0.11562660336494446
0.030122391879558563,0.004931390751153231,0.0794363021850586
0.03472086787223816,0.004745729733258486,0.08217816054821014
0.030745772644877434,0.0058089615777134895,0.08883538842201233
0.026653295382857323,0.003761343890801072,0.06426673382520676
0.026621421799063683,0.008731851354241371,0.11393993347883224
0.028733156621456146,0.006210044492036104,0.09083360433578491
0.031708620488643646,0.00560733349993825,0.08778195083141327
0.030728699639439583,0.005223365034908056,0.08296234905719757
0.02792799286544323,0.00488152913749218,0.07674328237771988
0.026323065161705017,0.00357265817001462,0.06204964593052864
0.029021266847848892,0.008836783468723297,0.11738909780979156
0.029764657840132713,0.006494756788015366,0.09471222758293152
0.029117470607161522,0.005003933794796467,0.07915680855512619
0.027696678414940834,0.005232212133705616,0.0800187960267067
0.027145057916641235,0.004703104496002197,0.07417610287666321
0.027881553396582603,0.0036089601926505566,0.0639711543917656
0.028552329167723656,0.007173890247941017,0.10029122978448868
0.028496671468019485,0.006799809634685516,0.09649476408958435
0.02722889743745327,0.0031819804571568966,0.05904870480298996
0.02688649296760559,0.002784049604088068,0.054726988077163696
0.02819148264825344,0.007185542490333319,0.10004691034555435
0.02865014597773552,0.005791321396827698,0.0865633636713028
0.027897411957383156,0.003855600953102112,0.06645341962575912
0.026504775509238243,0.0036507886834442616,0.06301265954971313
0.026431584730744362,0.005567650776356459,0.08210809528827667
0.027180243283510208,0.004453305620700121,0.07171329855918884
0.0281628780066967,0.00484180822968483,0.0765809565782547
0.027667326852679253,0.004448562394827604,0.07215294986963272
0.026640484109520912,0.0042778863571584225,0.06941934674978256
0.026192862540483475,0.003540386911481619,0.06159673258662224
0.02747405879199505,0.005908827763050795,0.08656233549118042
0.027850838378071785,0.005357728339731693,0.08142811805009842
0.027245525270700455,0.003398100147023797,0.06122652813792229
0.026413625106215477,0.0031612569000571966,0.05802619457244873
0.02690509706735611,0.005788043141365051,0.08478552848100662
0.027210798114538193,0.005180343985557556,0.07901424169540405
0.027062637731432915,0.0033086983021348715,0.06014961749315262
0.02663550339639187,0.003067496931180358,0.057310473173856735
0.0266957376152277,0.0053035118617117405,0.07973085343837738
0.026844920590519905,0.004670304246246815,0.07354795932769775
0.02697644755244255,0.0033745707478374243,0.06072215363383293
0.02679431065917015,0.0030164369381964207,0.05695867910981178
0.02648300677537918,0.004940463230013847,0.07588763535022736
0.026229731738567352,0.004249625373631716,0.06872598826885223
0.02651648037135601,0.0035862145014107227,0.062378622591495514
0.02683057077229023,0.0030571790412068367,0.0574023611843586
0.026674838736653328,0.004678722470998764,0.07346206158399582
0.026196567341685295,0.004029968287795782,0.06649625301361084
0.026070302352309227,0.0036592388059943914,0.06266269087791443
0.02634429559111595,0.003112256759777665,0.057466864585876465
0.0266279224306345,0.004442465957254171,0.07105258107185364
0.026319529861211777,0.0037618326023221016,0.06393785774707794
0.025999905541539192,0.0037568474654108286,0.06356838345527649
0.025905322283506393,0.0032354523427784443,0.05825984477996826
0.02626265585422516,0.004240808542817831,0.06867074221372604
0.02626565471291542,0.003623273689299822,0.062498390674591064
0.02599377930164337,0.003718745894730091,0.06318123638629913
0.025724444538354874,0.003266206942498684,0.05838651582598686
0.025920651853084564,0.004020388238132,0.06612453609704971
0.02603907324373722,0.0034349202178418636,0.06038827449083328
0.02587953768670559,0.0037361395079642534,0.06324093043804169
0.025553029030561447,0.003293616697192192,0.05848919600248337
0.02561097778379917,0.003812947776168585,0.06374045461416245
0.025796474888920784,0.003251963295042515,0.058316104114055634
0.025784561410546303,0.0037127770483493805,0.06291233003139496
0.02544936165213585,0.0032294648699462414,0.05774401128292084
0.025411667302250862,0.003703300841152668,0.062444671988487244
0.02553488127887249,0.0031233662739396095,0.056768544018268585
0.025626718997955322,0.003701406065374613,0.06264077872037888
0.025371167808771133,0.003183006774634123,0.057201236486434937
0.025282401591539383,0.0036053056828677654,0.06133545935153961
0.02531972900032997,0.0030513633973896503,0.0558333620429039
0.025393979623913765,0.003623937489464879,0.06163335591554642
0.025235677137970924,0.003090699203312397,0.056142669171094894
0.02522617019712925,0.003548353910446167,0.06070970743894577
0.02518972009420395,0.0030099498108029366,0.055289216339588165
0.02514447271823883,0.003534393385052681,0.06048840656876564
0.025017190724611282,0.003022240474820137,0.05523959547281265
0.025127645581960678,0.003483231645077467,0.05995996296405792
0.025084059685468674,0.002978590317070484,0.054869964718818665
0.024922210723161697,0.0034260516986250877,0.059182729572057724
0.02481743134558201,0.0029519537929445505,0.054336968809366226
0.025034097954630852,0.0034109351690858603,0.05914344638586044
0.0249614380300045,0.0029411455616354942,0.054372891783714294
0.024695970118045807,0.003345313249155879,0.058149103075265884
0.02464916557073593,0.0029201051220297813,0.053850218653678894
0.024937288835644722,0.0032980265095829964,0.05791755020618439
0.024813441559672356,0.0028791744261980057,0.05360518395900726
0.024476731196045876,0.0032857307232916355,0.05733403563499451
0.024514934048056602,0.0028876918368041515,0.05339185148477554
0.024854255840182304,0.003195169847458601,0.05680595338344574
0.024644790217280388,0.0028135820757597685,0.05278061330318451
0.02427639253437519,0.0032481520902365446,0.056757912039756775
0.024420036002993584,0.0028600741643458605,0.05302077531814575
0.024759722873568535,0.003100072033703327,0.05576044321060181
0.024439744651317596,0.0027489939238876104,0.05192968249320984
0.0240943543612957,0.003214609809219837,0.05624045059084892
0.02436492033302784,0.0028177290223538876,0.05254220962524414
0.024661535397171974,0.0030242702923715115,0.054904237389564514
0.024219399318099022,0.0026919282972812653,0.051138684153556824
0.023939061909914017,0.0031792358495295048,0.05573141947388649
0.024326980113983154,0.002772004809230566,0.05204702913761139
0.024533092975616455,0.002957796910777688,0.0541110634803772
0.023998277261853218,0.002645148430019617,0.050449758768081665
0.02382848784327507,0.003125237300992012,0.05508086085319519
0.024295855313539505,0.002711974084377289,0.05141559615731239
0.024366311728954315,0.0029136810917407274,0.0535031221807003
0.023787125945091248,0.002614506520330906,0.04993218928575516
0.02376350574195385,0.0030581457540392876,0.054344963282346725
0.024261251091957092,0.002650368493050337,0.050764936953783035
0.024157516658306122,0.0028825763147324324,0.05298328027129173
0.0235897246748209,0.0025942055508494377,0.04953178018331528
0.02373391017317772,0.002981207799166441,0.0535459890961647
0.024217110127210617,0.0025891379918903112,0.050108492374420166
0.023922281339764595,0.002855392172932625,0.05247620493173599
0.02340521290898323,0.0025727374013513327,0.049132585525512695
0.02373146452009678,0.0029091467149555683,0.05282293260097504
0.02416248992085457,0.002541137393563986,0.049573864787817
0.0236759502440691,0.002820088528096676,0.05187683552503586
0.02323608472943306,0.002543641719967127,0.048672500997781754
0.02375447377562523,0.002846356015652418,0.052218034863471985
0.024095673114061356,0.0025030444376170635,0.049126118421554565
0.023429062217473984,0.0027823764830827713,0.0512528270483017
0.023084785789251328,0.002504644449800253,0.04813123121857643
0.02379736863076687,0.0027974448166787624,0.05177181959152222
0.024008696898818016,0.002472233260050416,0.04873102903366089
0.023189634084701538,0.0027452935464680195,0.05064256861805916
0.022962277755141258,0.002458232454955578,0.04754460230469704
0.023840077221393585,0.0027540531009435654,0.05138060823082924
0.023890454322099686,0.0024425359442830086,0.04831581562757492
0.022973429411649704,0.002707194071263075,0.05004537105560303
0.022870244458317757,0.002405804581940174,0.0469282902777195
0.023844247683882713,0.0027153934352099895,0.050998181104660034
0.02374359406530857,0.0024143478367477655,0.04788707196712494
0.02280622161924839,0.002663862891495228,0.04944485053420067
0.02279946580529213,0.002353246323764324,0.04633192718029022
0.023776207119226456,0.0026774394791573286,0.05055060237646103
0.023593174293637276,0.0023840395733714104,0.04743357002735138
0.022697200998663902,0.0026145176962018013,0.048842377960681915
0.02271973341703415,0.0023059891536831856,0.045779623091220856
0.023644324392080307,0.002639967016875744,0.050043992698192596
0.02347402088344097,0.002349189016968012,0.046965911984443665
0.022623825818300247,0.0025665590073913336,0.04828941822052002
0.02261047437787056,0.00227087689563632,0.045319244265556335
0.023499665781855583,0.002597988583147526,0.04947955161333084
0.023398416116833687,0.0023081828840076923,0.046480245888233185
0.022542493417859077,0.002526183146983385,0.0478043258190155
0.022477736696600914,0.0022456208243966103,0.04493394494056702
0.023391608148813248,0.002550170524045825,0.048893313854932785
0.02334333397448063,0.002262953668832779,0.04597286880016327
0.022430535405874252,0.0024975209962576628,0.04740574583411217
0.02234872244298458,0.0022253096103668213,0.04460182040929794
0.023327475413680077,0.0024990260135382414,0.04831773787736893
0.023275485262274742,0.002217309083789587,0.045448578894138336
0.022299477830529213,0.0024767357390373945,0.047066837549209595
0.02224053628742695,0.0022037846501916647,0.04427838325500488
0.02327727898955345,0.0024478547275066376,0.04775582626461983
0.023181725293397903,0.0021718270145356655,0.04489999637007713
0.02217736281454563,0.0024570119567215443,0.04674748331308365
0.022151954472064972,0.0021797576919198036,0.04394952952861786
0.02320726029574871,0.002396731171756983,0.04717457294464111
0.02307727187871933,0.002125960309058428,0.04433687403798103
0.022080276161432266,0.0024340578820556402,0.046420857310295105
0.02206668257713318,0.0021577097941190004,0.043643780052661896
0.02310970611870289,0.0023447165731340647,0.04655687138438225
0.0229889377951622,0.0020784942898899317,0.04377388209104538
0.021999454125761986,0.0024117310531437397,0.04611676186323166
0.021968409419059753,0.002142044249922037,0.04338885098695755
0.023011932149529457,0.002291179960593581,0.045923732221126556
0.022924071177840233,0.0020283411722630262,0.04320748150348663
0.021908920258283615,0.0023961046244949102,0.045869968831539154
0.02186204120516777,0.0021313487086445093,0.04317552596330643
0.02294052578508854,0.0022354554384946823,0.04529508203268051
0.02285780757665634,0.0019765577744692564,0.04262338578701019
0.0270448699593544,0.004873429890722036,0.07577916979789734
0.026507582515478134,0.004590443801134825,0.07241202145814896
0.027165833860635757,0.005152364261448383,0.07868947088718414
0.027559248730540276,0.004638521932065487,0.07394447177648544
0.02745944820344448,0.004880152642726898,0.07626097649335861
0.026440361514687538,0.0044165742583572865,0.07060610502958298
0.026989830657839775,0.0053150951862335205,0.08014078438282013
0.027579430490732193,0.004738311283290386,0.0749625414609909
0.02690129540860653,0.004819263704121113,0.07509393244981766
0.025477133691310883,0.0045299832709133625,0.07077696919441223
0.026413174346089363,0.00495164142921567,0.07592958956956863
0.027881037443876266,0.0041281795129179955,0.06916283071041107
0.027260122820734978,0.005333467852324247,0.08059480041265488
0.02546144835650921,0.004820153117179871,0.07366298139095306
0.025905929505825043,0.004861187655478716,0.07451780140399933
0.02763631008565426,0.004180142655968666,0.06943773478269577
0.02748105674982071,0.00506237056106329,0.07810476422309875
0.025804659351706505,0.00463805953040719,0.07218525558710098
0.025787537917494774,0.004832474049180746,0.07411228120326996
0.027232445776462555,0.00424988754093647,0.06973132491111755
0.027510736137628555,0.00467004394158721,0.07421118021011353
0.025748280808329582,0.004248477518558502,0.06823305785655975
0.025586575269699097,0.005045994650572538,0.07604652643203735
0.0266549251973629,0.004453964997082949,0.07119457423686981
0.027403123676776886,0.004427127540111542,0.0716743990778923
0.026157932355999947,0.004114912822842598,0.06730706244707108
0.02579410746693611,0.004928537644445896,0.07507948577404022
0.026535268872976303,0.004483113065361977,0.07136639952659607
0.027041103690862656,0.004226482007652521,0.06930592656135559
0.026146091520786285,0.004007125273346901,0.0662173479795456
0.026011226698756218,0.0047234296798706055,0.07324552536010742
0.02642538584768772,0.004294525366276503,0.06937064230442047
0.026787254959344864,0.004312906414270401,0.06991632282733917
0.0263799000531435,0.004087797831743956,0.06725788116455078
0.026193054392933846,0.004457327537238598,0.07076632976531982
0.026274606585502625,0.00419857120141387,0.0682603195309639
0.026433676481246948,0.004263241775333881,0.06906609237194061
0.02640291303396225,0.004086451604962349,0.06726743280887604
0.026355240494012833,0.0042319465428590775,0.06867470592260361
0.026222413405776024,0.004061998799443245,0.06684239953756332
0.02612503431737423,0.004245741292834282,0.0685824453830719
0.02630590833723545,0.00406694645062089,0.06697537004947662
0.026489106938242912,0.004102371633052826,0.06751282513141632
0.026027865707874298,0.004007235169410706,0.06610021740198135
0.025713222101330757,0.004226006101816893,0.06797328591346741
0.02633454091846943,0.004043819848448038,0.06677273660898209
0.02671835385262966,0.003968596924096346,0.0664043202996254
0.02591492421925068,0.003966389689594507,0.06557881832122803
0.025388965383172035,0.004123993217945099,0.06662889569997787
0.02633708342909813,0.003916793968528509,0.0655050277709961
0.026917900890111923,0.0039369454607367516,0.06628735363483429
0.02585272490978241,0.003950602374970913,0.06535875052213669
0.02513357438147068,0.004071232862770557,0.06584589928388596
0.02642201818525791,0.0038551439065486193,0.06497345864772797
0.027165815234184265,0.003852162044495344,0.06568743288516998
0.025760073214769363,0.003907484468072653,0.06483492255210876
0.024868067353963852,0.004039665684103966,0.06526472419500351
0.026464130729436874,0.0038083067629486322,0.06454719603061676
0.027293337509036064,0.003757250029593706,0.0648658350110054
0.02563064731657505,0.0038360380567610264,0.06399102509021759
0.024728016927838326,0.004037447273731232,0.0651024878025055
0.02645951882004738,0.003789240960031748,0.06435193121433258
0.027321472764015198,0.0036768687423318624,0.06409016251564026
0.02547762170433998,0.0037837629206478596,0.063315249979496
0.024577582255005836,0.004023455083370209,0.06481213122606277
0.02646780200302601,0.003765132511034608,0.0641191303730011
0.027312330901622772,0.003613905981183052,0.06345139443874359
0.025348186492919922,0.003760706167668104,0.06295524537563324
0.02450091391801834,0.003949216566979885,0.06399308145046234
0.02649594470858574,0.003682225476950407,0.06331820040941238
0.027225516736507416,0.0036077359691262245,0.06330287456512451
0.025267671793699265,0.003756903577595949,0.06283670663833618
0.024475250393152237,0.0038821985945105553,0.06329724192619324
0.026554176583886147,0.003634965978562832,0.06290383636951447
0.027145741507411003,0.0035656362306326628,0.06280210614204407
0.0251469649374485,0.0037352603394538164,0.06249956786632538
0.024478906765580177,0.003834786359220743,0.06282676756381989
0.026592429727315903,0.0036082700826227665,0.06267513334751129
0.027022220194339752,0.003511254210025072,0.0621347613632679
0.025015968829393387,0.0037048347294330597,0.062064316123723984
0.024529561400413513,0.00379333458840847,0.062462907284498215
0.026674818247556686,0.0035807164385914803,0.06248198077082634
0.026859791949391365,0.0034810658544301987,0.0616704523563385
0.0248574148863554,0.003706837072968483,0.06192578375339508
0.024608634412288666,0.0037298803217709064,0.061907436698675156
0.026815449818968773,0.0035441010259091854,0.06225646287202835
0.026637252420186996,0.0034621190279722214,0.06125844269990921
0.024667156860232353,0.003719217609614134,0.06185933202505112
0.024762386456131935,0.0036666891537606716,0.06142927706241608
0.0270078144967556,0.003512626513838768,0.06213407963514328
0.026324989274144173,0.0034524777438491583,0.060849763453006744
0.02442149631679058,0.0037300242111086845,0.061721742153167725
0.02508058026432991,0.003621127689257264,0.061291858553886414
0.027254639193415642,0.0035022611264139414,0.06227724999189377
0.02589965984225273,0.0034658568911254406,0.06055822968482971
0.0241695586591959,0.003754499601200223,0.06171455234289169
0.025521764531731606,0.0035711529199033976,0.06123329699039459
0.027506476268172264,0.0034738676622509956,0.06224515289068222
0.02535344287753105,0.003543869825080037,0.060792140662670135
0.0239483080804348,0.0037857084535062313,0.06180539354681969
0.02612217701971531,0.003539077239111066,0.06151294708251953
0.027678322046995163,0.0034440276212990284,0.06211859732866287
0.02477482333779335,0.003663331503048539,0.061408139765262604
0.023786770179867744,0.0037853210233151913,0.06163997948169708
0.026801079511642456,0.003555591683834791,0.06235699728131294
0.027729040011763573,0.0034261266700923443,0.06199030578136444
0.024280181154608727,0.003772861324250698,0.062008798122406006
0.023728448897600174,0.0037325150333344936,0.061053600162267685
0.027384519577026367,0.0035871879663318396,0.0632563978433609
0.027650106698274612,0.003401914145797491,0.0616692490875721
0.023948298767209053,0.003821059362962842,0.062158890068531036
0.02377336099743843,0.0036154654808342457,0.05992801487445831
0.0277662742882967,0.003616852220147848,0.0639347955584526
0.027515966445207596,0.003393234685063362,0.06144831329584122
0.023799948394298553,0.0037543578073382378,0.06134352833032608
0.023901766166090965,0.0034337537363171577,0.05823930352926254
0.02788906916975975,0.003659187350422144,0.06448094546794891
0.027475906535983086,0.0034463261254131794,0.061939164996147156
0.023792225867509842,0.003550784196704626,0.05930006876587868
0.02413482591509819,0.0031930715776979923,0.05606554076075554
0.02762666344642639,0.003836617339402437,0.06599283218383789
0.02783110737800598,0.0037208807189017534,0.06503991782665253
0.023966072127223015,0.0030368047300726175,0.0543341189622879
0.024723345413804054,0.002660647500306368,0.05132982134819031
0.02700224332511425,0.0052777789533138275,0.07978003472089767
0.02886398509144783,0.0048522185534238815,0.07738617062568665
0.02606748603284359,0.002652644645422697,0.052593931555747986
0.021840987727046013,0.010385263711214066,0.12569361925125122
0.021781163290143013,0.00837605819106102,0.10554174333810806
0.027653925120830536,0.004766135010868311,0.07531527429819107
0.029645049944519997,0.004381510894745588,0.0734601616859436
0.025471413508057594,0.007029983680695295,0.09577124565839767
0.02419157698750496,0.005124969873577356,0.07544127106666565
0.028822094202041626,0.006395709700882435,0.09277918934822083
0.028685437515378,0.007237094454467297,0.10105638206005096
0.023615825921297073,0.003279734868556261,0.05641317367553711
0.027417369186878204,0.003420875407755375,0.061626121401786804
0.029524782672524452,0.0035824833903461695,0.06534961611032486
0.024083444848656654,0.0028262739069759846,0.052346184849739075
0.026192722842097282,0.0038189224433153868,0.06438194960355759
0.028007423505187035,0.002565235598012805,0.05365978181362152
0.022899117320775986,0.004158540163189173,0.06448452174663544
0.02394389547407627,0.0029662218876183033,0.05360611528158188
0.030416881665587425,0.004586237482726574,0.07627926021814346
0.028802398592233658,0.002809243742376566,0.05689483508467674
0.02091868221759796,0.006792739033699036,0.08884607255458832
0.020672457292675972,0.0059806788340210915,0.08047924190759659
0.02765408530831337,0.00486015435308218,0.07625563442707062
0.03066081739962101,0.0039524235762655735,0.07018505036830902
0.02516261301934719,0.00487840361893177,0.07394664734601974
0.022649679332971573,0.004316339734941721,0.0658130794763565
0.026523292064666748,0.0039913225919008255,0.0664365142583847
0.026086624711751938,0.004007262643426657,0.06615924835205078
0.023579873144626617,0.0038949435111135244,0.0625293105840683
0.02511514350771904,0.0034557266626507044,0.059672411531209946
0.027708549052476883,0.003999456763267517,0.06770311295986176
0.025232627987861633,0.003664916381239891,0.061881791800260544
0.02211136370897293,0.004344073124229908,0.06555209308862686
0.025089122354984283,0.0037178960628807545,0.062268082052469254
0.029877491295337677,0.003587599378079176,0.06575348973274231
0.026178421452641487,0.0033585731871426105,0.05976415425539017
0.02137993462383747,0.005164043977856636,0.07302037626504898
0.02297276258468628,0.0043804701417684555,0.06677746772766113
0.03031027503311634,0.0037789763882756233,0.06810003519058228
0.02945980429649353,0.003995303064584732,0.06941283494234085
0.022854657843708992,0.0036049503833055496,0.05890416353940964
0.02330133505165577,0.004063639789819717,0.0639377310872078
0.027918826788663864,0.002751497784629464,0.05543380230665207
0.026659665629267693,0.0034760984126478434,0.06142064929008484
0.023485923185944557,0.002929006004706025,0.05277598276734352
0.02618482895195484,0.004629685077816248,0.0724816769361496
0.02647252567112446,0.002854162361472845,0.055014148354530334
0.02464110776782036,0.006794495042413473,0.09258605539798737
0.024884909391403198,0.007419660221785307,0.09908150881528854
0.024923386052250862,0.0029322400223463774,0.054245784878730774
0.02965707704424858,0.007584420032799244,0.10550127923488617
0.028991229832172394,0.007945477962493896,0.10844600945711136
0.023734183982014656,0.0028608227148652077,0.05234241113066673
0.02713078074157238,0.00545334629714489,0.08166424185037613
0.02762981504201889,0.004618226084858179,0.0738120749592781
0.02562522143125534,0.0026746250223368406,0.052371472120285034
0.0242705587297678,0.0042712148278951645,0.0669827088713646
0.025031862780451775,0.0029002507217228413,0.05403436720371246
0.02812838740646839,0.0038613746874034405,0.06674213707447052
0.026903966441750526,0.004121230449527502,0.06811627000570297
0.02334362454712391,0.002783896867185831,0.051182590425014496
0.027295300737023354,0.004069579765200615,0.06799110025167465
0.0275736004114151,0.0025122761726379395,0.052696362137794495
0.023464642465114594,0.004649261943995953,0.06995726376771927
0.02317359857261181,0.004735273774713278,0.07052633911371231
0.026169314980506897,0.002348995301872492,0.04965926706790924
0.026982901617884636,0.006283394061028957,0.08981684595346451
0.02558154985308647,0.005050836130976677,0.07608991116285324
0.023846451193094254,0.00396732660010457,0.06351971626281738
0.02402065508067608,0.003763181157410145,0.06165246665477753
0.025766950100660324,0.004672978539019823,0.07249673455953598
0.02632577158510685,0.0028455459978431463,0.0547812320291996
0.024717679247260094,0.006918479688465595,0.09390247613191605
0.022999797016382217,0.006289812736213207,0.08589792251586914
0.023170391097664833,0.003590547014027834,0.05907586216926575
0.027816498652100563,0.005587989930063486,0.0836963951587677
0.027806349098682404,0.005854437127709389,0.08635072410106659
0.024634260684251785,0.004715453367680311,0.07178879529237747
0.0243200846016407,0.007903967052698135,0.10335975885391235
0.025583822280168533,0.007158167660236359,0.09716549515724182
0.02683236077427864,0.00381713779643178,0.06500373780727386
0.025191638618707657,0.00430618692189455,0.06825350224971771
0.02411637455224991,0.004494301043450832,0.06905938684940338
0.02445944771170616,0.0036401767283678055,0.060861214995384216
0.0258357934653759,0.00561926793307066,0.08202847838401794
0.025279289111495018,0.005522728897631168,0.0805065780878067
0.02372073009610176,0.003093861974775791,0.05465935170650482
0.02382250502705574,0.003285572864115238,0.05667823180556297
0.02362479828298092,0.0035016287583857775,0.05864108353853226
0.02378850243985653,0.002772415056824684,0.05151265114545822
0.024829436093568802,0.004449955187737942,0.06932899355888367
0.024071525782346725,0.0035570685286074877,0.059642210602760315
0.023099878802895546,0.004279672633856535,0.06589660793542862
0.024218229576945305,0.004274736624211073,0.06696559488773346
0.0250331349670887,0.0027994427364319563,0.05302756279706955
0.023625338450074196,0.002919867169111967,0.05282401293516159
0.02288784086704254,0.0037391181103885174,0.06027902290225029
0.024245992302894592,0.002868703566491604,0.05293302983045578
0.026088055223226547,0.004450326785445213,0.07059132307767868
0.025422396138310432,0.004717256408184767,0.07259496301412582
0.02231205813586712,0.00260783638805151,0.04839042201638222
0.02623780071735382,0.0031756004318594933,0.0579938068985939
0.024848002940416336,0.002373206429183483,0.04858006536960602
0.02101624757051468,0.004255974665284157,0.06357599794864655
0.021527716889977455,0.0032496764324605465,0.054024480283260345
0.028469229117035866,0.0040065329521894455,0.06853456050157547
0.029657047241926193,0.0045404997654259205,0.07506204396486282
0.02235862798988819,0.0025454401038587093,0.04781302809715271
0.02245805412530899,0.0040744757279753685,0.06320281326770782
0.023220233619213104,0.0026903687976300716,0.050123922526836395
0.026919784024357796,0.003748813644051552,0.06440792232751846
0.026106536388397217,0.0035589809995144606,0.06169634684920311
0.02262088470160961,0.00259440578520298,0.04856494069099426
0.022380458191037178,0.0030103460885584354,0.05248391628265381
0.023700766265392303,0.0022026002407073975,0.04572676867246628
0.024072283878922462,0.0026108589954674244,0.05018087476491928
0.02201956883072853,0.002221473027020693,0.044234298169612885
0.02562490478157997,0.0029391685966402292,0.055016592144966125
0.024873904883861542,0.002228004625067115,0.04715394973754883
0.021375270560383797,0.004739559255540371,0.0687708631157875
0.021579980850219727,0.0054302033968269825,0.07588201761245728
0.02241888828575611,0.002345689572393894,0.04587578400969505
0.02943669632077217,0.005061380565166473,0.0800504982471466
0.02782679721713066,0.004316546954214573,0.07099226117134094
0.02167835272848606,0.002843270543962717,0.05011105537414551
0.022055258974432945,0.004275661893188953,0.06481187790632248
0.021781429648399353,0.002684564795345068,0.04862707853317261
0.0262225903570652,0.00393607746809721,0.06558336317539215
0.028466898947954178,0.004741374868899584,0.07588064670562744
0.02446814812719822,0.0022972130682319403,0.04744027927517891
0.02227766066789627,0.00378050678409636,0.060082729905843735
0.021284176036715508,0.0038847944233566523,0.06013212352991104
0.023595519363880157,0.0021119408775120974,0.044714927673339844
0.027757739648222923,0.0029865552205592394,0.05762328952550888
0.02339571714401245,0.0018660465721040964,0.04205618053674698
0.020860929042100906,0.005235282704234123,0.07321375608444214
0.02111508697271347,0.0058066812343895435,0.07918189465999603
0.02171151712536812,0.0029773772694170475,0.05148528888821602
0.026824524626135826,0.0031004389747977257,0.05782891437411308
0.027301521971821785,0.0034280524123460054,0.0615820437669754
0.023153096437454224,0.002253738697618246,0.04569048434495926
0.022076409310102463,0.003224622458219528,0.054322633892297745
0.021906055510044098,0.003006977727636695,0.051975831389427185
0.023541094735264778,0.0017559909028932452,0.04110100120306015
0.02387530915439129,0.003284749109297991,0.05672279745340347
0.02321929857134819,0.002381065394729376,0.04702995344996452
0.022447330877184868,0.0035773413255810738,0.058220744132995605
0.022387297824025154,0.003622606163844466,0.058613359928131104
0.02202201448380947,0.0021621128544211388,0.04364314302802086
0.023736394941806793,0.0022250472102314234,0.04598686844110489
0.023197731003165245,0.0022920030169188976,0.04611776024103165
0.022172773256897926,0.0020222582388669252,0.04239535331726074
0.02202814258635044,0.002128351479768753,0.04331165552139282
0.022694503888487816,0.002150210551917553,0.044196609407663345
0.022046323865652084,0.0018677545012906194,0.04072386771440506
0.02322429232299328,0.002256854670122266,0.0457928404211998
0.022064894437789917,0.0016221915138885379,0.038286808878183365
0.021673254668712616,0.005428052507340908,0.07595378160476685
0.022163107991218567,0.005870352499186993,0.08086663484573364
0.02250787988305092,0.0017410892760381103,0.039918772876262665
0.0253002867102623,0.006688511930406094,0.09218540787696838
0.026276275515556335,0.009626400656998158,0.12254028022289276
0.02279800921678543,0.0042026895098388195,0.0648249089717865
0.02055119164288044,0.004171640612185001,0.062267594039440155
0.022890189662575722,0.0067964219488203526,0.09085440635681152
0.02445547841489315,0.0036526427138596773,0.060981906950473785
0.025188442319631577,0.0030610545072704554,0.055798985064029694
0.024418139830231667,0.00438841013237834,0.06830224394798279
0.022199740633368492,0.0028056958690285683,0.050256699323654175
0.020999688655138016,0.0035202892031520605,0.05620257928967476
0.02309454046189785,0.003996436018496752,0.06305889785289764
0.024481825530529022,0.0020283826161175966,0.0447656512260437
0.024524256587028503,0.0034621101804077625,0.059145357459783554
0.024504464119672775,0.004057947546243668,0.06508393585681915
0.021005626767873764,0.0020730746909976006,0.04173637181520462
0.026201922446489334,0.003999051637947559,0.06619243323802948
0.03032032400369644,0.00461600674316287,0.07648038864135742
0.02578643150627613,0.002066380111500621,0.046450234949588776
0.023847050964832306,0.004332595504820347,0.06717300415039062
0.027668172493577003,0.006649378687143326,0.09416195750236511
0.023980552330613136,0.004422331694513559,0.068203866481781
0.02470981515944004,0.002990421373397112,0.054614029824733734
0.031373873353004456,0.004323857370764017,0.07461244612932205
0.030294295400381088,0.00423260685056448,0.07262036204338074
0.02391696535050869,0.0024058078415691853,0.04797504097223282
0.021207813173532486,0.0035437848418951035,0.05664566159248352
0.021700972691178322,0.004108947701752186,0.06279044598340988
0.023254964500665665,0.0019545026589185,0.04279999062418938
0.027839723974466324,0.0029527954757213593,0.057367678731679916
0.030081309378147125,0.0032227924093604088,0.06230923533439636
0.02328009530901909,0.0015745210694149137,0.039025306701660156
0.027346134185791016,0.004281268455088139,0.07015881687402725
0.032466694712638855,0.005647917278110981,0.08894586563110352
0.027125384658575058,0.0037135942839086056,0.06426133215427399
0.02692757360637188,0.002660623751580715,0.05353381112217903
0.033195365220308304,0.00360098690725863,0.06920523941516876
0.03147769346833229,0.003490721806883812,0.06638491153717041
0.02502266690135002,0.002757444977760315,0.05259711667895317
0.022651486098766327,0.0033766755368560553,0.05641824007034302
0.02225332148373127,0.0032593528740108013,0.05484685301780701
0.026002829894423485,0.0020851921290159225,0.04685474932193756
0.029083438217639923,0.00244609615765512,0.05354440212249756
0.026721931993961334,0.0018770659808069468,0.045492589473724365
0.022001760080456734,0.00243515707552433,0.046353332698345184
0.023335663601756096,0.0024666558019816875,0.0480022206902504
0.024019572883844376,0.001885957084596157,0.0428791418671608
0.02238730899989605,0.0020838328637182713,0.04322563856840134
0.025946924462914467,0.0022311019711196423,0.04825794696807861
0.024312011897563934,0.0017271277029067278,0.041583288460969925
0.019484544172883034,0.0024139913730323315,0.04362446069717407
0.02100561559200287,0.0021569200325757265,0.042574815452098846
0.023249801248311996,0.0017640849109739065,0.0408906489610672
0.0240155179053545,0.0018860611598938704,0.04287613183259964
0.02397937700152397,0.0016070852288976312,0.04005023092031479
0.023323971778154373,0.0020413431338965893,0.04373740404844284
0.02109549194574356,0.0024423697032034397,0.04551918804645538
0.019939133897423744,0.0028959831688553095,0.04889896512031555
0.02269197255373001,0.0018944721668958664,0.041636694222688675
0.025179656222462654,0.0023984741419553757,0.04916439950466156
0.024475982412695885,0.0023188514169305563,0.047664497047662735
0.02123372256755829,0.0019517246400937438,0.04075096920132637
0.02153458073735237,0.0017860701773315668,0.0393952801823616
0.02387632429599762,0.0022341865114867687,0.04621819034218788
0.02170478366315365,0.0019519057823345065,0.04122383892536163
0.021290378645062447,0.0019385709892958403,0.04067608714103699
0.023398298770189285,0.001568841515108943,0.03908671438694
0.023477828130126,0.0020037121139466763,0.043514952063560486
0.022531885653734207,0.0017518794629722834,0.040050677955150604
0.020089812576770782,0.0020581933204084635,0.04067174345254898
0.020127085968852043,0.0018484154716134071,0.038611240684986115
0.022394027560949326,0.0018520589219406247,0.040914617478847504
0.022281592711806297,0.001544526545330882,0.037726856768131256
0.021180296316742897,0.002195922192186117,0.043139517307281494
0.020716095343232155,0.002063294406980276,0.04134903848171234
0.021579701453447342,0.0015145741635933518,0.03672544285655022
0.02148389257490635,0.0013547987909987569,0.03503188118338585
0.019768809899687767,0.002223552670329809,0.04200433939695358
0.020396845415234566,0.0018398243701085448,0.03879509121179581
0.022326450794935226,0.0016584073891863227,0.03891052305698395
0.021951863542199135,0.0014445878332480788,0.03639774024486542
0.020057305693626404,0.0020391938742250204,0.040449246764183044
0.019648166373372078,0.0019430663669481874,0.03907883167266846
0.021346379071474075,0.0016598309157416224,0.03794468939304352
0.021465471014380455,0.0015610987320542336,0.03707645833492279
0.02037086896598339,0.0016614040359854698,0.03698490932583809
0.020372280851006508,0.0014930340694263577,0.03530262038111687
0.022108344361186028,0.0017743459902703762,0.03985180705785751
0.021845046430826187,0.0015784280840307474,0.03762932866811752
0.019793134182691574,0.001706626731902361,0.03685940057039261
0.019648641347885132,0.0015748649602755904,0.03539729118347168
0.021606210619211197,0.0016982534434646368,0.038588747382164
0.02173212356865406,0.0015452508814632893,0.03718463331460953
0.020212460309267044,0.0015871167415753007,0.03608362749218941
0.01982676237821579,0.0014785907696932554,0.03461267054080963
0.02165580727159977,0.001658175722695887,0.038237564265728
0.021656498312950134,0.0014685923233628273,0.03634241968393326
0.01973871886730194,0.0016519473865628242,0.036258190870285034
0.019877033308148384,0.0014758508186787367,0.03463554382324219
0.02147972770035267,0.0016177701763808727,0.03765743225812912
0.021321255713701248,0.0014363087248057127,0.03568434342741966
0.01962718740105629,0.0016688001342117786,0.0363151878118515
0.019522065296769142,0.0015201664064079523,0.03472372889518738
0.02148381993174553,0.0015584812499582767,0.03706863150000572
0.02141008898615837,0.0014109117910265923,0.035519205033779144
0.019705846905708313,0.0015881606377661228,0.03558745235204697
0.01969291642308235,0.0014537170063704252,0.03423008695244789
0.021246973425149918,0.0015137377195060253,0.036384351551532745
0.020987605676054955,0.001358023495413363,0.03456784039735794
0.019467664882540703,0.0016419845633208752,0.03588750958442688
0.019535960629582405,0.0014654950937256217,0.034190911799669266
0.021372219547629356,0.0014845754485577345,0.03621797263622284
0.02119438536465168,0.0013607714790850878,0.03480210155248642
0.019477607682347298,0.0015468047931790352,0.03494565561413765
0.019408393651247025,0.0014277552254498005,0.033685944974422455
0.021043064072728157,0.001451117917895317,0.03555424511432648
0.05307455733418465,0.0015520751476287842,0.06859530508518219
0.044133126735687256,0.0019723332952708006,0.06385646015405655
0.03883909061551094,0.001960952300578356,0.058448612689971924
0.03753230720758438,0.002270797500386834,0.060240283608436584
0.03537026420235634,0.002278687199577689,0.05815713852643967
0.03197913616895676,0.0022390722297132015,0.054369859397411346
0.0305817648768425,0.001983177848160267,0.05041354149580002
0.03354940563440323,0.002311279997229576,0.05666220560669899
0.03307655453681946,0.002041357569396496,0.053490132093429565
0.029355589300394058,0.002046776469796896,0.04982335492968559
0.028561633080244064,0.002166841644793749,0.05023004859685898
0.030213400721549988,0.0017449366860091686,0.04766276851296425
0.029620960354804993,0.0015033762902021408,0.0446547232568264
0.026760593056678772,0.002498125657439232,0.05174184963107109
0.026309238746762276,0.0023616980761289597,0.04992622137069702
0.02903706021606922,0.0016078805783763528,0.045115865767002106
0.027681879699230194,0.0015145018696784973,0.04282689839601517
0.02468094788491726,0.002571520395576954,0.0503961518406868
0.025108104571700096,0.002220227150246501,0.047310374677181244
0.02828296460211277,0.001706550596281886,0.04534847289323807
0.027915943413972855,0.001579485833644867,0.043710801750421524
0.02427157387137413,0.0022533340379595757,0.04680491238832474
0.024363914504647255,0.002059685532003641,0.04496076703071594
0.02763238735496998,0.0016328208148479462,0.04396059364080429
0.027132773771882057,0.0015769728925079107,0.04290250316262245
0.023962929844856262,0.0020193869713693857,0.04415679723024368
0.023394271731376648,0.0018188197864219546,0.04158246889710426
0.026397382840514183,0.0019069971749559045,0.045467354357242584
0.026637064293026924,0.001819967175833881,0.04483673721551895
0.023225679993629456,0.0017006169073283672,0.0402318499982357
0.023404354229569435,0.0014975176891312003,0.03837953135371208
0.027177998796105385,0.0020843003876507282,0.04802100360393524
0.02697163075208664,0.0019217705121263862,0.046189337968826294
0.023902008309960365,0.0014716072473675013,0.03861808031797409
0.023678595200181007,0.0013405198697000742,0.03708379343152046
0.027427135035395622,0.0022807465866208076,0.0502346009016037
0.0272844061255455,0.002184966579079628,0.04913407191634178
0.02336922101676464,0.0013072802685201168,0.036442022770643234
0.022756263613700867,0.0013240572297945619,0.03599683567881584
0.026517564430832863,0.002215117681771517,0.048668742179870605
0.026258649304509163,0.00191522017121315,0.045410849153995514
0.02297128178179264,0.0016231898916885257,0.039203181862831116
0.022489385679364204,0.0016756493132561445,0.039245881140232086
0.02568739652633667,0.0016087230760604143,0.041774626821279526
0.025374703109264374,0.0014038067311048508,0.03941277042031288
0.02234651893377304,0.002073052106425166,0.04307704046368599
0.021944532170891762,0.002014358527958393,0.04208811745047569
0.0246721338480711,0.0014347464311867952,0.03901959955692291
0.02465391904115677,0.0012606733944267035,0.03726065158843994
0.022075435146689415,0.002201047958806157,0.04408591240644455
0.021933894604444504,0.0019972033333033323,0.041905928403139114
0.02502223663032055,0.0014505047583952546,0.0395272821187973
0.025004785507917404,0.0013699894770979881,0.038704678416252136
0.022388147190213203,0.0018138440791517496,0.04052658751606941
0.022061316296458244,0.0016201208345592022,0.03826252371072769
0.025177713483572006,0.0017339985352009535,0.04251769930124283
0.025299403816461563,0.0016112616285681725,0.04141201823949814
0.02234148420393467,0.001570182852447033,0.038043312728405
0.021975986659526825,0.001484667882323265,0.036822665482759476
0.025228163227438927,0.001788240042515099,0.04311056435108185
0.02520422823727131,0.0016570528969168663,0.04177475720643997
0.022201023995876312,0.0015131485415622592,0.03733250871300697
0.021929185837507248,0.0014270588289946318,0.03619977459311485
0.025281263515353203,0.001823460916057229,0.043515872210264206
0.025130972266197205,0.0016842004843056202,0.04197297617793083
0.021921249106526375,0.0015041707083582878,0.03696295619010925
0.021901622414588928,0.0014068312011659145,0.03596993535757065
0.025106439366936684,0.0017872771713882685,0.04297921061515808
0.024916356429457664,0.0016302608419209719,0.041218966245651245
0.021827349439263344,0.001530664274469018,0.037133991718292236
0.02181944064795971,0.0014476547949016094,0.03629598766565323
0.024950513616204262,0.0016877923626452684,0.04182843863964081
0.024705663323402405,0.0015624875668436289,0.04033053666353226
0.021659869700670242,0.0015492457896471024,0.037152327597141266
0.02166823111474514,0.0014610475627705455,0.036278706043958664
0.024697011336684227,0.0016429293900728226,0.0411263033747673
0.024529188871383667,0.0014977185055613518,0.039506375789642334
0.02154877968132496,0.0015978245064616203,0.03752702474594116
0.021571587771177292,0.0015085481572896242,0.03665706887841225
0.024576950818300247,0.0015500150620937347,0.040077101439237595
0.024345720186829567,0.0014335287269204855,0.03868100792169571
0.021435612812638283,0.0016110434662550688,0.03754604607820511
0.021471738815307617,0.0014858993235975504,0.036330729722976685
0.024489231407642365,0.0015532695688307285,0.040021926164627075
0.024271680042147636,0.001424524001777172,0.03851692005991936
0.021345505490899086,0.0016027586534619331,0.03737309202551842
0.02137371525168419,0.001482909545302391,0.0362028107047081
0.024398233741521835,0.0015274281613528728,0.03967251628637314
0.024212298914790154,0.001410359749570489,0.038315895944833755
0.021318068727850914,0.0015642947982996702,0.03696101903915405
0.02130761183798313,0.0014390128199011087,0.03569773957133293
0.02437998726963997,0.0015537464059889317,0.03991745039820671
0.024182232096791267,0.0014316572342067957,0.03849880397319794
0.021248336881399155,0.0015227834228426218,0.036476172506809235
0.021258344873785973,0.001397500978782773,0.035233356058597565
0.02441864088177681,0.0015749745070934296,0.040168385952711105
0.02422208897769451,0.0014470897149294615,0.03869298845529556
0.02120189554989338,0.0014774120645597577,0.03597601503133774
0.021230272948741913,0.0013466239906847477,0.034696511924266815
0.024471191689372063,0.0016123410314321518,0.04059460014104843
0.02422626130282879,0.0014876797795295715,0.03910306096076965
0.021181577816605568,0.0014095006044954062,0.03527658432722092
0.02122063934803009,0.0012770836474373937,0.03399147465825081
0.02454807609319687,0.0016766006592661142,0.041314080357551575
0.024321241304278374,0.0015408771578222513,0.0397300124168396
0.021169645711779594,0.0013395691057667136,0.034565337002277374
0.02119510993361473,0.001218463759869337,0.033379748463630676
0.024646198377013206,0.0017371871508657932,0.04201807081699371
0.024378135800361633,0.001599844079464674,0.04037657752633095
0.021127743646502495,0.0012750920141115785,0.03387866169214249
0.02118149772286415,0.0011544432491064072,0.03272593021392822
0.024677028879523277,0.0017897780053317547,0.04257480800151825
0.02439817041158676,0.001633699401281774,0.040735162794589996
0.021116571500897408,0.0012287476565688848,0.03340404853224754
0.02113857865333557,0.001123651396483183,0.032375093549489975
0.024669339880347252,0.0017853017197921872,0.042522355914115906
0.024302270263433456,0.0016157497884705663,0.0404597669839859
0.02102108672261238,0.0012336235959082842,0.033357322216033936
0.021085133776068687,0.0011308568064123392,0.03239370137453079
0.024310559034347534,0.001683056354522705,0.041141122579574585
0.023973960429430008,0.0014984651934355497,0.03895861282944679
0.020974595099687576,0.0012974031269550323,0.0339486263692379
0.020887847989797592,0.0012291044695302844,0.033178891986608505
0.024090735241770744,0.0015024140011519194,0.039114877581596375
0.023609265685081482,0.001322460826486349,0.03683387488126755
0.020758045837283134,0.0014795701717957854,0.03555374592542648
0.020795365795493126,0.0013653859496116638,0.03444922715425491
0.023638740181922913,0.0013195406645536423,0.036834146827459335
0.02315753512084484,0.0011761432979255915,0.03491896763443947
0.020717227831482887,0.0015980519820004702,0.03669774532318115
0.020692910999059677,0.001467919908463955,0.03537210822105408
0.023353587836027145,0.0012335882056504488,0.035689469426870346
0.023065976798534393,0.0011237789876759052,0.03430376574397087
0.02066238597035408,0.0016085831448435783,0.036748215556144714
0.020645268261432648,0.0014447967987507582,0.03509323671460152
0.023458102717995644,0.001261135097593069,0.03606945276260376
0.023113803938031197,0.0011641178280115128,0.03475498408079147
0.020615017041563988,0.001519900280982256,0.03581402078270912
0.020685434341430664,0.001340267015621066,0.03408810496330261
0.023600589483976364,0.0013220924884080887,0.03682151436805725
0.0231533944606781,0.0012166331289336085,0.035319726914167404
0.020606504753232002,0.001441314583644271,0.035019651055336
0.020690951496362686,0.0012942184694111347,0.03363313525915146
0.023489469662308693,0.0013105070684105158,0.036594539880752563
0.02302604727447033,0.0011866975110024214,0.03489302098751068
0.020548274740576744,0.0014748418470844626,0.035296693444252014
0.02062087133526802,0.0013459427282214165,0.034080296754837036
0.023340459913015366,0.001230349880643189,0.03564395755529404
0.022822635248303413,0.0011288942769169807,0.03411157801747322
0.02046043425798416,0.0015118594747036695,0.035579029470682144
0.020609276369214058,0.0013522811932489276,0.03413208946585655
0.02327227033674717,0.0012126880465075374,0.03539915010333061
0.022719305008649826,0.001143166096881032,0.03415096551179886
0.020431745797395706,0.001447536051273346,0.034907106310129166
0.02063734084367752,0.001295807771384716,0.03359542042016983
0.023235170170664787,0.0012189189437776804,0.035424359142780304
0.022661380469799042,0.0011543077416718006,0.03420445695519447
0.020385462790727615,0.001417550491169095,0.03456096723675728
0.02063434012234211,0.0012934106634929776,0.03356844559311867
0.02309560216963291,0.0011762814829126,0.03485841676592827
0.022434154525399208,0.001128578558564186,0.03371994197368622
0.020326554775238037,0.0014337581815198064,0.03466413542628288
0.020642114803195,0.001305628102272749,0.033698394894599915
0.02292800508439541,0.00115324673242867,0.03446047008037567
0.02230890654027462,0.0011289305984973907,0.03359821438789368
0.020321428775787354,0.001400467474013567,0.03432610258460045
0.02064824290573597,0.0012756312498822808,0.033404555171728134
0.02277318201959133,0.0011782081564888358,0.03455526381731033
0.022272424772381783,0.0011406091507524252,0.03367851674556732
0.020326582714915276,0.001372158178128302,0.034048162400722504
0.0206273403018713,0.001249120570719242,0.03311854600906372
0.022612912580370903,0.001204945845529437,0.03466237336397171
0.02226509526371956,0.001139927888289094,0.03366437554359436
0.020351383835077286,0.0013458819594234228,0.03381020575761795
0.020577283576130867,0.0012184097431600094,0.032761380076408386
0.02246680296957493,0.001230067340657115,0.034767478704452515
0.022317739203572273,0.001134255318902433,0.033660292625427246
0.020360486581921577,0.0013043766375631094,0.03340425342321396
0.02051345631480217,0.0011741055641323328,0.03225450962781906
0.022448426112532616,0.0012418841943144798,0.034867268055677414
0.02239435352385044,0.0011259284801781178,0.03365363925695419
0.02031838335096836,0.0012620798079296947,0.032939180731773376
0.020474135875701904,0.001137349521741271,0.03184763342142105
0.022467132657766342,0.001219655154272914,0.03466368466615677
0.022412441670894623,0.001098165987059474,0.03339410200715065
0.020239276811480522,0.0012512807734310627,0.032752085477113724
0.02044035494327545,0.0011362319346517324,0.03180267661809921
0.022500479593873024,0.001167448703199625,0.03417496755719185
0.02234685979783535,0.0010664218571037054,0.03301107883453369
0.020153559744358063,0.0012543188640847802,0.03269674628973007
0.02045222371816635,0.0011369565036147833,0.03182178735733032
0.022452909499406815,0.0011280415346845984,0.03373332321643829
0.022243808954954147,0.0010491348803043365,0.03273515775799751
0.020130952820181847,0.0012434108648449183,0.03256506100296974
0.02046094834804535,0.0011283957865089178,0.031744904816150665
0.02241680957376957,0.001108379801735282,0.033500608056783676
0.022138699889183044,0.0010417962912470102,0.03255666047334671
0.020147304981946945,0.0012258343631401658,0.03240564838051796
0.020476140081882477,0.0011088449973613024,0.03156458958983421
0.02229575626552105,0.0011091491905972362,0.03338724747300148
0.033082813024520874,0.0012038525892421603,0.045121338218450546
0.030193109065294266,0.0014472403563559055,0.044665511697530746
0.03001229092478752,0.0012628999538719654,0.0426412895321846
0.03232641890645027,0.0011006866116076708,0.04333328455686569
0.03196819871664047,0.0009895095136016607,0.04186329245567322
0.02878335304558277,0.001186901587061584,0.04065236821770668
0.027821239084005356,0.001111508347094059,0.038936324417591095
0.02949530817568302,0.0010065482929348946,0.03956079110503197
0.028733668848872185,0.0008661905885674059,0.037395574152469635
0.027056410908699036,0.0012610966805368662,0.03966737538576126
0.026839684695005417,0.001140341628342867,0.03824310004711151
0.028331298381090164,0.0006984174833633006,0.03531547263264656
0.027920780703425407,0.0006107583176344633,0.03402836248278618
0.026244550943374634,0.0011634675320237875,0.037879228591918945
0.02604079805314541,0.001005570637062192,0.03609650582075119
0.027152301743626595,0.0006828382611274719,0.033980682492256165
0.026888029649853706,0.0006366570014506578,0.03325460106134415
0.02503596805036068,0.0010067458497360349,0.03510342538356781
0.025239216163754463,0.0008062731358222663,0.0333019495010376
0.02723606489598751,0.0006781170377507806,0.03401723504066467
0.02664460614323616,0.0006110068643465638,0.032754674553871155
0.024747034534811974,0.0008645580383017659,0.033392615616321564
0.024815700948238373,0.000730102532543242,0.03211672604084015
0.02673366479575634,0.0007103636162355542,0.033837299793958664
0.026368506252765656,0.0006614825688302517,0.03298333287239075
0.02379370853304863,0.0007948106504045427,0.03174181282520294
0.024028537794947624,0.0006664421525783837,0.03069295920431614
0.02582889422774315,0.0007519960636273026,0.03334885463118553
0.025751851499080658,0.0006605347734875977,0.03235720098018646
0.023656189441680908,0.0007299397839233279,0.030955586582422256
0.02365231327712536,0.0006441979785449803,0.030094292014837265
0.026278365403413773,0.0007224819273687899,0.03350318595767021
0.025377660989761353,0.0006882722955197096,0.032260384410619736
0.02324385941028595,0.0006676727789454162,0.029920587316155434
0.023562004789710045,0.000564921647310257,0.029211221262812614
0.02440132573246956,0.0008202855242416263,0.03260418027639389
0.025471355766057968,0.0006313075427897274,0.031784430146217346
0.02330341935157776,0.0005894809146411717,0.02919822931289673
0.02311418205499649,0.0009084682678803802,0.032198864966630936
0.023997938260436058,0.0003198817721568048,0.02719675563275814
0.022598251700401306,0.0007054116576910019,0.029652368277311325
0.023316755890846252,0.00046566000673919916,0.0279733557254076
0.022895412519574165,0.0004463805817067623,0.027359217405319214
0.024623017758131027,0.0007949112332426012,0.032572127878665924
0.023111756891012192,0.0003091945545747876,0.026203703135252
0.024638766422867775,0.0011894576018676162,0.03653334081172943
0.02369915507733822,0.000742291216738522,0.03112206608057022
0.024303363636136055,0.0007879600743763149,0.0321829654276371
0.023998383432626724,0.0007533027674071491,0.03153141215443611
0.023663079366087914,0.0005159616121090949,0.028822695836424828
0.022415900602936745,0.0005568749038502574,0.027984648942947388
0.02436433732509613,0.0006600261549465358,0.030964598059654236
0.023427268490195274,0.0004856706946156919,0.028283976018428802
0.02289687655866146,0.0006715291528962553,0.029612168669700623
0.022063858807086945,0.0004957571509294212,0.02702143043279648
0.02464100532233715,0.0007923514349386096,0.032564520835876465
0.024643845856189728,0.0006953708361834288,0.0315975546836853
0.022383274510502815,0.00046827501500956714,0.027066024020314217
0.021554049104452133,0.0006125721847638488,0.027679771184921265
0.023573661223053932,0.0005762067157775164,0.02933572791516781
0.023257078602910042,0.00042805069824680686,0.02753758616745472
0.02189861424267292,0.0005895710201002657,0.02779432386159897
0.021927595138549805,0.000474557833513245,0.026673173531889915
0.02393651008605957,0.0008928399183787405,0.03286490961909294
0.024249345064163208,0.0006075670244172215,0.030325014144182205
0.022063592448830605,0.0009163423674181104,0.03122701495885849
0.02181962877511978,0.0010296623222529888,0.032116252928972244
0.022033387795090675,0.0006620463100261986,0.02865385077893734
0.023992471396923065,0.001021697768010199,0.03420944884419441
0.023263638839125633,0.0007733496022410691,0.030997134745121002
0.02151249349117279,0.0012659826315939426,0.03417231887578964
0.02191481739282608,0.0012811255874112248,0.03472607210278511
0.022487089037895203,0.0010939439525827765,0.03342653065919876
0.023019444197416306,0.0006550239631906152,0.029569683596491814
0.023691724985837936,0.0017253304831683636,0.04094503074884415
0.02221016399562359,0.001153548015281558,0.033745646476745605
0.022429639473557472,0.0016677549574524164,0.03910718858242035
0.02296617440879345,0.0020245143678039312,0.04321131855249405
0.021855248138308525,0.0003355182707309723,0.025210430845618248
0.023921769112348557,0.0005543660372495651,0.029465429484844208
0.02136322855949402,0.0009392149513587356,0.030755378305912018
0.02214249037206173,0.0004063412779942155,0.02620590291917324
0.023593751713633537,0.0005932936910539865,0.029526688158512115
0.020906759425997734,0.0007537787314504385,0.028444547206163406
0.022313421592116356,0.0002897364320233464,0.02521078661084175
0.022058850154280663,0.0008481239201501012,0.030540090054273605
0.02104775235056877,0.0004609917523339391,0.025657668709754944
0.025323329493403435,0.0008924989961087704,0.034248318523168564
0.02333569899201393,0.000503886491060257,0.0283745639026165
0.02185668796300888,0.00163417705334723,0.038198456168174744
0.02204159088432789,0.0017194179818034172,0.03923577070236206
0.02383343130350113,0.000318838661769405,0.02702181786298752
0.02403716929256916,0.0012186943786218762,0.036224111914634705
0.022918350994586945,0.00046534734428860247,0.027571823447942734
0.027594905346632004,0.0017789150588214397,0.045384056866168976
0.028415728360414505,0.001943046459928155,0.04784619063138962
0.02018251270055771,0.0008083583088591695,0.028266094624996185
0.027321266010403633,0.0015775779029354453,0.04309704527258873
0.026407672092318535,0.001587501261383295,0.04228268563747406
0.021829556673765182,0.00033600913593545556,0.02518964745104313
0.02244533598423004,0.0013265319867059588,0.0357106551527977
0.022809091955423355,0.0005972875514999032,0.028781967237591743
0.025352783501148224,0.0010131245944648981,0.03548403084278107
0.026479410007596016,0.001101402216590941,0.03749343007802963
0.02207292430102825,0.00038847699761390686,0.02595769427716732
0.025127775967121124,0.00145540211815387,0.03968179598450661
0.025935299694538116,0.0012277308851480484,0.0382126085460186
0.02099907025694847,0.0007875715382397175,0.02887478470802307
0.02417314425110817,0.000787337776273489,0.032046522945165634
0.022878440096974373,0.0007696321699768305,0.03057476133108139
0.022566817700862885,0.0006340278778225183,0.02890709601342678
0.02104356326162815,0.0006853925297036767,0.027897488325834274
0.02145332098007202,0.0012058902066200972,0.03351222351193428
0.023557838052511215,0.0008870235178619623,0.0324280709028244
0.022342393174767494,0.0007137700449675322,0.029480094090104103
0.023239372298121452,0.0008864023257046938,0.03210339695215225
0.022584369406104088,0.0007817361038178205,0.03040173090994358
0.021608863025903702,0.001172854215838015,0.03333740681409836
0.024837499484419823,0.0011055177310481668,0.03589267656207085
0.022822828963398933,0.0007842316408641636,0.030665144324302673
0.023751981556415558,0.0005380167276598513,0.029132148250937462
0.020414916798472404,0.0013091389555484056,0.033506304025650024
0.020007561892271042,0.0006355312070809305,0.02636287361383438
0.024812126532197,0.0016444557113572955,0.041256681084632874
0.024906035512685776,0.0007825706852599978,0.03273174166679382
0.022120868787169456,0.0024268331471830606,0.046389199793338776
0.019180309027433395,0.002674355171620846,0.045923858880996704
0.02131563611328602,0.001184701221063733,0.03316264599561691
0.023761818185448647,0.0006580281769856811,0.0303421001881361
0.025285156443715096,0.0013857110170647502,0.039142265915870667
0.02299555577337742,0.0008044829010032117,0.031040385365486145
0.02520139329135418,0.002236096654087305,0.047562360763549805
0.026175925508141518,0.0026187063194811344,0.05236298590898514
0.019151408225297928,0.0011631372617557645,0.030782781541347504
0.023680778220295906,0.0009064375190064311,0.032745152711868286
0.025891438126564026,0.0013447179226204753,0.039338618516922
0.023402802646160126,0.0006025783368386328,0.02942858636379242
0.01890326477587223,0.0024726230185478926,0.04362949728965759
0.018021585419774055,0.0028091841377317905,0.04611342400312424
0.02230554074048996,0.000622733379714191,0.02853287383913994
0.024480266496539116,0.0005978471017442644,0.030458737164735794
0.023627707734704018,0.001250137691386044,0.03612908348441124
0.019915075972676277,0.0005434724153019488,0.025349799543619156
0.0301140695810318,0.003371873404830694,0.06383280456066132
0.032609403133392334,0.003920814488083124,0.071817547082901
0.022775020450353622,0.000307958951452747,0.02585460990667343
0.029650423675775528,0.0066519845277071,0.09617026150226593
0.041192516684532166,0.011123739182949066,0.15242990851402283
0.03261372074484825,0.005367426201701164,0.0862879827618599
0.023492315784096718,0.0008826951961964369,0.03231927007436752
0.03199441730976105,0.0029376232996582985,0.06137064844369888
0.032620977610349655,0.002457590540871024,0.05719688534736633
0.02152114547789097,0.0020433692261576653,0.04195483773946762
0.022086963057518005,0.001935123116709292,0.04143819212913513
0.026148797944188118,0.0014198919525370002,0.04034771770238876
0.024568088352680206,0.001843922887928784,0.043007317930459976
0.024869218468666077,0.0006424168823286891,0.031293388456106186
0.02055664360523224,0.001990149263292551,0.040458135306835175
0.02128819189965725,0.001979570370167494,0.04108389467000961
0.02388259582221508,0.0007538695354014635,0.03142129257321358
0.023841945454478264,0.0009354641078971326,0.0331965871155262
0.023037927225232124,0.0011361280921846628,0.034399207681417465
0.02165365219116211,0.0006123781204223633,0.027777433395385742
0.02354763261973858,0.0012540024472400546,0.03608765825629234
0.022378096356987953,0.0007746092742308974,0.03012418933212757
0.020939096808433533,0.001295113586820662,0.03389023244380951
0.022852974012494087,0.0011657319264486432,0.0345102921128273
0.022727828472852707,0.0006396530661731958,0.029124358668923378
0.022102681919932365,0.0008765385719016194,0.03086806833744049
0.020269006490707397,0.0008722548373043537,0.02899155393242836
0.024441774934530258,0.00043811716022901237,0.028822947293519974
0.02214217744767666,0.0005811094306409359,0.027953270822763443
0.021387530490756035,0.0006896024569869041,0.028283555060625076
0.022340066730976105,0.0005016829236410558,0.027356896549463272
0.022498322650790215,0.000392040703445673,0.02641873061656952
0.021364858373999596,0.0006306953728199005,0.0276718121021986
0.021935371682047844,0.00035528407897800207,0.02548821270465851
0.021959612146019936,0.00035317783476784825,0.025491390377283096
0.020265402272343636,0.0007167637231759727,0.027433039620518684
0.021857239305973053,0.0002984468883369118,0.024841707199811935
0.02377115935087204,0.0004896370228379965,0.028667530044913292
0.020794380456209183,0.0005355576286092401,0.02614995650947094
0.02484634332358837,0.0006739221280440688,0.03158556669950485
0.023064639419317245,0.0007094885804690421,0.03015952557325363
0.02486533112823963,0.0006801870767958462,0.03166720271110535
0.02320537529885769,0.001027154503390193,0.03347691893577576
0.024120161309838295,0.0006093267584219575,0.030213428661227226
0.02192823402583599,0.0007809253875166178,0.02973748743534088
0.023607436567544937,0.0006804520962759852,0.030411958694458008
0.021709971129894257,0.00048231991240754724,0.02653316967189312
0.020940540358424187,0.0009217988117597997,0.030158527195453644
0.020033705979585648,0.00038343999767675996,0.023868106305599213
0.024339407682418823,0.0009189813863486052,0.03352922201156616
0.023158466443419456,0.000680436787661165,0.02996283397078514
0.020178908482193947,0.0006624535890296102,0.02680344507098198
0.020093226805329323,0.0008456915384158492,0.02855014242231846
0.02245921641588211,0.0002949711633846164,0.025408927351236343
0.021102052181959152,0.0006228942656889558,0.027330994606018066
0.020903823897242546,0.0003847058687824756,0.024750882759690285
0.020743655040860176,0.0003351181512698531,0.02409483678638935
0.021250665187835693,0.0011793809244409204,0.033044472336769104
0.021659474819898605,0.0007784694898873568,0.029444169253110886
0.02263895608484745,0.0009442187729291618,0.03208114206790924
0.02177055925130844,0.0012333502527326345,0.03410406410694122
0.019860202446579933,0.0006640530191361904,0.026500731706619263
0.0208814088255167,0.0009664821554906666,0.03054622933268547
0.02198508195579052,0.0004588713636621833,0.026573795825242996
0.02050488442182541,0.0009622403886169195,0.03012728877365589
0.019483590498566628,0.000948921253439039,0.028972802683711052
0.019590603187680244,0.0009407199686393142,0.02899780310690403
0.020141735672950745,0.0007032426074147224,0.02717416174709797
0.020404333248734474,0.0010721840662881732,0.031126175075769424
0.020046792924404144,0.0008642285247333348,0.028689078986644745
0.019053403288125992,0.0010763551108539104,0.02981695532798767
0.01872580125927925,0.001290138578042388,0.03162718564271927
0.018544038757681847,0.0007275408133864403,0.02581944689154625
0.020229734480381012,0.0005812408635392785,0.026042142882943153
0.019992267712950706,0.0007751334924250841,0.02774360217154026
0.01836969703435898,0.00046984045184217393,0.023068102076649666
0.01861008256673813,0.0013174830237403512,0.031784914433956146
0.0193195641040802,0.0008981794817373157,0.028301358222961426
0.019904280081391335,0.0006954174605198205,0.026858454570174217
0.018916727975010872,0.0007254426600411534,0.026171155273914337
0.01784842647612095,0.0009660503710620105,0.0275089293718338
0.018186155706644058,0.0006611169083043933,0.02479732409119606
0.019880928099155426,0.0008487998857162893,0.028368927538394928
0.01958545669913292,0.0007837938028387725,0.027423394843935966
0.01786598563194275,0.0005265275249257684,0.02313126064836979
0.017619991675019264,0.00043966813245788217,0.022016672417521477
0.019515732303261757,0.0010287660406902432,0.02980339154601097
0.019894186407327652,0.0008392595918849111,0.028286781162023544
0.018051430583000183,0.0005880131502635777,0.023931562900543213
0.017368856817483902,0.0006285976269282401,0.023654833436012268
0.018386133015155792,0.0008377539925277233,0.0267636738717556
0.01905255950987339,0.0005091481143608689,0.024144040420651436
0.01818261854350567,0.0009328463929705322,0.027511082589626312
0.01764150708913803,0.0009204298839904368,0.02684580534696579
0.017927896231412888,0.0004976473283022642,0.022904369980096817
0.018360914662480354,0.0003382906725164503,0.02174382098019123
0.017910407856106758,0.0010894046863541007,0.02880445495247841
0.017752505838871002,0.0009446085314266384,0.027198590338230133
0.017997952178120613,0.000453300541266799,0.02253095805644989
0.01802443340420723,0.00037115233135409653,0.021735956892371178
0.017629919573664665,0.0009328355081379414,0.026958275586366653
0.017592888325452805,0.0006869214121252298,0.024462101981043816
0.018197154626250267,0.0006550387479364872,0.024747543036937714
0.017996743321418762,0.0005643691401928663,0.023640435189008713
0.017414584755897522,0.0007093350868672132,0.024507936090230942
0.01746591553092003,0.0005241836188361049,0.022707752883434296
0.018247313797473907,0.0007993393228389323,0.02624070644378662
0.01816231943666935,0.0006931516691111028,0.025093836709856987
0.017266985028982162,0.0005785729736089706,0.02305271476507187
0.017212508246302605,0.00047283212188631296,0.02194082923233509
0.01807229593396187,0.0008088522590696812,0.026160817593336105
0.018100421875715256,0.0006318370578810573,0.024418793618679047
0.017271919175982475,0.0006365598528645933,0.023637518286705017
0.01709182746708393,0.0005480818799696863,0.022572645917534828
0.017817797139286995,0.0006902075256220996,0.02471987158060074
0.017908422276377678,0.0005124948220327497,0.023033369332551956
0.01719064824283123,0.0007410033140331507,0.02460068091750145
0.017046071588993073,0.0006374490330927074,0.023420561105012894
0.01770278997719288,0.0005815254990011454,0.023518044501543045
0.01777232438325882,0.000428629107773304,0.02205861546099186
0.017106547951698303,0.00080172682646662,0.02512381598353386
0.016940908506512642,0.0006480977172031999,0.023421885445713997
0.017669497057795525,0.0006006049225106835,0.023675546050071716
0.01779380440711975,0.0004606423026416451,0.022400226444005966
0.017051097005605698,0.0007277423283085227,0.02432852052152157
0.01683538593351841,0.0005845342529937625,0.022680729627609253
0.017580922693014145,0.000662656151689589,0.02420748397707939
0.017774779349565506,0.0005181364831514657,0.02295614406466484
0.017030805349349976,0.0006437662523239851,0.023468468338251114
0.01675543189048767,0.0005332002183422446,0.02208743430674076
0.017474131658673286,0.0006848237826488912,0.024322370067238808
0.017654286697506905,0.0005235623102635145,0.022889910265803337
0.016978148370981216,0.0006479468429461122,0.023457616567611694
0.01673395186662674,0.0005576713010668755,0.022310664877295494
0.01735358126461506,0.0006293898914009333,0.023647479712963104
0.017516257241368294,0.00048026442527770996,0.022318901494145393
0.016889585182070732,0.0006827266770415008,0.023716852068901062
0.016705257818102837,0.0005845410050824285,0.022550668567419052
0.017291009426116943,0.0005879689706489444,0.023170698434114456
0.017406826838850975,0.00046573911095038056,0.022064218297600746
0.0168092492967844,0.000674665265250951,0.023555900901556015
0.016669757664203644,0.0005694152787327766,0.02236391045153141
0.017286017537117004,0.000592803698964417,0.023214053362607956
0.01735612563788891,0.0004943980602547526,0.022300105541944504
0.016710370779037476,0.0006290741730481386,0.023001112043857574
0.016607169061899185,0.0005417150096036494,0.02202431857585907
0.017270388081669807,0.000596066762227565,0.023231055587530136
0.01730947010219097,0.0005036762449890375,0.02234623208642006
0.016616756096482277,0.0006166303064674139,0.022783059626817703
0.01652064174413681,0.0005475654033944011,0.02199629694223404
0.01722737029194832,0.0005750809796154499,0.022978179156780243
0.017253372818231583,0.00048999855061993,0.022153358906507492
0.01653164066374302,0.0006334978388622403,0.022866617888212204
0.016442779451608658,0.0005742640350945294,0.022185418754816055
0.017164219170808792,0.0005464095738716424,0.022628314793109894
0.01719585247337818,0.00047382028424181044,0.021934054791927338
0.016456572338938713,0.0006472171517089009,0.022928744554519653
0.016368921846151352,0.0005858863005414605,0.022227784618735313
0.017109781503677368,0.0005397245986387134,0.02250702679157257
0.01713547296822071,0.00047014973824843764,0.02183697000145912
0.016396185383200645,0.0006523811025545001,0.022919997572898865
0.016311312094330788,0.0005846889107488096,0.022158201783895493
0.017058510333299637,0.0005446338327601552,0.02250484749674797
0.017071807757019997,0.00046828086487948895,0.021754616871476173
0.01633688621222973,0.0006582140340469778,0.022919027134776115
0.01625918224453926,0.000579551444388926,0.022054696455597878
0.016998248174786568,0.0005494006327353418,0.02249225415289402
0.016993409022688866,0.0004593601042870432,0.021587010473012924
0.016284827142953873,0.0006713890470564365,0.022998716682195663
0.016212547197937965,0.0005777643527835608,0.02199019119143486
0.01693400740623474,0.0005473780911415815,0.022407788783311844
0.016909021884202957,0.00044447818072512746,0.02135380357503891
0.016237640753388405,0.0006870729848742485,0.02310837060213089
0.01617264747619629,0.0005804855609312654,0.0219775028526783
0.016860900446772575,0.0005356319015845656,0.022217219695448875
0.016823284327983856,0.00042454939102753997,0.02106877788901329
0.016194555908441544,0.0007017001044005156,0.023211557418107986
0.016134174540638924,0.0005856553907506168,0.02199072763323784
0.016782129183411598,0.000519669963978231,0.02197882905602455
0.016737235710024834,0.00040729844477027655,0.020810220390558243
0.016155023127794266,0.0007094948668964207,0.023249972611665726
0.016097865998744965,0.0005904673016630113,0.022002538666129112
0.016703162342309952,0.0005027238512411714,0.02173040062189102
0.01665867492556572,0.0003949494566768408,0.020608169957995415
0.0161148589104414,0.0007093060994520783,0.02320791967213154
0.016057685017585754,0.0005926284939050674,0.02198396995663643
0.01662345603108406,0.0004886267706751823,0.021509723737835884
0.016586601734161377,0.0003868501225952059,0.020455103367567062
0.016075152903795242,0.0007061491487547755,0.023136645555496216
0.016014782711863518,0.0005947444005869329,0.021962227299809456
0.01654573157429695,0.00047667702892795205,0.021312501281499863
0.016519278287887573,0.00038058607606217265,0.02032513916492462
0.01603388786315918,0.0007047148537822068,0.023081036284565926
0.015969255939126015,0.0005991474026814103,0.021960729733109474
0.016471819952130318,0.0004649400943890214,0.021121220663189888
0.01645617000758648,0.00037297760718502104,0.02018594555556774
0.015990475192666054,0.0007087214617058635,0.023077689111232758
0.015921570360660553,0.0006071210955269635,0.02199278026819229
0.016401616856455803,0.00045299201156012714,0.020931536331772804
0.016394438222050667,0.0003639297792688012,0.020033735781908035
0.015944337472319603,0.0007175274658948183,0.0231196116656065
0.0158722884953022,0.0006174531299620867,0.02204681932926178
0.016335347667336464,0.0004410868277773261,0.02074621617794037
0.0163329616189003,0.00035365758230909705,0.01986953802406788
0.015896663069725037,0.0007291173096746206,0.02318783663213253
0.015822382643818855,0.0006280771340243518,0.02210315316915512
0.016271192580461502,0.00042998732533305883,0.020571066066622734
0.01627097837626934,0.000342773535521701,0.01969871297478676
0.01584809273481369,0.0007415041327476501,0.02326313406229019
0.01577269658446312,0.0006381270359270275,0.02215396612882614
0.0162083450704813,0.0004190676554571837,0.020399020984768867
0.016209270805120468,0.00033173218253068626,0.019526593387126923
0.01579918898642063,0.0007522610831074417,0.02332179993391037
0.015721822157502174,0.0006465490441769361,0.022187313064932823
0.016145501285791397,0.0004085433320142329,0.020230934023857117
0.01615026220679283,0.00032142794225364923,0.01936454139649868
0.015750419348478317,0.0007598618976771832,0.023349039256572723
0.015668924897909164,0.0006528516532853246,0.022197440266609192
0.01608184352517128,0.0003993410209659487,0.020075254142284393
0.016095884144306183,0.000313167052809149,0.01922755502164364
0.015700288116931915,0.000763577816542238,0.02333606593310833
0.01561246532946825,0.0006567051168531179,0.022179516032338142
0.016019560396671295,0.00039240100886672735,0.019943570718169212
0.016046976670622826,0.00030739078647457063,0.01912088505923748
0.015647996217012405,0.0007637940580025315,0.023285936564207077
0.01555196475237608,0.000657722819596529,0.02212919294834137
0.015960711985826492,0.00038861919892951846,0.019846905022859573
0.01600324921309948,0.0003042041207663715,0.019045289605855942
0.015593117102980614,0.0007603904232382774,0.023197021335363388
0.015488121658563614,0.0006548981764353812,0.02203710377216339
0.015906574204564095,0.00038868404226377606,0.01979341357946396
0.01596374437212944,0.00030395641806535423,0.019003309309482574
0.01553669385612011,0.0007516910554841161,0.0230536051094532
0.015422087162733078,0.0006463666795752943,0.02188575454056263
0.015857290476560593,0.00039330904837697744,0.01979038119316101
0.015927942469716072,0.0003073567640967667,0.019001509994268417
0.015481076203286648,0.0007358503062278032,0.022839579731225967
0.01535572949796915,0.0006309091113507748,0.021664820611476898
0.015811773017048836,0.00040304637514054775,0.0198422372341156
0.015895675867795944,0.00031534372828900814,0.019049113616347313
0.015428176149725914,0.0007120643858797848,0.022548820823431015
0.015290490351617336,0.0006086148205213249,0.02137663960456848
0.01576930470764637,0.00041815603617578745,0.0199508648365736
0.01586640626192093,0.0003283830010332167,0.01915023662149906
0.01537949126213789,0.0006814664811827242,0.022194156423211098
0.015227371826767921,0.0005810784641653299,0.021038156002759933
0.015729611739516258,0.00043816264951601624,0.020111238583922386
0.015838848426938057,0.0003457663406152278,0.019296512007713318
0.015335618518292904,0.0006471697706729174,0.021807316690683365
0.01516716554760933,0.000551277888007462,0.02067994326353073
0.015691712498664856,0.00046120822662487626,0.020303795114159584
0.015811072662472725,0.0003654500760603696,0.019465573132038116
0.015295340679585934,0.0006132349953986704,0.021427690982818604
0.015109553933143616,0.0005227923975326121,0.020337477326393127
0.015653925016522408,0.000484101299662143,0.020494937896728516
0.01578151062130928,0.0003842852602247149,0.019624363631010056
0.015256459824740887,0.0005837987409904599,0.021094447001814842
0.022755037993192673,0.00389068853110075,0.06166192516684532
0.023361530154943466,0.0036165951751172543,0.05952748283743858
0.024131502956151962,0.0031887455843389034,0.05601895973086357
0.022826429456472397,0.0035195464733988047,0.058021895587444305
0.02196594327688217,0.0032185532618314028,0.05415147542953491
0.023741457611322403,0.0034892307594418526,0.05863376334309578
0.02520948462188244,0.00305184000171721,0.05572788417339325
0.02360120788216591,0.003247707150876522,0.05607828125357628
0.0221147071570158,0.0030408690217882395,0.05252339690923691
0.023079145699739456,0.0033977932762354612,0.057057078927755356
0.023311400786042213,0.002901726169511676,0.05232866108417511
0.02216542325913906,0.003448827425017953,0.0566537007689476
0.021541407331824303,0.003244671504944563,0.05398812144994736
0.02181045152246952,0.0032172836363315582,0.053983286023139954
0.022735463455319405,0.0030834716744720936,0.053570181131362915
0.02130235731601715,0.0031723850406706333,0.05302620679140091
0.021596336737275124,0.0031048536766320467,0.052644871175289154
0.02196579799056053,0.0030272018630057573,0.05223781615495682
0.022688012570142746,0.0028916182927787304,0.051604196429252625
0.020475007593631744,0.003037119749933481,0.05084620416164398
0.020541401579976082,0.00291782571002841,0.049719661474227905
0.021613379940390587,0.0029651473741978407,0.05126485228538513
0.022542690858244896,0.0026453137397766113,0.04899583011865616
0.020521391183137894,0.0032318804878741503,0.05284019559621811
0.02022368274629116,0.003051014617085457,0.05073382705450058
0.02188180573284626,0.0029176250100135803,0.051058053970336914
0.0227451641112566,0.0026624235324561596,0.04936940222978592
0.020724032074213028,0.0031236696522682905,0.05196072906255722
0.02014797180891037,0.0028981524519622326,0.04912949725985527
0.02253001555800438,0.0030925418250262737,0.05345543473958969
0.0226872768253088,0.0028937230817973614,0.05162450671195984
0.020297346636652946,0.002951847855001688,0.0498158261179924
0.02015761286020279,0.0028314602095633745,0.04847221449017525
0.022846907377243042,0.003001229837536812,0.05285920575261116
0.022606097161769867,0.002844959730282426,0.05105569213628769
0.019860923290252686,0.0030427793972194195,0.050288718193769455
0.020331015810370445,0.0029730326496064663,0.05006134510040283
0.022199852392077446,0.0027407670859247446,0.049607522785663605
0.021937835961580276,0.0026831834111362696,0.048769667744636536
0.019763851538300514,0.003088291734457016,0.050646767020225525
0.020095219835639,0.0029699173755943775,0.04979439079761505
0.02228173427283764,0.002672211267054081,0.04900384694337845
0.021731944754719734,0.0026444708928465843,0.04817665368318558
0.019847163930535316,0.0030211596749722958,0.0500587597489357
0.01985454186797142,0.002876469399780035,0.048619236797094345
0.022675607353448868,0.0027211150154471397,0.049886755645275116
0.021918093785643578,0.0026884230319410563,0.04880232363939285
0.019719170406460762,0.0029209116473793983,0.048928286880254745
0.01959080807864666,0.0027922894805669785,0.047513701021671295
0.02289235219359398,0.0027716821059584618,0.05060917139053345
0.02209838107228279,0.002682696795091033,0.04892534762620926
0.019587112590670586,0.002952353563159704,0.04911065101623535
0.019599145278334618,0.0028404442127794027,0.04800358787178993
0.022324921563267708,0.0027203280478715897,0.049528203904628754
0.021632015705108643,0.0026313515845686197,0.0479455292224884
0.01948825642466545,0.0030439626425504684,0.049927882850170135
0.019650297239422798,0.0029454834293574095,0.04910513013601303
0.021639473736286163,0.002634132979437709,0.04798080399632454
0.021290404722094536,0.0025923463981598616,0.04721386730670929
0.019301792606711388,0.0030202814377844334,0.049504607915878296
0.019465886056423187,0.002880520885810256,0.048271097242832184
0.021929973736405373,0.0026770655531436205,0.04870063066482544
0.021674202755093575,0.0026363390497863293,0.04803759604692459
0.019114656373858452,0.002920449711382389,0.04831915348768234
0.01942555233836174,0.002804608317092061,0.04747163504362106
0.022084925323724747,0.0026801652275025845,0.048886578530073166
0.021721938624978065,0.0026125290896743536,0.04784722998738289
0.018986394628882408,0.002956036478281021,0.04854676127433777
0.0193942803889513,0.0028519355691969395,0.04791363328695297
0.021620966494083405,0.002629678463563323,0.04791775345802307
0.021444765850901604,0.0025605179835110903,0.04704994708299637
0.018878836184740067,0.0029825803358107805,0.048704639077186584
0.01923585869371891,0.0028440046589821577,0.047675907611846924
0.02156364731490612,0.002643376588821411,0.04799741506576538
0.021499961614608765,0.0025673930067569017,0.047173891216516495
0.018738411366939545,0.0029380684718489647,0.04811909794807434
0.019080661237239838,0.00280063902027905,0.04708705097436905
0.021640384569764137,0.00265276781283319,0.048168063163757324
0.021500246599316597,0.0025618907529860735,0.047119155526161194
0.018694313243031502,0.0029298067092895508,0.04799237847328186
0.019030792638659477,0.0028000054880976677,0.047030847519636154
0.02147543802857399,0.002636124612763524,0.04783668369054794
0.0213833786547184,0.0025385841727256775,0.046769220381975174
0.01860751211643219,0.00294654443860054,0.04807295650243759
0.018993554636836052,0.0028106344398111105,0.047099899500608444
0.021295815706253052,0.002621270250529051,0.047508519142866135
0.02132195606827736,0.0025300553534179926,0.04662250727415085
0.01846478506922722,0.0029293049592524767,0.0477578341960907
0.01889953762292862,0.002787590492516756,0.046775441616773605
0.021263863891363144,0.0026233899407088757,0.047497764229774475
0.021302085369825363,0.002531486563384533,0.04661694914102554
0.018366165459156036,0.0029008304700255394,0.04737447202205658
0.018788987770676613,0.002762114629149437,0.04641013592481613
0.021269183605909348,0.0026218832936137915,0.0474880188703537
0.02126333676278591,0.0025223451666533947,0.046486787497997284
0.018308933824300766,0.002897897968068719,0.04728791117668152
0.018723521381616592,0.002763578202575445,0.04635930433869362
0.021181313320994377,0.0026030712760984898,0.04721202701330185
0.021181657910346985,0.0025032395496964455,0.04621405154466629
0.018248921260237694,0.0029026551637798548,0.047275472432374954
0.018653659150004387,0.0027650129050016403,0.04630378633737564
0.021101774647831917,0.002590357093140483,0.04700534790754318
0.021115923300385475,0.002491915365681052,0.046035077422857285
0.018192071467638016,0.00289339991286397,0.04712606966495514
0.01857747696340084,0.0027516065165400505,0.046093542128801346
0.021090174093842506,0.002588205737993121,0.046972230076789856
0.021085225045681,0.0024895991664379835,0.04598121717572212
0.01814943552017212,0.002874883357435465,0.04689826816320419
0.01851162128150463,0.0027346163988113403,0.045857787132263184
0.021098464727401733,0.002585282549262047,0.0469512902200222
0.021059362217783928,0.0024867220781743526,0.04592658579349518
0.018119053915143013,0.00285977590829134,0.04671681299805641
0.01847236417233944,0.0027226486708968878,0.045698851346969604
0.02107897959649563,0.0025778640992939472,0.04685761779546738
0.021022818982601166,0.002479907823726535,0.0458218976855278
0.01808803156018257,0.002852559555321932,0.046613626182079315
0.018446994945406914,0.0027180651668459177,0.0456276461482048
0.021042078733444214,0.002564985305070877,0.046691931784152985
0.02097983844578266,0.0024702250957489014,0.045682087540626526
0.018055308610200882,0.0028472314588725567,0.04652762413024902
0.01841636933386326,0.002713503548875451,0.04555140435695648
0.021017897874116898,0.002552723977714777,0.04654513671994209
0.020938247442245483,0.0024615353904664516,0.045553602278232574
0.01803457923233509,0.002839735709130764,0.04643193632364273
0.018388453871011734,0.0027060583233833313,0.04544903710484505
0.021014368161559105,0.002543587936088443,0.04645024985074997
0.02091536484658718,0.002455121837556362,0.0454665832221508
0.01802472025156021,0.0028296783566474915,0.046321503818035126
0.018376115709543228,0.002697094576433301,0.04534706100821495
0.02101820521056652,0.0025349624920636415,0.0463678315281868
0.020906949415802956,0.002449338324368,0.045400332659482956
0.018015606328845024,0.002818530658259988,0.046200912445783615
0.018368961289525032,0.002688164124265313,0.045250602066516876
0.02101529948413372,0.002526041818782687,0.04627572000026703
0.020892944186925888,0.0024431657511740923,0.045324601233005524
0.01801116392016411,0.002808764111250639,0.04609880596399307
0.018366122618317604,0.002680787816643715,0.0451740026473999
0.02100750431418419,0.002516695996746421,0.046174466609954834
0.020874284207820892,0.0024370993487536907,0.045245278626680374
0.018015453591942787,0.0027997808065265417,0.04601326212286949
0.018370898440480232,0.002674403367564082,0.04511493444442749
0.021004693582654,0.0025065389927476645,0.04607008397579193
0.020857209339737892,0.0024308429565280676,0.045165639370679855
0.018030870705842972,0.002791232895106077,0.04594320058822632
0.018385615199804306,0.002668432891368866,0.045069944113492966
0.02100493758916855,0.0024963521864265203,0.04596845805644989
0.02084261365234852,0.0024248729459941387,0.04509134590625763
0.018053140491247177,0.0027825571596622467,0.045878712087869644
0.018405338749289513,0.0026622021105140448,0.04502736032009125
0.02100992575287819,0.0024871344212442636,0.04588127136230469
0.0208316370844841,0.0024200119078159332,0.04503175616264343
0.01808079704642296,0.0027728243730962276,0.04580904170870781
0.018425803631544113,0.002655436284840107,0.04498016834259033
0.021018991246819496,0.0024788309819996357,0.04580730199813843
0.02082076296210289,0.002415593946352601,0.04497670382261276
0.018115749582648277,0.0027630901895463467,0.04574665427207947
0.018444759771227837,0.002648967783898115,0.044934436678886414
0.021031152456998825,0.0024711103178560734,0.045742254704236984
0.020809881389141083,0.002410889370366931,0.04491877555847168
0.01815863698720932,0.0027543327305465937,0.04570196568965912
0.018462369218468666,0.0026434953324496746,0.044897325336933136
0.021042658016085625,0.0024638075847178698,0.045680731534957886
0.020798884332180023,0.0024057370610535145,0.04485625401139259
0.01820455491542816,0.0027466830797493458,0.045671384781599045
0.018474919721484184,0.002638951176777482,0.04486443102359772
0.02105131186544895,0.0024568603839725256,0.045619916170835495
0.020784487947821617,0.0024001216515898705,0.04478570446372032
0.018249984830617905,0.002739883027970791,0.045648813247680664
0.018479639664292336,0.002634897129610181,0.04482860863208771
0.021057190373539925,0.0024502803571522236,0.045559994876384735
0.020767342299222946,0.0023940408136695623,0.044707752764225006
0.018289951607584953,0.002733960747718811,0.04562956094741821
0.018476257100701332,0.0026313848793506622,0.044790104031562805
0.02105909399688244,0.00244364095851779,0.04549550265073776
0.020746972411870956,0.0023874661419540644,0.044621631503105164
0.018320169299840927,0.002729163970798254,0.04561180993914604
0.018467284739017487,0.002628583461046219,0.044753119349479675
0.02105405367910862,0.0024363710545003414,0.04541776329278946
0.020721519365906715,0.002380284247919917,0.04452436417341232
0.018337950110435486,0.0027258540503680706,0.045596491545438766
0.018454942852258682,0.0026268132496625185,0.04472307488322258
0.021038947626948357,0.002428066451102495,0.045319609344005585
0.020688947290182114,0.002372459974139929,0.044413547962903976
0.0183433648198843,0.002724399557337165,0.045587360858917236
0.01844215579330921,0.0026263489853590727,0.04470564424991608
0.02101205103099346,0.0024186649825423956,0.045198701322078705
0.0206478051841259,0.002364130923524499,0.04428911209106445
0.018338995054364204,0.002724899211898446,0.04558798670768738
0.0184316448867321,0.0026272712275385857,0.04470435529947281
0.020972421392798424,0.002408306347206235,0.045055486261844635
0.020597679540514946,0.0023553238715976477,0.04415091872215271
0.018330153077840805,0.0027273797895759344,0.045603953301906586
0.018425211310386658,0.002629656810313463,0.044721778482198715
0.02092144265770912,0.0023972149938344955,0.04489359259605408
0.02053888887166977,0.0023460749071091413,0.04399963840842247
0.018321169540286064,0.0027316585183143616,0.04563775658607483
0.018422584980726242,0.0026332733687013388,0.04475531727075577
0.020860901102423668,0.0023858787026256323,0.04471968859434128
0.020472392439842224,0.0023366303648799658,0.04383869469165802
0.01831376925110817,0.002737086033448577,0.04568462818861008
0.04973229393362999,0.0007164593553170562,0.056896887719631195
0.045872390270233154,0.0005536550306715071,0.05140893906354904
0.03939324989914894,0.0006402907310985029,0.04579615592956543
0.033055856823921204,0.0010430682450532913,0.04348653927445412
0.031226446852087975,0.0009193699806928635,0.04042014479637146
0.03202946484088898,0.0008687765803188086,0.0407172292470932
0.028712697327136993,0.0008616318227723241,0.037329014390707016
0.02606932260096073,0.0010587909491732717,0.03665723279118538
0.02570405788719654,0.0008716553566046059,0.03442060947418213
0.02846328355371952,0.0006353463395498693,0.03481674566864967
0.026376882568001747,0.000607692520134151,0.032453808933496475
0.025969140231609344,0.0009828400798141956,0.035797540098428726
0.02632858231663704,0.0007883287617005408,0.03421187028288841
0.025917932391166687,0.0006321457331068814,0.032239388674497604
0.02538672275841236,0.0007107086712494493,0.03249380737543106
0.0235720407217741,0.00066499033709988,0.03022194467484951
0.023862579837441444,0.000574282428715378,0.029605403542518616
0.024964911863207817,0.0004927091649733484,0.029892003163695335
0.023612935096025467,0.00044068496208637953,0.02801978588104248
0.022994155064225197,0.0008055427460931242,0.031049583107233047
0.02333413064479828,0.0006561142508871853,0.029895272105932236
0.023871513083577156,0.0005232371622696519,0.02910388447344303
0.022736214101314545,0.000561173481401056,0.02834794856607914
0.02180805429816246,0.0006863281596451998,0.02867133542895317
0.02197117917239666,0.0005432190373539925,0.027403369545936584
0.02302653342485428,0.0005634933477267623,0.028661467134952545
0.021699989214539528,0.0005112751969136298,0.02681274153292179
0.021905560046434402,0.0006517632282339036,0.028423191979527473
0.021858230233192444,0.0005281504709273577,0.027139734476804733
0.022798312827944756,0.0004992439062334597,0.027790751308202744
0.02180659957230091,0.0004983205581083894,0.02678980492055416
0.020833229646086693,0.0005931153427809477,0.026764383539557457
0.020906507968902588,0.0004872417193837464,0.02577892504632473
0.022071484476327896,0.00044797602458857,0.026551244780421257
0.02033836580812931,0.0004820315807592124,0.025158680975437164
0.02093878574669361,0.000545628136023879,0.02639506757259369
0.020249269902706146,0.000492389255668968,0.025173163041472435
0.021884115412831306,0.00048677052836865187,0.026751819998025894
0.01992851309478283,0.0005531914066523314,0.02546042762696743
0.021087661385536194,0.0005019887466914952,0.0261075496673584
0.02049395628273487,0.0006147944368422031,0.026641901582479477
0.02026110701262951,0.0003195726021658629,0.023456832394003868
0.019460778683423996,0.0006287430878728628,0.02574821002781391
0.020024452358484268,0.000420279277022928,0.024227244779467583
0.019297664985060692,0.0006368625909090042,0.025666290894150734
0.01977311074733734,0.00022844283375889063,0.022057538852095604
0.02014615386724472,0.0014712598640471697,0.03485875204205513
0.02031632885336876,0.0009948629885911942,0.0302649587392807
0.020123936235904694,0.0006627605180256069,0.02675154060125351
0.0210381168872118,0.0013004110660403967,0.034042228013277054
0.019500697031617165,0.0006958720041438937,0.02645941823720932
0.020306352525949478,0.0014969478361308575,0.03527583181858063
0.02111530862748623,0.00185772858094424,0.03969259560108185
0.0191237423568964,0.0008713865536265075,0.027837608009576797
0.01987582817673683,0.0007286436157301068,0.02716226503252983
0.02176780439913273,0.0011224544141441584,0.032992348074913025
0.019470950588583946,0.00023373992007691413,0.021808350458741188
0.018377015367150307,0.004855743609368801,0.06693445146083832
0.01893576607108116,0.006270074285566807,0.08163650333881378
0.018273262307047844,0.0013148292200639844,0.03142155334353447
0.023909641429781914,0.004961822181940079,0.07352786511182785
0.03136197477579117,0.009749853052198887,0.1288605034351349
0.03062729723751545,0.00510475505143404,0.08167484402656555
0.02176748774945736,0.001462960965000093,0.03639709949493408
0.01738581992685795,0.0044488441199064255,0.06187426298856735
0.018733706325292587,0.004313816782087088,0.06187187507748604
0.020554732531309128,0.002414767164736986,0.044702403247356415
0.0219443179666996,0.002504665870219469,0.046990975737571716
0.02324158512055874,0.0016942932270467281,0.040184520184993744
0.022604960948228836,0.0017987733008340001,0.04059269279241562
0.019463548436760902,0.0024920522700995207,0.04438406974077225
0.017737092450261116,0.001236303010955453,0.030100122094154358
0.021184751763939857,0.0016524341190233827,0.03770909458398819
0.022302787750959396,0.0018158990424126387,0.04046177864074707
0.020328251644968987,0.00034896330907940865,0.023817885667085648
0.019680876284837723,0.0025510622654110193,0.04519149661064148
0.01992432400584221,0.003393074031919241,0.05385506525635719
0.018510328605771065,0.0007701594731770456,0.026211922988295555
0.02492528036236763,0.003862669924274087,0.06355197727680206
0.03257053717970848,0.008154641836881638,0.11411695182323456
0.030867082998156548,0.005135056562721729,0.08221764862537384
0.02152765728533268,0.0008153662784025073,0.02968132123351097
0.019230728968977928,0.003715244587510824,0.056383177638053894
0.023376479744911194,0.006394717842340469,0.08732365816831589
0.021799419075250626,0.003825328079983592,0.06005270034074783
0.02035173960030079,0.001169356401078403,0.03204530477523804
0.02560572326183319,0.0026655439287424088,0.05226116254925728
0.027291011065244675,0.003295603208243847,0.06024704501032829
0.022389089688658714,0.0013569926377385855,0.035959016531705856
0.019133735448122025,0.0017074954230338335,0.03620868921279907
0.021449772641062737,0.0032999305985867977,0.05444908142089844
0.020893726497888565,0.0019447477534413338,0.04034120589494705
0.02029753290116787,0.000649196736048907,0.026789501309394836
0.023471850901842117,0.001862306846305728,0.042094919830560684
0.02259119786322117,0.0007746382034383714,0.030337579548358917
0.020098799839615822,0.0011097108945250511,0.031195908784866333
0.019486062228679657,0.0017769355326890945,0.0372554175555706
0.018693096935749054,0.0007861483609303832,0.02655458077788353
0.021631624549627304,0.0009395141969434917,0.031026765704154968
0.02186177857220173,0.000774798565544188,0.029609763994812965
0.01901562511920929,0.0006636910256929696,0.025652535259723663
0.0196247436106205,0.000811220845207572,0.027736952528357506
0.0205412395298481,0.00029030139558017254,0.02344425395131111
0.02116347849369049,0.0008224585908465087,0.0293880645185709
0.019384339451789856,0.0003698054642882198,0.023082394152879715
0.021189071238040924,0.0009375790832564235,0.030564863234758377
0.019548416137695312,0.000626307912170887,0.025811495259404182
0.019762326031923294,0.0009673131862655282,0.029435457661747932
0.02144317515194416,0.0006661609513685107,0.028104785829782486
0.020748741924762726,0.000886431778781116,0.029613059014081955
0.020158668980002403,0.0011771970894187689,0.03193064033985138
0.017281271517276764,0.0009872408118098974,0.027153680101037025
0.019542623311281204,0.0008961628191173077,0.028504252433776855
0.021353784948587418,0.0005407304270192981,0.026761088520288467
0.020347580313682556,0.0005377245834097266,0.025724826380610466
0.017467917874455452,0.000801487360149622,0.025482792407274246
0.018143456429243088,0.0005889430176466703,0.02403288707137108
0.02104250341653824,0.00048800703370943666,0.02592257410287857
0.019174247980117798,0.0003463075263425708,0.022637322545051575
0.017545416951179504,0.0012794295325875282,0.030339712277054787
0.017757577821612358,0.0011267256923019886,0.02902483567595482
0.019502636045217514,0.0006405775202438235,0.02590841054916382
0.020525645464658737,0.0008679727325215936,0.02920537255704403
0.018976863473653793,0.0005673028063029051,0.02464989200234413
0.017241142690181732,0.000758256996050477,0.024823712185025215
0.018991198390722275,0.000786812393926084,0.02685932256281376
0.019479941576719284,0.00040585690294392407,0.023538511246442795
0.019986754283308983,0.0008213419932872057,0.028200173750519753
0.01853781007230282,0.0007103784009814262,0.02564159408211708
0.018782423809170723,0.0005911161424592137,0.02469358593225479
0.019048435613512993,0.00037504814099520445,0.022798916324973106
0.019605174660682678,0.0008448580047115684,0.028053754940629005
0.019690122455358505,0.0006475812988355756,0.026165936142206192
0.019415106624364853,0.0006416885298676789,0.02583199180662632
0.019595585763454437,0.0006615397287532687,0.026210982352495193
0.017955053597688675,0.0006409953348338604,0.024365007877349854
0.018870633095502853,0.00047087587881833315,0.023579392582178116
0.019727235659956932,0.0006945548811927438,0.026672784239053726
0.019529996439814568,0.0005691750557161868,0.025221746414899826
0.017527278512716293,0.000718343653716147,0.02471071481704712
0.018223585560917854,0.0005642789765261114,0.023866375908255577
0.019545158371329308,0.0005590838845819235,0.02513599768280983
0.018940797075629234,0.0004784524207934737,0.023725321516394615
0.017501164227724075,0.0008206510101445019,0.025707673281431198
0.01771562360227108,0.0007542072562500834,0.025257695466279984
0.019334694370627403,0.0004023700603283942,0.02335839532315731
0.01876375451683998,0.0004165583522990346,0.02292933687567711
0.01778971217572689,0.0007552359602414072,0.025342071428894997
0.017533186823129654,0.0006666229455731809,0.024199416860938072
0.01925000734627247,0.00048273589345626533,0.024077367037534714
0.018782632425427437,0.00044087140122428536,0.02319134585559368
0.01825833134353161,0.0006318350788205862,0.024576682597398758
0.01772061176598072,0.0005387670826166868,0.023108283057808876
0.019168511033058167,0.0005940219853073359,0.025108730420470238
0.018877508118748665,0.0005154764512553811,0.024032272398471832
0.01813134178519249,0.0005592542584054172,0.023723885416984558
0.017909694463014603,0.0004891619319096208,0.022801313549280167
0.01896982453763485,0.00060896115610376,0.02505943551659584
0.019000042229890823,0.0005251925904303789,0.024251967668533325
0.01789148338139057,0.0005170177901163697,0.023061661049723625
0.017779171466827393,0.00045828273869119585,0.0223619993776083
0.0187978632748127,0.0006052907556295395,0.024850770831108093
0.018806446343660355,0.0005034729256294668,0.02384117618203163
0.01786722242832184,0.0005225788336247206,0.02309301123023033
0.017749810591340065,0.00045521793072111905,0.022301990538835526
0.0187226515263319,0.0005817750934511423,0.024540401995182037
0.018528874963521957,0.0004903162480331957,0.023432036861777306
0.017839694395661354,0.0005445366259664297,0.02328506112098694
0.01781725324690342,0.0004695676907431334,0.022512929514050484
0.01867244765162468,0.0005274971481412649,0.023947419598698616
0.01837180368602276,0.00045944517478346825,0.022966254502534866
0.017786333337426186,0.0005649157101288438,0.02343549020588398
0.017773685976862907,0.0004895146703347564,0.022668832913041115
0.018563764169812202,0.0004905554233118892,0.023469317704439163
0.018312133848667145,0.0004228884354233742,0.022541018202900887
0.017774900421500206,0.0005849687149748206,0.023624587804079056
0.017721565440297127,0.0005072380881756544,0.022793946787714958
0.01846538670361042,0.0004646973975468427,0.023112360388040543
0.01822683960199356,0.00039989451761357486,0.02222578413784504
0.017744777724146843,0.0005988074699416757,0.023732852190732956
0.017707552760839462,0.0005172190722078085,0.022879743948578835
0.01842149719595909,0.0004384874482639134,0.022806372493505478
0.018111811950802803,0.0003869105421472341,0.02198091708123684
0.017693910747766495,0.0006009428761899471,0.02370334044098854
0.01766050048172474,0.0005152946105226874,0.022813446819782257
0.01836654543876648,0.0004244155716150999,0.022610701620578766
0.01805165223777294,0.00037354748928919435,0.02178712747991085
0.017691239714622498,0.0005949502810835838,0.023640742525458336
0.017610948532819748,0.0005110454512760043,0.02272140234708786
0.018287384882569313,0.00042167771607637405,0.022504162043333054
0.018051335588097572,0.0003645007382147014,0.021696344017982483
0.017681164667010307,0.0005876565701328218,0.02355773001909256
0.017589755356311798,0.0005072668427601457,0.02266242355108261
0.01822010800242424,0.00041576928924769163,0.022377800196409225
0.018008161336183548,0.00036117108538746834,0.021619871258735657
0.017616350203752518,0.0005795616889372468,0.023411966860294342
0.017566926777362823,0.000500780064612627,0.02257472649216652
0.01815946027636528,0.00040734215872362256,0.02223288267850876
0.01793336682021618,0.00035717114224098623,0.021505078300833702
0.017566898837685585,0.0005718686152249575,0.023285584524273872
0.02160804532468319,0.003913464955985546,0.06074269860982895
0.022091472521424294,0.003693193197250366,0.059023402631282806
0.021359410136938095,0.003572569228708744,0.057085100561380386
0.02102295681834221,0.0035515385679900646,0.05653834342956543
0.020500758662819862,0.003314719768241048,0.0536479577422142
0.02201209031045437,0.0035867097321897745,0.057879187166690826
0.02202184498310089,0.003415035782381892,0.0561722032725811
0.021559910848736763,0.0030413467902690172,0.0519733801484108
0.02015656605362892,0.003126345342025161,0.05142001807689667
0.021938344463706017,0.0030058231204748154,0.05199657380580902
0.020150022581219673,0.0030199624598026276,0.0503496453166008
0.019896820187568665,0.00285927252843976,0.04848954454064369
0.01997620239853859,0.0026981711853295565,0.04695791378617287
0.018785817548632622,0.0041385735385119915,0.06017155200242996
0.019374780356884003,0.0037179102655500174,0.056553881615400314
0.020926428958773613,0.0032869623973965645,0.05379605293273926
0.020619794726371765,0.003215174190700054,0.052771538496017456
0.01974490098655224,0.0037859254516661167,0.05760415643453598
0.01909036934375763,0.0032380647026002407,0.05147101730108261
0.022708958014845848,0.0038475566543638706,0.06118452548980713
0.02425713650882244,0.004140092991292477,0.0656580701470375
0.020418187603354454,0.0028692055493593216,0.04911024123430252
0.018528053537011147,0.003678000532090664,0.055308058857917786
0.019631560891866684,0.0032701583113521338,0.05233314260840416
0.021219195798039436,0.002855560276657343,0.04977479577064514
0.019620195031166077,0.003392884973436594,0.05354904383420944
0.019750988110899925,0.003535712603479624,0.05510811507701874
0.019117916002869606,0.003051901236176491,0.04963693022727966
0.019892588257789612,0.0028686539735645056,0.048579126596450806
0.020235929638147354,0.003004007041454315,0.050276000052690506
0.019152620807290077,0.0028141129296272993,0.04729375243186951
0.01887289248406887,0.002951323986053467,0.04838613420724869
0.019418630748987198,0.002938029821962118,0.048798929899930954
0.01923963986337185,0.0027877555694431067,0.0471171960234642
0.01936204731464386,0.002617747290059924,0.04553952068090439
0.019343629479408264,0.0031135615427047014,0.05047924444079399
0.01825377158820629,0.0029664947651326656,0.04791872203350067
0.018713317811489105,0.0027568817604333162,0.04628213495016098
0.019335933029651642,0.0025543749798089266,0.04487968236207962
0.0195637084543705,0.0028817085549235344,0.04838079214096069
0.01852932572364807,0.0026525671128183603,0.04505499452352524
0.018167555332183838,0.0032685508485883474,0.05085306242108345
0.018775345757603645,0.003010736545547843,0.04888271167874336
0.0192408487200737,0.002649520291015506,0.045736052095890045
0.018255814909934998,0.0025781947188079357,0.04403776302933693
0.017944447696208954,0.0029875808395445347,0.047820255160331726
0.018374640494585037,0.002514645690098405,0.04352109879255295
0.01961970329284668,0.0031833734828978777,0.05145343765616417
0.01870495267212391,0.0029935669153928757,0.048640623688697815
0.017872216179966927,0.002705702092498541,0.04492923617362976
0.01816306822001934,0.002407483523711562,0.04223790392279625
0.020047038793563843,0.0032408079132437706,0.0524551197886467
0.01938639022409916,0.0030074925161898136,0.04946131259202957
0.01761510595679283,0.002649559173732996,0.04411069676280022
0.017770987004041672,0.002561643486842513,0.04338742047548294
0.019357310608029366,0.0029648328199982643,0.04900563880801201
0.01919141225516796,0.0028077310416847467,0.04726872220635414
0.017743324860930443,0.002696781186386943,0.04471113532781601
0.017469126731157303,0.002658737590536475,0.04405650496482849
0.0188387893140316,0.0028546107932925224,0.047384895384311676
0.019100874662399292,0.002732423599809408,0.04642511159181595
0.017735065892338753,0.0026984212454408407,0.04471927881240845
0.01755606383085251,0.0027077088598161936,0.04463315010070801
0.018239829689264297,0.00270337937399745,0.04527362436056137
0.018516846001148224,0.002605639398097992,0.04457323998212814
0.01769178733229637,0.002726264763623476,0.04495443403720856
0.0175167229026556,0.002660372294485569,0.04412044584751129
0.01840786449611187,0.0026651599910110235,0.04505946487188339
0.01835448294878006,0.002558975713327527,0.04394423961639404
0.017717376351356506,0.0027448125183582306,0.04516550153493881
0.017577657476067543,0.0026602218858897686,0.04417987912893295
0.018280263990163803,0.002623968757688999,0.044519953429698944
0.018333183601498604,0.002527610631659627,0.043609291315078735
0.01761014387011528,0.002704485785216093,0.044655002653598785
0.017549660056829453,0.0025983850937336683,0.04353351145982742
0.01817798614501953,0.0026416294276714325,0.044594280421733856
0.01810462772846222,0.0025322192814201117,0.043426819145679474
0.017598889768123627,0.002684054896235466,0.04443943873047829
0.017582718282938004,0.002557214582338929,0.04315486550331116
0.018255624920129776,0.0026472622994333506,0.044728249311447144
0.018022041767835617,0.0025437064468860626,0.04345910623669624
0.017475087195634842,0.0026663036551326513,0.04413812607526779
0.01756889559328556,0.0025314840022474527,0.0428837351500988
0.01833518221974373,0.0026343667414039373,0.04467885196208954
0.01806715689599514,0.002527447883039713,0.043341636657714844
0.017366614192724228,0.0026627755723893642,0.043994370847940445
0.017390282824635506,0.0025298618711531162,0.042688898742198944
0.018316594883799553,0.002644415246322751,0.044760748744010925
0.018143020570278168,0.002535661216825247,0.04349963366985321
0.01742895320057869,0.0026195584796369076,0.04362453892827034
0.017370717599987984,0.0025104640517383814,0.04247535765171051
0.01824144646525383,0.002648663939908147,0.04472808539867401
0.018131209537386894,0.0025451360270380974,0.04358256980776787
0.017375648021697998,0.0025871729012578726,0.04324737936258316
0.017376143485307693,0.002486455487087369,0.042240697890520096
0.01820034347474575,0.002645776141434908,0.044658102095127106
0.018117371946573257,0.0025485181249678135,0.04360255226492882
0.017299886792898178,0.00255871401168406,0.04288702458143234
0.017272189259529114,0.0024694311432540417,0.041966501623392105
0.018145699054002762,0.0026465337723493576,0.04461103677749634
0.01810767687857151,0.0025478419847786427,0.04358609765768051
0.017325259745121002,0.0025246762670576572,0.042572021484375
0.017216455191373825,0.002448377199470997,0.04170022904872894
0.01806652918457985,0.0026497088838368654,0.044563617557287216
0.018060648813843727,0.0025462941266596317,0.04352358728647232
0.017329232767224312,0.002501091221347451,0.04234014451503754
0.01722380518913269,0.0024269823916256428,0.041493628174066544
0.018002085387706757,0.0026485545095056295,0.04448763281106949
0.017983559519052505,0.0025486410595476627,0.04346996918320656
0.017275147140026093,0.0024805772118270397,0.042080920189619064
0.017205165699124336,0.0024048136547207832,0.04125330224633217
0.017966115847229958,0.002648433670401573,0.04445045441389084
0.017929302528500557,0.0025489157997071743,0.043418459594249725
0.01723533682525158,0.002461402676999569,0.04184936359524727
0.0171698909252882,0.002386291977018118,0.0410328134894371
0.017925482243299484,0.002646945882588625,0.04439494013786316
0.017889125272631645,0.002544369548559189,0.04333282262086868
0.017211655154824257,0.0024456665851175785,0.04166831821203232
0.017143329605460167,0.0023703482002019882,0.0408468097448349
0.017874622717499733,0.002646513283252716,0.044339753687381744
0.01782744750380516,0.002544235438108444,0.0432698018848896
0.017182908952236176,0.002429032465443015,0.041473232209682465
0.017122749239206314,0.002352507086470723,0.04064781963825226
0.01784609630703926,0.002645893022418022,0.04430502653121948
0.017768945544958115,0.00254273833706975,0.04319632798433304
0.017142673954367638,0.002418022369965911,0.041322898119688034
0.017104893922805786,0.002338404068723321,0.04048893600702286
0.01782977767288685,0.0026441155932843685,0.04427093267440796
0.017738645896315575,0.002542296890169382,0.04316161572933197
0.01709650084376335,0.0024051719810813665,0.04114822298288345
0.017070883885025978,0.0023258847650140524,0.04032973200082779
0.01779908686876297,0.002642870880663395,0.04422779381275177
0.01770799048244953,0.0025409578811377287,0.04311756789684296
0.017063520848751068,0.0023917369544506073,0.04098089039325714
0.017036037519574165,0.0023136313538998365,0.04017235338687897
0.01777024380862713,0.0026423772796988487,0.044194016605615616
0.017679790034890175,0.002539978828281164,0.04307957738637924
0.017032740637660027,0.002378895878791809,0.04082170128822327
0.017005065456032753,0.0023022519890218973,0.04002758488059044
0.017735643312335014,0.0026421677321195602,0.04415731877088547
0.017646588385105133,0.0025406326167285442,0.04305291548371315
0.016998087987303734,0.0023654380347579718,0.04065246880054474
0.016973210498690605,0.00229045026935637,0.03987771272659302
0.017705583944916725,0.00264144130051136,0.044119998812675476
0.017613347619771957,0.0025399706792086363,0.04301305487751961
0.01696549914777279,0.002353539690375328,0.04050089418888092
0.01694047637283802,0.002279704436659813,0.0397375226020813
0.017682604491710663,0.0026409965939819813,0.0440925695002079
0.017591647803783417,0.0025401529856026173,0.042993176728487015
0.016934817656874657,0.002340607577934861,0.04034089297056198
0.01690679043531418,0.002269212156534195,0.03959891200065613
0.01765233837068081,0.0026409702841192484,0.044062040746212006
0.017568428069353104,0.002540221903473139,0.04297064617276192
0.016905147582292557,0.0023280088789761066,0.04018523544073105
0.016872482374310493,0.0022592181339859962,0.039464663714170456
0.017621327191591263,0.002640476217493415,0.04402609169483185
0.01754310540854931,0.002539733424782753,0.04294043779373169
0.01687810942530632,0.00231608422473073,0.040038950741291046
0.016840649768710136,0.002249587792903185,0.03933652490377426
0.017592119053006172,0.0026398487389087677,0.0439906045794487
0.01751846633851528,0.0025395082775503397,0.04291354864835739
0.016848882660269737,0.0023045423440635204,0.03989430516958237
0.016809482127428055,0.0022403020411729813,0.03921250253915787
0.017563477158546448,0.0026384880766272545,0.04394835978746414
0.017494196072220802,0.002538305940106511,0.042877256870269775
0.0168202742934227,0.002293942729011178,0.03975970298051834
0.01677659898996353,0.002231837250292301,0.039094969630241394
0.01753603294491768,0.002636802615597844,0.04390405863523483
0.01747119054198265,0.0025369192007929087,0.0428403839468956
0.01679290272295475,0.002283706795424223,0.0396299734711647
0.01674308441579342,0.002223947085440159,0.03898255527019501
0.017509687691926956,0.0026347050443291664,0.04385673999786377
0.01745014823973179,0.002534942002967,0.04279956966638565
0.016766302287578583,0.00227423757314682,0.03950867801904678
0.016710270196199417,0.0022168958093971014,0.03887923061847687
0.017483843490481377,0.0026317965239286423,0.04380180686712265
0.017430439591407776,0.002532423008233309,0.04275466874241829
0.01673869788646698,0.0022654833737760782,0.039393529295921326
0.01667642965912819,0.002210683189332485,0.03878325968980789
0.017459198832511902,0.0026278928853571415,0.04373812675476074
0.017412709072232246,0.002528772223740816,0.04270043224096298
0.0167120061814785,0.0022578348871320486,0.039290353655815125
0.016641592606902122,0.0022058277390897274,0.03869987279176712
0.017435092478990555,0.002622396219521761,0.04365905374288559
0.017396941781044006,0.0025237060617655516,0.04263400286436081
0.01668504625558853,0.0022514862939715385,0.039199911057949066
0.01660526730120182,0.002202589064836502,0.03863115608692169
0.017410578206181526,0.002614557044580579,0.04355614632368088
0.01738227717578411,0.00251622567884624,0.04254453629255295
0.016659118235111237,0.002247083932161331,0.03912995755672455
0.016568146646022797,0.0022014686837792397,0.038582831621170044
0.017384884878993034,0.002603634027764201,0.043421223759651184
0.017367931082844734,0.002505826996639371,0.04242619872093201
0.016633087769150734,0.0022451349068433046,0.039084434509277344
0.016529979184269905,0.0022030570544302464,0.038560546934604645
0.017355790361762047,0.002588283736258745,0.043238624930381775
0.017351634800434113,0.002491105580702424,0.042262688279151917
0.016608837991952896,0.0022464157082140446,0.03907299414277077
0.016492508351802826,0.0022077227476984262,0.03856973350048065
0.017321277409791946,0.0025680577382445335,0.04300185292959213
0.02558620646595955,0.00042900783591903746,0.029876284301280975
0.02200152352452278,0.00013419256720226258,0.02334344945847988
0.019943173974752426,0.0001084085670299828,0.021027259528636932
0.01879744417965412,9.213821613229811e-05,0.019718825817108154
0.017964038997888565,8.585913019487634e-05,0.018822630867362022
0.01737571693956852,8.343603985849768e-05,0.01821007765829563
0.016825908794999123,7.62966665206477e-05,0.01758887618780136
0.016380006447434425,6.515556742670015e-05,0.017031561583280563
0.015430700965225697,7.508488488383591e-05,0.016181549057364464
0.01488206721842289,6.738208321621642e-05,0.015555888414382935
0.014450877904891968,6.500805466203019e-05,0.01510095875710249
0.013837997801601887,7.076087058521807e-05,0.014545606449246407
0.013347427360713482,6.378999387379736e-05,0.013985327444970608
0.012793369591236115,6.620267231483012e-05,0.013455396518111229
0.01235215924680233,6.451498484238982e-05,0.012997308745980263
0.011986869387328625,6.112469418440014e-05,0.01259811595082283
0.011635574512183666,6.402895087376237e-05,0.012275864370167255
0.011272788979113102,6.619647319894284e-05,0.011934753507375717
0.011121668852865696,5.492290802067146e-05,0.011670897714793682
0.01083388365805149,5.810583752463572e-05,0.01141494233161211
0.01059630885720253,5.291076740832068e-05,0.011125416494905949
0.010353653691709042,5.2694631449412555e-05,0.010880599729716778
0.01010835450142622,4.856582745560445e-05,0.010594013147056103
0.009890460409224033,4.51532905572094e-05,0.010341993533074856
0.009644425474107265,4.4645683374255896e-05,0.010090881958603859
0.009340483695268631,4.587123839883134e-05,0.009799196384847164
0.00909921620041132,4.147647268837318e-05,0.009513980709016323
0.008869039826095104,3.7527068343479186e-05,0.009244310669600964
0.008548067882657051,3.762167762033641e-05,0.00892428494989872
0.008165248669683933,3.383104922249913e-05,0.008503559045493603
0.007895641028881073,3.1232237233780324e-05,0.008207963779568672
0.007648536004126072,3.073750849580392e-05,0.007955910637974739
0.007417723536491394,2.7301266527501866e-05,0.0076907360926270485
0.00717634754255414,2.742882315942552e-05,0.0074506355449557304
0.006991964764893055,2.4151362595148385e-05,0.007233478594571352
0.006795782595872879,2.28064636758063e-05,0.007023847196251154
0.006567700300365686,2.2661162802251056e-05,0.006794312037527561
0.006385019514709711,2.086081622110214e-05,0.006593627855181694
0.006212229840457439,2.031722033279948e-05,0.006415402051061392
0.006032605189830065,2.0121300622122362e-05,0.0062338183633983135
0.005868841428309679,1.9046186935156584e-05,0.006059303414076567
0.005663749761879444,1.9490034901537e-05,0.005858649965375662
0.005517010577023029,1.88486937986454e-05,0.005705497693270445
0.00540168909355998,1.7463109543314204e-05,0.005576319992542267
0.0052727567963302135,1.608322600077372e-05,0.005433589220046997
0.005157230421900749,1.6393247278756462e-05,0.00532116275280714
0.005032776854932308,1.493870877311565e-05,0.005182163789868355
0.004901365842670202,1.3687829778064042e-05,0.005038244184106588
0.004802644718438387,1.193047864944674e-05,0.004921949468553066
0.0047059087082743645,1.207349487231113e-05,0.004826643504202366
0.004627576097846031,1.041076029650867e-05,0.004731683526188135
0.004522069822996855,1.1173948223586194e-05,0.004633809439837933
0.004439612850546837,1.0789551197376568e-05,0.004547508433461189
0.004310160409659147,1.2126313777116593e-05,0.004431423731148243
0.004230277147144079,1.2318290828261524e-05,0.004353459924459457
0.004138518124818802,1.2407006579451263e-05,0.004262587986886501
0.004037781618535519,1.3102398042974528e-05,0.004168805666267872
0.003949177451431751,1.3152789506420959e-05,0.0040807053446769714
0.003865891834720969,1.2567852536449209e-05,0.003991570323705673
0.0037913646083325148,1.2472800335672218e-05,0.003916092682629824
0.0037005902267992496,1.2637500731216278e-05,0.0038269651122391224
0.0036175644490867853,1.1437675311753992e-05,0.003731941105797887
0.003540345700457692,1.1032823749701492e-05,0.00365067389793694
0.0034803980961441994,1.00564539025072e-05,0.0035809625405818224
0.0033926810137927532,1.0108103197126184e-05,0.003493762109428644
0.0033143290784209967,9.765697541297413e-06,0.00341198593378067
0.0032381287310272455,9.526138455839828e-06,0.003333390224725008
0.00313765462487936,1.0522224329179153e-05,0.003242876846343279
0.0030359886586666107,9.868393135548104e-06,0.0031346725299954414
0.0029560367111116648,9.801218766369857e-06,0.003054048866033554
0.002838272601366043,1.0789079169626348e-05,0.0029461632948368788
0.002743365475907922,9.87032035482116e-06,0.0028420686721801758
0.00260806898586452,1.110051653085975e-05,0.0027190742548555136
0.002494649263098836,1.0033503713202663e-05,0.00259498436935246
0.0023974908981472254,8.75652585818898e-06,0.002485056174919009
0.0022690952755510807,7.91444290371146e-06,0.002348239766433835
0.0021354970522224903,7.126052878447808e-06,0.002206757664680481
0.0020126954186707735,6.938217666174751e-06,0.0020820775534957647
0.0018691433360800147,7.231936251628213e-06,0.0019414627458900213
0.0017194431275129318,7.615903541591251e-06,0.0017956021474674344
0.0016191649483516812,6.810958893765928e-06,0.0016872745472937822
0.001503337756730616,6.265500360314036e-06,0.001565992715768516
0.0014273574342951179,5.141097062733024e-06,0.0014787684194743633
0.001347845420241356,4.340360646892805e-06,0.0013912490103393793
0.0012624573428183794,4.138169970246963e-06,0.0013038390316069126
0.0012091031530871987,3.6595056371879764e-06,0.0012456981930881739
0.0011140202404931188,3.730233856913401e-06,0.0011513226199895144
0.0010067904368042946,3.698510681715561e-06,0.0010437755845487118
0.0008899887907318771,4.206382527627284e-06,0.0009320526150986552
0.0008019045926630497,3.5254140584584093e-06,0.0008371587609872222
0.0007217008387669921,3.6906576497131027e-06,0.0007586074061691761
0.0006391135975718498,3.3915166568476707e-06,0.0006730287568643689
0.0005640764138661325,3.3170913411595393e-06,0.000597247330006212
0.0005002224934287369,3.1252557164407335e-06,0.0005314750596880913
0.0004612620978150517,2.937619001386338e-06,0.00049063831102103
0.0004174591158516705,2.6385500859760214e-06,0.0004438446194399148
0.000381025776732713,2.1871651370020118e-06,0.0004028974217362702
0.00035163757274858654,2.0622078409360256e-06,0.0003722596447914839
0.00032125975121743977,2.075923930533463e-06,0.0003420189896132797
0.00029307519434951246,2.0582779143296648e-06,0.0003136579762212932
0.00027086312184110284,1.9286658243800048e-06,0.00029014976462349296
0.0002561966248322278,1.4596030268876348e-06,0.0002707926614675671
0.0002362428786000237,1.2718942343781237e-06,0.0002489618200343102
0.00021632184507325292,1.2027439879602753e-06,0.00022834927949588746
0.00020146126917097718,1.1526813068485353e-06,0.00021298808860592544
0.00018823698337655514,1.0043078191301902e-06,0.00019828006043098867
0.0001763997133821249,9.388911053065385e-07,0.00018578862363938242
0.00016679344116710126,8.657282251078868e-07,0.00017545072478242218
0.00015851881471462548,8.45968202156655e-07,0.0001669784978730604
0.0001489639253122732,8.657165722070204e-07,0.0001576210925122723
0.00014122106949798763,8.719530342204962e-07,0.0001499406062066555
0.00013427472731564194,8.792072776486748e-07,0.00014306680532172322
0.00012596839223988354,8.73361216235935e-07,0.00013470200065057725
0.00011909419117728248,8.830709248286439e-07,0.00012792489724233747
0.00011296173761365935,8.113327112369006e-07,0.0001210750633617863
0.00010807818762259558,7.696958164160606e-07,0.00011577514669625089
0.00010329870565328747,7.088171969371615e-07,0.00011038687807740644
9.889973443932831e-05,6.950477313694137e-07,0.00010585020936559886
9.419126581633464e-05,6.381488901752164e-07,0.00010057275358121842
8.963059372035787e-05,6.428467145269678e-07,9.605906234355643e-05
8.664334018249065e-05,5.865080083822249e-07,9.250841685570776e-05
8.33005178719759e-05,5.601194743576343e-07,8.890171011444181e-05
8.116382377920672e-05,5.052369260738487e-07,8.621619053883478e-05
7.885287777753547e-05,4.521581900007732e-07,8.337445615325123e-05
7.625378202646971e-05,4.462921481263038e-07,8.071670163189992e-05
7.350192026933655e-05,3.975913216436311e-07,7.747783092781901e-05
7.062014628900215e-05,3.78327598582473e-07,7.440341869369149e-05
6.8179055233486e-05,3.7320603496482363e-07,7.19111121725291e-05
6.620326894335449e-05,3.817743277068075e-07,7.002101483521983e-05
6.466720515163615e-05,3.5071107618023234e-07,6.817431858507916e-05
6.284366099862382e-05,3.5168915246686083e-07,6.636055331910029e-05
6.127743108663708e-05,3.5397306419326924e-07,6.481716263806447e-05
5.9289039199939e-05,3.6454352425607794e-07,6.293447222560644e-05
5.809035064885393e-05,3.2670948257873533e-07,6.135744479252025e-05
5.668164885719307e-05,3.3774472285585944e-07,6.0059097449993715e-05
5.5069376685423777e-05,3.2933468219198403e-07,5.836272248416208e-05
5.3671046771341935e-05,3.250592612857872e-07,5.6921639043139294e-05
5.278018943499774e-05,2.888139079004759e-07,5.566832987824455e-05
5.194701225263998e-05,2.8308605237725715e-07,5.477787271956913e-05
5.0925769755849615e-05,2.9456671768457454e-07,5.387143755797297e-05
4.980076846550219e-05,2.9666469458788924e-07,5.276741649140604e-05
4.8915757361100987e-05,2.8119802664150484e-07,5.172773671802133e-05
4.7949277359293774e-05,2.6589600565785076e-07,5.060823605163023e-05
4.688076296588406e-05,2.5323606678284705e-07,4.941312363371253e-05
4.605812137015164e-05,2.5309941520390566e-07,4.858911415794864e-05
4.5105076424079016e-05,2.544129529269412e-07,4.764920595334843e-05
4.424696817295626e-05,2.3722897424249823e-07,4.661925777327269e-05
4.3347576138330624e-05,2.2873624061503506e-07,4.56349371233955e-05
4.26553342549596e-05,2.1419617723950068e-07,4.479729614104144e-05
4.190589606878348e-05,2.06162980020963e-07,4.396752774482593e-05
4.1015544411493465e-05,2.0047671966949565e-07,4.302031084080227e-05
4.01529687223956e-05,1.9598471112658444e-07,4.211281702737324e-05
3.906621350324713e-05,2.0540824152703863e-07,4.1120296373264864e-05
3.812603245023638e-05,1.9851958654726332e-07,4.011122655356303e-05
3.7556816096184775e-05,1.7718811307076976e-07,3.93286973121576e-05
3.681559974211268e-05,1.6998852458982583e-07,3.851548535749316e-05
3.615220703068189e-05,1.636786919334554e-07,3.7788995541632175e-05
3.549916436895728e-05,1.625300996010992e-07,3.712446414283477e-05
3.480216764728539e-05,1.5217713666970667e-07,3.632393782027066e-05
3.402361471671611e-05,1.4715708118728799e-07,3.549518442014232e-05
3.3311895094811916e-05,1.4877902287935285e-07,3.479968654573895e-05
3.265643317718059e-05,1.472860873263926e-07,3.412929436308332e-05
3.2165247830562294e-05,1.3448722313569306e-07,3.351012128405273e-05
3.1773277441971004e-05,1.3128726550348802e-07,3.308615123387426e-05
3.112826743745245e-05,1.2933040238749527e-07,3.242157254135236e-05
3.0723345844307914e-05,1.2006714200651913e-07,3.192401709384285e-05
3.0272003641584888e-05,1.0948387796361203e-07,3.136684244964272e-05
2.9871982405893505e-05,1.028949014880709e-07,3.090093014179729e-05
2.9441051083267666e-05,1.0174538545015821e-07,3.0458504625130445e-05
2.9015156542300247e-05,9.984822213482403e-08,3.0013638024684042e-05
2.8546248358907178e-05,9.962090530279966e-08,2.9542457923525944e-05
2.8115151508245617e-05,1.0386483495494758e-07,2.9153799914638512e-05
2.7752923415391706e-05,9.84774999324145e-08,2.8737698812619783e-05
2.7418785975896753e-05,9.435584047423617e-08,2.8362344892229885e-05
2.7084815883426927e-05,9.261753319833588e-08,2.801099071803037e-05
2.659659912751522e-05,9.665867395369787e-08,2.756318644969724e-05
2.6261302991770208e-05,9.691220270724443e-08,2.723042416619137e-05
2.5848990844679065e-05,9.654304733430763e-08,2.6814421289600432e-05
2.556793697294779e-05,9.352574892318444e-08,2.650319402164314e-05
2.519727058825083e-05,9.274344847653992e-08,2.6124704163521528e-05
2.4807148292893544e-05,9.578936044363218e-08,2.576504266471602e-05
2.449280691507738e-05,9.229428599155654e-08,2.5415749405510724e-05
2.4067549020401202e-05,9.07489763335434e-08,2.4975039195851423e-05
2.369099820498377e-05,9.402776157685366e-08,2.4631275664432906e-05
2.3370575945591554e-05,9.257577460175526e-08,2.4296334231621586e-05
2.3141110432334244e-05,9.089645658377776e-08,2.405007580819074e-05
2.2940577764529735e-05,8.570687271003408e-08,2.3797645553713664e-05
2.269296601298265e-05,8.145379837287692e-08,2.3507504010922275e-05
2.2422758775064722e-05,8.121375572045508e-08,2.3234895706991665e-05
2.2202513719093986e-05,7.740712248960335e-08,2.2976584659772925e-05
2.202047107857652e-05,7.257850143105316e-08,2.2746256945538335e-05
2.179646799049806e-05,7.373594002046957e-08,2.2533828087034635e-05
2.1584071873803623e-05,7.495792431200243e-08,2.233365194115322e-05
2.142641278624069e-05,7.214669750510438e-08,2.2147880372358486e-05
2.129096355929505e-05,6.611135461298545e-08,2.1952077077003196e-05
2.1047304471721873e-05,6.635120541886863e-08,2.1710817236453295e-05
2.0719005988212302e-05,6.593344892280584e-08,2.137834053428378e-05
2.0518802557489835e-05,6.136675523293889e-08,2.113246955559589e-05
2.0289156964281574e-05,5.896360733004258e-08,2.0878793293377385e-05
2.0013098037452437e-05,6.43335908989684e-08,2.065643457171973e-05
1.9834340491797775e-05,5.983240924933853e-08,2.043266431428492e-05
1.959278051799629e-05,5.948091086338536e-08,2.0187590052955784e-05
1.9394359696889296e-05,6.022339249511788e-08,1.9996594346594065e-05
1.9204240743420087e-05,5.8499026067693194e-08,1.978923137357924e-05
1.9067034372710623e-05,5.6398285153136385e-08,1.9631017494248226e-05
1.8804170395014808e-05,5.8996903362640296e-08,1.9394139599171467e-05
1.8633194486028515e-05,5.72296201539757e-08,1.9205490389140323e-05
1.8426653696224093e-05,5.725405927137217e-08,1.899919516290538e-05
1.8237788026453927e-05,5.75361838173194e-08,1.881314892671071e-05
1.8073209503199905e-05,5.671856939670761e-08,1.8640395865077153e-05
1.789664020179771e-05,5.81871333338313e-08,1.8478511265129782e-05
1.7709307940094732e-05,6.019245546440288e-08,1.8311233361600898e-05
1.756209894665517e-05,5.978520789540198e-08,1.8159951650886796e-05
1.733669159875717e-05,6.20817033336607e-08,1.7957509044208564e-05
1.7188094716402702e-05,6.019790532718616e-08,1.779007288860157e-05
1.6993941244436428e-05,6.256917117752891e-08,1.7619633581489325e-05
1.6869498722371645e-05,6.061971191684279e-08,1.7475695130997337e-05
1.6749001588323154e-05,5.877114261920724e-08,1.7336713426630013e-05
1.6615256754448637e-05,5.608718112171118e-08,1.7176129404106177e-05
1.645773954805918e-05,5.522722545947545e-08,1.7010012015816756e-05
1.6292717191390693e-05,5.530867497327563e-08,1.6845804566401057e-05
1.610798244655598e-05,5.6784447366453605e-08,1.667582728259731e-05
1.5902096492936835e-05,5.9496720439256023e-08,1.6497064279974438e-05
1.5746112694614567e-05,5.856309570617668e-08,1.633174360904377e-05
1.558717485750094e-05,5.7033570755038454e-08,1.6157509890035726e-05
1.5380226614070125e-05,5.852161422126301e-08,1.596544279891532e-05
1.5258547136909328e-05,5.6695085959290736e-08,1.582549884915352e-05
1.5109879313968122e-05,5.5754412642272655e-08,1.5667423213017173e-05
1.5002619875303935e-05,5.3377924302822066e-08,1.553639958729036e-05
1.4902323528076522e-05,5.0497099834956316e-08,1.540729499538429e-05
1.4744343388883863e-05,4.80408957059808e-08,1.522475213278085e-05
1.4600532267650124e-05,4.805949416208932e-08,1.5081127457960974e-05
1.4455647033173591e-05,4.6319737379008075e-08,1.4918844499334227e-05
1.4309214748209342e-05,4.6347576443395155e-08,1.4772690519748721e-05
1.4197463315213099e-05,4.680591203509721e-08,1.4665522030554712e-05
1.4045366697246209e-05,4.940088516036667e-08,1.4539375115418807e-05
1.3921025129093323e-05,5.0618773173027876e-08,1.4427212590817362e-05
1.3780750123260077e-05,4.952050858264556e-08,1.4275955436460208e-05
1.367716868116986e-05,4.858860336298676e-08,1.4163054402160924e-05
1.3560998922912404e-05,4.754902960257823e-08,1.4036489119462203e-05
1.3486886018654332e-05,4.560073563197875e-08,1.3942893019702751e-05
1.3381615644902922e-05,4.5350088129225696e-08,1.3835116988047957e-05
1.3295820281200577e-05,4.249179141879722e-08,1.3720738024858292e-05
1.3165539712645113e-05,4.194737357465783e-08,1.3585013221018016e-05
1.3070784916635603e-05,4.244039431000601e-08,1.3495188795786817e-05
1.2990245522814803e-05,4.170079748178068e-08,1.34072533910512e-05
1.2899550711154006e-05,4.1014473595168965e-08,1.3309695532370824e-05
1.278047238884028e-05,4.319460700230593e-08,1.3212418707553297e-05
1.267246170755243e-05,4.370472694859018e-08,1.310950938204769e-05
1.2594315194291994e-05,4.344623505403433e-08,1.3028777175350115e-05
1.253005120815942e-05,4.318305002470879e-08,1.2961882021045312e-05
1.244512532139197e-05,4.288926902518142e-08,1.2874017556896433e-05
1.234703631780576e-05,4.24327879500197e-08,1.2771363799402025e-05
1.223202889377717e-05,4.235745265646074e-08,1.2655603313760366e-05
1.21351404231973e-05,4.16105336853434e-08,1.2551246072689537e-05
1.2065838745911606e-05,4.085069704728994e-08,1.247434556717053e-05
1.2034351129841525e-05,4.180284207677687e-08,1.245237945113331e-05
1.2040649380651303e-05,4.004796139156497e-08,1.244112900167238e-05
1.2029473509755917e-05,4.013237031585959e-08,1.243079714186024e-05
1.19324586194125e-05,4.0500957254607783e-08,1.2337468433543108e-05
1.1825742149085272e-05,4.151506161065299e-08,1.2240892829140648e-05
1.1721779628715012e-05,4.109205065105925e-08,1.2132700248912442e-05
1.1632720088528004e-05,3.983147323083358e-08,1.2031035112158861e-05
1.1532438293215819e-05,4.1403065864642485e-08,1.1946469385293312e-05
1.1439431546023116e-05,4.075772963574309e-08,1.1847008863696828e-05
1.1341922800056636e-05,3.889621424946199e-08,1.1730884580174461e-05
1.124616483139107e-05,3.95259966978756e-08,1.1641424862318672e-05
1.1175636245752685e-05,3.8763960930054964e-08,1.1563275620574132e-05
1.1149162673973478e-05,3.9640600135726345e-08,1.1545568668225314e-05
1.1088011888205074e-05,3.96328481144792e-08,1.148434057540726e-05
1.1086592166975606e-05,3.967666373227985e-08,1.1483359230624046e-05
1.1035231182177085e-05,3.8740825658578615e-08,1.1422639545344282e-05
1.0951054719043896e-05,3.971818429704399e-08,1.1348236512276344e-05
1.086815245798789e-05,4.130099640065055e-08,1.1281162187515292e-05
1.0799240044434555e-05,4.086752625198642e-08,1.1207915122213308e-05
1.076188709703274e-05,3.817795146687786e-08,1.1143666597490665e-05
1.0686747373256367e-05,3.8506303923213636e-08,1.107181014958769e-05
1.0579993613646366e-05,3.949862303898044e-08,1.0974979886668734e-05
1.048989906848874e-05,3.9131286655447184e-08,1.0881211892410647e-05
1.0367994946136605e-05,3.781360291554847e-08,1.0746131010819227e-05
1.0279577509209048e-05,3.620435862217164e-08,1.06416209746385e-05
1.020900162984617e-05,3.4018569294858025e-08,1.0549187209107913e-05
1.012340362649411e-05,3.3590019654639036e-08,1.0459303666721098e-05
1.0031866622739471e-05,3.369218859461398e-08,1.0368788935011253e-05
9.938728908309713e-06,3.382609392588165e-08,1.0276989996782504e-05
9.857052646111697e-06,3.399889081379115e-08,1.0197041774517857e-05
9.797817256185226e-06,3.320242214499558e-08,1.0129841029993258e-05
9.704092917672824e-06,3.2660391724448345e-08,1.0030697012552992e-05
9.70205928751966e-06,3.2515021786139187e-08,1.0027209100371692e-05
9.601481906429399e-06,3.4613456989518454e-08,9.947616490535438e-06
9.550350114295725e-06,3.2804312155576554e-08,9.878393029794097e-06
9.493561265117023e-06,3.242895019184289e-08,9.817850695981178e-06
9.41140388022177e-06,3.28377538494351e-08,9.739781489770394e-06
9.339252756035421e-06,3.312052143655819e-08,9.670457984611858e-06
9.294985829910729e-06,3.293399686299381e-08,9.62432568485383e-06
9.228003364114556e-06,3.310799456812674e-08,9.559083082422148e-06
9.170553312287666e-06,3.2665930405073595e-08,9.497212886344641e-06
9.136437256529462e-06,3.2454600784603826e-08,9.460983164899517e-06
9.071560270967893e-06,3.103664880654833e-08,9.381927156937309e-06
9.015707291837316e-06,2.9991248595706566e-08,9.315619536209852e-06
8.96606252354104e-06,2.9496298736830795e-08,9.261025297746528e-06
8.893102858564816e-06,2.9226203679399987e-08,9.18536534300074e-06
8.84251858224161e-06,2.9222864128541914e-08,9.134747415373567e-06
8.78938317327993e-06,2.8513948535646705e-08,9.074522495211568e-06
8.729258297535125e-06,2.8649751016018854e-08,9.01575549505651e-06
8.699383215571288e-06,2.872505611151155e-08,8.98663347470574e-06
8.650847121316474e-06,2.8243416494433404e-08,8.933281606005039e-06
8.588527634856291e-06,2.8773401439252666e-08,8.876261745172087e-06
8.538559995940886e-06,2.862961956395793e-08,8.82485619513318e-06
8.481951226713136e-06,2.890460137905393e-08,8.770996828388888e-06
8.442018952337094e-06,2.8035220367428337e-08,8.722370694158599e-06
8.419600817433093e-06,2.75198530630405e-08,8.694799362274352e-06
8.37270727060968e-06,2.8123849915573373e-08,8.653945769765414e-06
8.333056939591188e-06,2.7636929189611692e-08,8.60942600411363e-06
8.285434887511656e-06,2.7163473248492664e-08,8.557070032111369e-06
8.247709047282115e-06,2.7043405737003923e-08,8.518142749380786e-06
8.193211215257179e-06,2.616425298640479e-08,8.454853741568513e-06
8.162494850694202e-06,2.662603471037528e-08,8.428754881606437e-06
8.106635505100712e-06,2.6707116518309704e-08,8.373706805286929e-06
8.093536962405778e-06,2.7120556467252754e-08,8.364742825506255e-06
8.060945219767746e-06,2.6609935588339795e-08,8.327044270117767e-06
8.049993994063698e-06,2.6390317486857384e-08,8.31389752420364e-06
8.014082595764194e-06,2.4722634606177962e-08,8.261308721557725e-06
7.94600691733649e-06,2.618462957570955e-08,8.207853170461021e-06
7.899843694758601e-06,2.607672655585702e-08,8.16061128716683e-06
7.858334356569685e-06,2.4991773983629173e-08,8.108251677185763e-06
7.808274858689401e-06,2.514244812346078e-08,8.059699212026317e-06
7.7807262641727e-06,2.5217904209284825e-08,8.032905498112086e-06
7.7649265222135e-06,2.5590066954350732e-08,8.020827408472542e-06
7.751908924547024e-06,2.5003314974014756e-08,8.001941750990227e-06
7.724320312263444e-06,2.5041821061222436e-08,7.974738764460199e-06
7.689439371461049e-06,2.4551631838676258e-08,7.934955647215247e-06
7.671451385249384e-06,2.4502361029021813e-08,7.916474714875221e-06
7.646500307600945e-06,2.4368059570178957e-08,7.890181223046966e-06
7.589636425109347e-06,2.417022848533179e-08,7.831338734831661e-06
7.588731932628434e-06,2.4163309575442327e-08,7.830364666006062e-06
7.579759767395444e-06,2.4242565288545848e-08,7.822185580153018e-06
7.560842732345918e-06,2.4485652616590414e-08,7.80569916969398e-06
7.540450042142766e-06,2.3957579031730347e-08,7.780025953252334e-06
7.535675649705809e-06,2.401186449674242e-08,7.775794074404985e-06
7.521551651734626e-06,2.386222597294818e-08,7.760173502902035e-06
7.512155207223259e-06,2.3912360092026574e-08,7.751278644718695e-06
7.464951522706542e-06,2.412757638126095e-08,7.706226824666373e-06
7.459929292963352e-06,2.4220037531108574e-08,7.702129551034886e-06
7.425509011227405e-06,2.3702831697391957e-08,7.662537427677307e-06
7.420725978590781e-06,2.392413378515812e-08,7.659967195650097e-06
7.410150374198565e-06,2.4167373879890874e-08,7.651824489585124e-06
7.404784810205456e-06,2.388648567830387e-08,7.643649951205589e-06
7.381990599242272e-06,2.4260875974846385e-08,7.624599220434902e-06
7.381990599242272e-06,2.4260875974846385e-08,7.624599220434902e-06
7.381990599242272e-06,2.4260875974846385e-08,7.624599220434902e-06
7.381990599242272e-06,2.4260875974846385e-08,7.624599220434902e-06
7.381990599242272e-06,2.4260875974846385e-08,7.624599220434902e-06
7.381990599242272e-06,2.4260875974846385e-08,7.624599220434902e-06
7.381990599242272e-06,2.4260875974846385e-08,7.624599220434902e-06
7.381990599242272e-06,2.4260875974846385e-08,7.624599220434902e-06
7.381990599242272e-06,2.4260875974846385e-08,7.624599220434902e-06
7.381990599242272e-06,2.4260875974846385e-08,7.624599220434902e-06
7.381990599242272e-06,2.4260875974846385e-08,7.624599220434902e-06
7.381990599242272e-06,2.4260875974846385e-08,7.624599220434902e-06
7.381990599242272e-06,2.4260875974846385e-08,7.624599220434902e-06
7.381990599242272e-06,2.4260875974846385e-08,7.624599220434902e-06
7.381990599242272e-06,2.4260875974846385e-08,7.624599220434902e-06
7.381990599242272e-06,2.4260875974846385e-08,7.624599220434902e-06
7.381990599242272e-06,2.4260875974846385e-08,7.624599220434902e-06
7.381990599242272e-06,2.4260875974846385e-08,7.624599220434902e-06
7.381990599242272e-06,2.4260875974846385e-08,7.624599220434902e-06
7.381990599242272e-06,2.4260875974846385e-08,7.624599220434902e-06
7.381990599242272e-06,2.4260875974846385e-08,7.624599220434902e-06
7.381990599242272e-06,2.4260875974846385e-08,7.624599220434902e-06
7.381990599242272e-06,2.4260875974846385e-08,7.624599220434902e-06
7.381990599242272e-06,2.4260875974846385e-08,7.624599220434902e-06
7.381990599242272e-06,2.4260875974846385e-08,7.624599220434902e-06
7.381990599242272e-06,2.4260875974846385e-08,7.624599220434902e-06
7.381990599242272e-06,2.4260875974846385e-08,7.624599220434902e-06
7.381990599242272e-06,2.4260875974846385e-08,7.624599220434902e-06
7.381990599242272e-06,2.4260875974846385e-08,7.624599220434902e-06
7.381990599242272e-06,2.4260875974846385e-08,7.624599220434902e-06
7.381990599242272e-06,2.4260875974846385e-08,7.624599220434902e-06
7.381990599242272e-06,2.4260875974846385e-08,7.624599220434902e-06
7.381990599242272e-06,2.4260875974846385e-08,7.624599220434902e-06
7.381990599242272e-06,2.4260875974846385e-08,7.624599220434902e-06
7.381990599242272e-06,2.4260875974846385e-08,7.624599220434902e-06
7.381990599242272e-06,2.4260875974846385e-08,7.624599220434902e-06
7.381990599242272e-06,2.4260875974846385e-08,7.624599220434902e-06
7.381990599242272e-06,2.4260875974846385e-08,7.624599220434902e-06
7.381990599242272e-06,2.4260875974846385e-08,7.624599220434902e-06
7.381990599242272e-06,2.4260875974846385e-08,7.624599220434902e-06
7.381990599242272e-06,2.4260875974846385e-08,7.624599220434902e-06
7.381990599242272e-06,2.4260875974846385e-08,7.624599220434902e-06
7.381990599242272e-06,2.4260875974846385e-08,7.624599220434902e-06
7.381990599242272e-06,2.4260875974846385e-08,7.624599220434902e-06
7.381990599242272e-06,2.4260875974846385e-08,7.624599220434902e-06
7.381990599242272e-06,2.4260875974846385e-08,7.624599220434902e-06
7.381990599242272e-06,2.4260875974846385e-08,7.624599220434902e-06
7.381990599242272e-06,2.4260875974846385e-08,7.624599220434902e-06
7.381990599242272e-06,2.4260875974846385e-08,7.624599220434902e-06
7.381990599242272e-06,2.4260875974846385e-08,7.624599220434902e-06
7.381990599242272e-06,2.4260875974846385e-08,7.624599220434902e-06
7.381990599242272e-06,2.4260875974846385e-08,7.624599220434902e-06
7.381990599242272e-06,2.4260875974846385e-08,7.624599220434902e-06
7.381990599242272e-06,2.4260875974846385e-08,7.624599220434902e-06
7.381990599242272e-06,2.4260875974846385e-08,7.624599220434902e-06
7.381990599242272e-06,2.4260875974846385e-08,7.624599220434902e-06
7.381990599242272e-06,2.4260875974846385e-08,7.624599220434902e-06
7.381990599242272e-06,2.4260875974846385e-08,7.624599220434902e-06
7.381990599242272e-06,2.4260875974846385e-08,7.624599220434902e-06
7.381990599242272e-06,2.4260875974846385e-08,7.624599220434902e-06
7.381990599242272e-06,2.4260875974846385e-08,7.624599220434902e-06
7.381990599242272e-06,2.4260875974846385e-08,7.624599220434902e-06
7.381990599242272e-06,2.4260875974846385e-08,7.624599220434902e-06
7.381990599242272e-06,2.4260875974846385e-08,7.624599220434902e-06
7.381990599242272e-06,2.4260875974846385e-08,7.624599220434902e-06
7.381990599242272e-06,2.4260875974846385e-08,7.624599220434902e-06
7.381990599242272e-06,2.4260875974846385e-08,7.624599220434902e-06
7.381990599242272e-06,2.4260875974846385e-08,7.624599220434902e-06
7.381990599242272e-06,2.4260875974846385e-08,7.624599220434902e-06
7.381990599242272e-06,2.4260875974846385e-08,7.624599220434902e-06
7.381990599242272e-06,2.4260875974846385e-08,7.624599220434902e-06
7.381990599242272e-06,2.4260875974846385e-08,7.624599220434902e-06
7.381990599242272e-06,2.4260875974846385e-08,7.624599220434902e-06
7.381990599242272e-06,2.4260875974846385e-08,7.624599220434902e-06
7.381990599242272e-06,2.4260875974846385e-08,7.624599220434902e-06
7.381990599242272e-06,2.4260875974846385e-08,7.624599220434902e-06
7.381990599242272e-06,2.4260875974846385e-08,7.624599220434902e-06
7.381990599242272e-06,2.4260875974846385e-08,7.624599220434902e-06
7.381990599242272e-06,2.4260875974846385e-08,7.624599220434902e-06
7.381990599242272e-06,2.4260875974846385e-08,7.624599220434902e-06
7.381990599242272e-06,2.4260875974846385e-08,7.624599220434902e-06
7.381990599242272e-06,2.4260875974846385e-08,7.624599220434902e-06
7.381990599242272e-06,2.4260875974846385e-08,7.624599220434902e-06
7.381990599242272e-06,2.4260875974846385e-08,7.624599220434902e-06
7.381990599242272e-06,2.4260875974846385e-08,7.624599220434902e-06
7.381990599242272e-06,2.4260875974846385e-08,7.624599220434902e-06
7.381990599242272e-06,2.4260875974846385e-08,7.624599220434902e-06
7.381990599242272e-06,2.4260875974846385e-08,7.624599220434902e-06
7.381990599242272e-06,2.4260875974846385e-08,7.624599220434902e-06
7.381990599242272e-06,2.4260875974846385e-08,7.624599220434902e-06
7.381990599242272e-06,2.4260875974846385e-08,7.624599220434902e-06
7.381990599242272e-06,2.4260875974846385e-08,7.624599220434902e-06
7.381990599242272e-06,2.4260875974846385e-08,7.624599220434902e-06
7.381990599242272e-06,2.4260875974846385e-08,7.624599220434902e-06
7.381990599242272e-06,2.4260875974846385e-08,7.624599220434902e-06
7.381990599242272e-06,2.4260875974846385e-08,7.624599220434902e-06
7.381990599242272e-06,2.4260875974846385e-08,7.624599220434902e-06
7.381990599242272e-06,2.4260875974846385e-08,7.624599220434902e-06
7.381990599242272e-06,2.4260875974846385e-08,7.624599220434902e-06
7.381990599242272e-06,2.4260875974846385e-08,7.624599220434902e-06
7.381990599242272e-06,2.4260875974846385e-08,7.624599220434902e-06
7.381990599242272e-06,2.4260875974846385e-08,7.624599220434902e-06
7.381990599242272e-06,2.4260875974846385e-08,7.624599220434902e-06
7.381990599242272e-06,2.4260875974846385e-08,7.624599220434902e-06
7.381990599242272e-06,2.4260875974846385e-08,7.624599220434902e-06
7.381990599242272e-06,2.4260875974846385e-08,7.624599220434902e-06
7.381990599242272e-06,2.4260875974846385e-08,7.624599220434902e-06
7.381990599242272e-06,2.4260875974846385e-08,7.624599220434902e-06
7.381990599242272e-06,2.4260875974846385e-08,7.624599220434902e-06
7.381990599242272e-06,2.4260875974846385e-08,7.624599220434902e-06
7.381990599242272e-06,2.4260875974846385e-08,7.624599220434902e-06
7.381990599242272e-06,2.4260875974846385e-08,7.624599220434902e-06
7.381990599242272e-06,2.4260875974846385e-08,7.624599220434902e-06
7.381990599242272e-06,2.4260875974846385e-08,7.624599220434902e-06
7.381990599242272e-06,2.4260875974846385e-08,7.624599220434902e-06
7.381990599242272e-06,2.4260875974846385e-08,7.624599220434902e-06
7.381990599242272e-06,2.4260875974846385e-08,7.624599220434902e-06
7.381990599242272e-06,2.4260875974846385e-08,7.624599220434902e-06
7.381990599242272e-06,2.4260875974846385e-08,7.624599220434902e-06
7.381990599242272e-06,2.4260875974846385e-08,7.624599220434902e-06
7.381990599242272e-06,2.4260875974846385e-08,7.624599220434902e-06
7.381990599242272e-06,2.4260875974846385e-08,7.624599220434902e-06
7.381990599242272e-06,2.4260875974846385e-08,7.624599220434902e-06
7.381990599242272e-06,2.4260875974846385e-08,7.624599220434902e-06
7.381990599242272e-06,2.4260875974846385e-08,7.624599220434902e-06
7.381990599242272e-06,2.4260875974846385e-08,7.624599220434902e-06
7.381990599242272e-06,2.4260875974846385e-08,7.624599220434902e-06
7.381990599242272e-06,2.4260875974846385e-08,7.624599220434902e-06
7.381990599242272e-06,2.4260875974846385e-08,7.624599220434902e-06
7.381990599242272e-06,2.4260875974846385e-08,7.624599220434902e-06
7.381990599242272e-06,2.4260875974846385e-08,7.624599220434902e-06
7.381990599242272e-06,2.4260875974846385e-08,7.624599220434902e-06
7.381990599242272e-06,2.4260875974846385e-08,7.624599220434902e-06
7.381990599242272e-06,2.4260875974846385e-08,7.624599220434902e-06
7.381990599242272e-06,2.4260875974846385e-08,7.624599220434902e-06
7.381990599242272e-06,2.4260875974846385e-08,7.624599220434902e-06
7.381990599242272e-06,2.4260875974846385e-08,7.624599220434902e-06
7.381990599242272e-06,2.4260875974846385e-08,7.624599220434902e-06
7.381990599242272e-06,2.4260875974846385e-08,7.624599220434902e-06
7.381990599242272e-06,2.4260875974846385e-08,7.624599220434902e-06
7.381990599242272e-06,2.4260875974846385e-08,7.624599220434902e-06
7.381990599242272e-06,2.4260875974846385e-08,7.624599220434902e-06
7.381990599242272e-06,2.4260875974846385e-08,7.624599220434902e-06
7.381990599242272e-06,2.4260875974846385e-08,7.624599220434902e-06
7.381990599242272e-06,2.4260875974846385e-08,7.624599220434902e-06
7.381990599242272e-06,2.4260875974846385e-08,7.624599220434902e-06
7.381990599242272e-06,2.4260875974846385e-08,7.624599220434902e-06
7.381990599242272e-06,2.4260875974846385e-08,7.624599220434902e-06
7.381990599242272e-06,2.4260875974846385e-08,7.624599220434902e-06
7.381990599242272e-06,2.4260875974846385e-08,7.624599220434902e-06
7.381990599242272e-06,2.4260875974846385e-08,7.624599220434902e-06
7.381990599242272e-06,2.4260875974846385e-08,7.624599220434902e-06
