pde_loss,bc_loss,total_loss
6.069665431976318,10.507083892822266,111.1405029296875
2.831867218017578,2.648677110671997,29.31863784790039
2.767709970474243,1.0428515672683716,13.1962251663208
2.6105873584747314,0.45566415786743164,7.167228698730469
2.2582175731658936,0.6498900651931763,8.757118225097656
1.9074410200119019,0.406471848487854,5.972159385681152
1.705653429031372,0.3484030067920685,5.189683437347412
1.3845967054367065,0.3516465425491333,4.90106201171875
1.042536973953247,0.24649302661418915,3.507467269897461
0.786891520023346,0.24705979228019714,3.2574894428253174
0.6008757948875427,0.2509724497795105,3.110600471496582
0.44533517956733704,0.19231611490249634,2.3684964179992676
0.34262415766716003,0.14580704271793365,1.8006945848464966
0.2933679223060608,0.11272597312927246,1.4206275939941406
0.2457139790058136,0.09661878645420074,1.2119017839431763
0.19951054453849792,0.07237821817398071,0.9232927560806274
0.18433809280395508,0.04074477404356003,0.5917858481407166
0.2177017331123352,0.0637807697057724,0.8555094599723816
0.23159369826316833,0.07148230075836182,0.9464167356491089
0.19345931708812714,0.056682437658309937,0.7602837085723877
0.14262305200099945,0.03316199779510498,0.47424304485321045
0.11523806303739548,0.04074091464281082,0.5226472020149231
0.09845788776874542,0.044092368334531784,0.5393815636634827
0.08864837884902954,0.03583860024809837,0.44703438878059387
0.08612048625946045,0.03840373083949089,0.47015780210494995
0.07808534801006317,0.039193540811538696,0.47002077102661133
0.0664370134472847,0.03736162185668945,0.44005322456359863
0.06823734939098358,0.02571878395974636,0.3254252076148987
0.08723133057355881,0.02512224204838276,0.3384537696838379
0.10842888802289963,0.02311236411333084,0.33955252170562744
0.11434313654899597,0.0225357748568058,0.3397008776664734
0.11117196828126907,0.017565639689564705,0.2868283689022064
0.10689105838537216,0.02043773978948593,0.3112684488296509
0.098896324634552,0.022430814802646637,0.3232044577598572
0.09109887480735779,0.010782078839838505,0.1989196538925171
0.08695654571056366,0.021639805287122726,0.3033546209335327
0.08065715432167053,0.022229837253689766,0.3029555082321167
0.06883767247200012,0.02289264276623726,0.2977640926837921
0.061511725187301636,0.015546274371445179,0.21697446703910828
0.06475044041872025,0.016671590507030487,0.2314663529396057
0.07037089765071869,0.01351090706884861,0.2054799646139145
0.07530032098293304,0.00935523584485054,0.16885268688201904
0.08172795921564102,0.018689746037125587,0.268625408411026
0.08730611205101013,0.017707020044326782,0.26437631249427795
0.0846167579293251,0.015648983418941498,0.24110659956932068
0.0764668881893158,0.014089798554778099,0.21736487746238708
0.06932675838470459,0.012182805687189102,0.19115480780601501
0.06527572870254517,0.01893061026930809,0.25458183884620667
0.05645523592829704,0.00987955927848816,0.15525083243846893
0.06270560622215271,0.03366797789931297,0.39938539266586304
0.06938540935516357,0.03772986680269241,0.4466840624809265
0.06600386649370193,0.020174773409962654,0.2677516043186188
0.05969242751598358,0.02162245288491249,0.2759169340133667
0.055808860808610916,0.022592848166823387,0.281737357378006
0.0585414357483387,0.01778310164809227,0.2363724559545517
0.06591545790433884,0.018219036981463432,0.24810582399368286
0.06694517284631729,0.019633963704109192,0.2632848024368286
0.059956811368465424,0.009274305775761604,0.15269985795021057
0.0532909594476223,0.015019734390079975,0.2034883052110672
0.05218441039323807,0.013658907264471054,0.1887734830379486
0.056772541254758835,0.011484607122838497,0.17161861062049866
0.056158218532800674,0.01217060349881649,0.17786425352096558
0.04993848130106926,0.010794680565595627,0.15788528323173523
0.05020755156874657,0.011015736497938633,0.16036491096019745
0.05717703700065613,0.0078881299123168,0.13605833053588867
0.05800768733024597,0.01571693643927574,0.21517705917358398
0.055777568370103836,0.009797454811632633,0.15375211834907532
0.05350970849394798,0.022832348942756653,0.2818332016468048
0.05181064456701279,0.024222631007432938,0.29403695464134216
0.048694461584091187,0.017232190817594528,0.22101637721061707
0.04848305135965347,0.014715159311890602,0.1956346333026886
0.05423369258642197,0.021140238270163536,0.2656360864639282
0.05245374143123627,0.012613128870725632,0.17858503758907318
0.04950424283742905,0.02131713181734085,0.26267555356025696
0.04941156506538391,0.02576281875371933,0.3070397675037384
0.048708025366067886,0.010791167616844177,0.15661969780921936
0.05242191627621651,0.015871189534664154,0.21113380789756775
0.051256027072668076,0.018868332728743553,0.2399393618106842
0.04837832972407341,0.012062044814229012,0.16899877786636353
0.04950961470603943,0.01802857033908367,0.22979532182216644
0.0497962050139904,0.020373119041323662,0.2535274028778076
0.047627534717321396,0.010796880349516869,0.15559634566307068
0.05101515352725983,0.012625182047486305,0.17726697027683258
0.05211183428764343,0.013577442616224289,0.18788626790046692
0.046687886118888855,0.008330094628036022,0.12998883426189423
0.0446297824382782,0.013765813782811165,0.18228791654109955
0.04532302916049957,0.012659784406423569,0.17192088067531586
0.04719940572977066,0.007960332557559013,0.1268027424812317
0.049645937979221344,0.01654324121773243,0.21507835388183594
0.048503849655389786,0.010427532717585564,0.15277917683124542
0.04794784635305405,0.020458754152059555,0.2525354027748108
0.04640781506896019,0.024152271449565887,0.28793051838874817
0.04194311425089836,0.01365182176232338,0.17846132814884186
0.045303408056497574,0.013496214523911476,0.18026554584503174
0.050231993198394775,0.014263019897043705,0.19286219775676727
0.0486837737262249,0.013503028079867363,0.18371406197547913
0.04302496090531349,0.008867172524333,0.1316966861486435
0.043775662779808044,0.009128288365900517,0.13505855202674866
0.04641884192824364,0.01127571053802967,0.15917594730854034
0.045869916677474976,0.008993387222290039,0.13580378890037537
0.04291818290948868,0.013790017925202847,0.1808183491230011
0.042925361543893814,0.011982214637100697,0.16274750232696533
0.04532189294695854,0.013403116725385189,0.17935305833816528
0.04495006054639816,0.011205485090613365,0.1570049226284027
0.04431062191724777,0.014652539044618607,0.19083601236343384
0.043150585144758224,0.0113373389467597,0.15652397274971008
0.045449402183294296,0.01684676855802536,0.2139170914888382
0.044246625155210495,0.01604728028178215,0.2047194391489029
0.042024414986371994,0.011358785443007946,0.1556122750043869
0.042793046683073044,0.011391385458409786,0.15670689940452576
0.04581162706017494,0.011795246973633766,0.163764089345932
0.04518667981028557,0.010468138381838799,0.14986807107925415
0.042146965861320496,0.012967392802238464,0.17182089388370514
0.04154087230563164,0.013192910701036453,0.17346997559070587
0.042683880776166916,0.010745560750365257,0.15013949573040009
0.04368005320429802,0.009989053010940552,0.14357058703899384
0.0429898165166378,0.012593119405210018,0.16892100870609283
0.04230828210711479,0.010871450416743755,0.1510227918624878
0.042717792093753815,0.010628167539834976,0.14899946749210358
0.04216537997126579,0.010200954973697662,0.14417493343353271
0.04118207469582558,0.010483449324965477,0.14601656794548035
0.042142048478126526,0.00951417163014412,0.13728377223014832
0.04350930079817772,0.011807665228843689,0.1615859568119049
0.04225623607635498,0.010804316960275173,0.15029940009117126
0.0404653437435627,0.010169954039156437,0.14216488599777222
0.040926165878772736,0.008971483446657658,0.13064099848270416
0.043619848787784576,0.011533066630363464,0.15895050764083862
0.042820729315280914,0.010028338059782982,0.14310410618782043
0.04025379940867424,0.010464309714734554,0.14489689469337463
0.03978314250707626,0.009701743721961975,0.1368005871772766
0.04222225025296211,0.010589685291051865,0.14811910688877106
0.04261134937405586,0.009438933804631233,0.1370006799697876
0.04054796323180199,0.010903442278504372,0.1495823860168457
0.03971926495432854,0.010398241691291332,0.1437016874551773
0.04102297127246857,0.009549061767756939,0.1365135908126831
0.04170955717563629,0.008980890735983849,0.13151846826076508
0.039960458874702454,0.010560167022049427,0.14556212723255157
0.03942280635237694,0.009975859895348549,0.13918140530586243
0.040588248521089554,0.009468883275985718,0.13527707755565643
0.041171371936798096,0.00911063514649868,0.1322777271270752
0.039532408118247986,0.009556972421705723,0.13510212302207947
0.03897656872868538,0.0089602991938591,0.12857955694198608
0.040610674768686295,0.009775474667549133,0.13836541771888733
0.040821623057127,0.009166484698653221,0.1324864774942398
0.039090003818273544,0.009133901447057724,0.13042901456356049
0.03846704959869385,0.008697213605046272,0.12543918192386627
0.040430981665849686,0.00946846790611744,0.13511565327644348
0.04040502384305,0.008682946674525738,0.12723448872566223
0.03842587023973465,0.009572623297572136,0.1341521143913269
0.03784552589058876,0.009101008996367455,0.1288556158542633
0.040103375911712646,0.008995967917144299,0.13006305694580078
0.0402180477976799,0.008347097784280777,0.12368902564048767
0.03799235820770264,0.009778204374015331,0.1357744038105011
0.03736528009176254,0.00921067874878645,0.12947207689285278
0.039680659770965576,0.008876506239175797,0.12844571471214294
0.039937201887369156,0.008289432153105736,0.12283152341842651
0.03758872672915459,0.009624418802559376,0.1338329166173935
0.036980848759412766,0.009044760838150978,0.12742845714092255
0.03919161111116409,0.008799213916063309,0.12718375027179718
0.03959399089217186,0.008197251707315445,0.12156650424003601
0.037255674600601196,0.009334869682788849,0.13060437142848969
0.036604225635528564,0.00878117885440588,0.12441601604223251
0.03858331963419914,0.008643369190394878,0.12501701712608337
0.03907632455229759,0.00805662851780653,0.11964261531829834
0.03693823888897896,0.008993001654744148,0.12686824798583984
0.03625667840242386,0.00848153606057167,0.12107203900814056
0.038057517260313034,0.008513135835528374,0.12318888306617737
0.03852520510554314,0.007977857254445553,0.11830377578735352
0.036557719111442566,0.00866610836237669,0.12321880459785461
0.03591715171933174,0.008205785416066647,0.11797501146793365
0.03768311068415642,0.008448198437690735,0.12216509878635406
0.03798559680581093,0.007953319698572159,0.11751879751682281
0.03604111820459366,0.008416051045060158,0.12020162492990494
0.035532914102077484,0.007969770580530167,0.11523061990737915
0.037445228546857834,0.008450299501419067,0.1219482272863388
0.037519555538892746,0.007952364161610603,0.11704319715499878
0.03547775745391846,0.00824576523154974,0.117935411632061
0.03517170250415802,0.007756360806524754,0.1127353087067604
0.03724832832813263,0.008493341505527496,0.12218174338340759
0.03707287833094597,0.007938828319311142,0.11646115779876709
0.03491631895303726,0.008111879229545593,0.1160351112484932
0.034847505390644073,0.007544688880443573,0.1102943941950798
0.03704601898789406,0.00848850142210722,0.1219310313463211
0.036688849329948425,0.00789409689605236,0.11562982201576233
0.0344289131462574,0.007945844903588295,0.11388735473155975
0.03451267629861832,0.007369279861450195,0.10820547491312027
0.0367426760494709,0.008434375748038292,0.12108643352985382
0.03629254177212715,0.007861046120524406,0.11490300297737122
0.033990249037742615,0.007776373066008091,0.11175397783517838
0.03413298726081848,0.0072443862445652485,0.10657685250043869
0.036323755979537964,0.008380214683711529,0.1201259046792984
0.0358770415186882,0.007831798866391182,0.11419502645730972
0.03361238166689873,0.0076317866332829,0.10993024706840515
0.03373327478766441,0.0071285180747509,0.10501845180988312
0.03580907732248306,0.008322952315211296,0.11903860419988632
0.035431426018476486,0.007774935103952885,0.11318077147006989
0.033269524574279785,0.007491800934076309,0.10818753391504288
0.0333099439740181,0.007014884613454342,0.10345879197120667
0.03528549522161484,0.00822331290692091,0.11751862615346909
0.035013873130083084,0.007697919849306345,0.11199307441711426
0.03195854648947716,0.004160837270319462,0.07356691360473633
0.03164399415254593,0.0037528364919126034,0.06917236000299454
0.03312765061855316,0.005406858865171671,0.0871962383389473
0.033492252230644226,0.004899131134152412,0.08248355984687805
0.03184996545314789,0.0038563720881938934,0.07041368633508682
0.030795330181717873,0.0038547320291399956,0.06934265047311783
0.031143013387918472,0.004693177528679371,0.07807478308677673
0.031713567674160004,0.004149594344198704,0.07320950925350189
0.031064406037330627,0.004393288865685463,0.07499729096889496
0.03056422248482704,0.004119632765650749,0.07176055014133453
0.030735138803720474,0.0042056674137711525,0.07279181480407715
0.03134941682219505,0.0036955075338482857,0.06830449402332306
0.030773809179663658,0.004281541332602501,0.07358922064304352
0.02952534519135952,0.0038665360771119595,0.06819070875644684
0.02855890803039074,0.004328693728893995,0.07184584438800812
0.028996780514717102,0.003828362561762333,0.06728040426969528
0.029783856123685837,0.0039385720156133175,0.06916958093643188
0.02931937761604786,0.0034572933800518513,0.06389231234788895
0.02844809927046299,0.004420330747961998,0.07265140861272812
0.02847006730735302,0.0039933305233716965,0.06840337067842484
0.029161006212234497,0.003481358988210559,0.06397459656000137
0.028971144929528236,0.003040306270122528,0.05937420576810837
0.02822721377015114,0.004636661149561405,0.07459382712841034
0.028110891580581665,0.00429214583709836,0.07103234529495239
0.02882469817996025,0.0030114068649709225,0.05893876776099205
0.02934768795967102,0.0026300435420125723,0.05564812570810318
0.028039583936333656,0.004831917118281126,0.07635875791311264
0.027289630845189095,0.004378629382699728,0.0710759237408638
0.027896782383322716,0.0030261748470366,0.05815853178501129
0.028546445071697235,0.0027744933031499386,0.056291379034519196
0.027760110795497894,0.004301207140088081,0.070772185921669
0.026884177699685097,0.003739275736734271,0.06427693367004395
0.027338866144418716,0.003555168630555272,0.06289055198431015
0.028106678277254105,0.003537889802828431,0.06348557770252228
0.027335038408637047,0.0035422781948000193,0.06275781989097595
0.0260994303971529,0.0029403730295598507,0.05550315976142883
0.026998037472367287,0.004018017556518316,0.06717821210622787
0.027759362012147903,0.0032177509274333715,0.05993686988949776
0.027227776125073433,0.0038887879345566034,0.06611565500497818
0.026012016460299492,0.003768966067582369,0.06370167434215546
0.026097847148776054,0.0032200906425714493,0.0582987517118454
0.027209853753447533,0.0026755258440971375,0.053965114057064056
0.026943208649754524,0.004410267807543278,0.071045882999897
0.02584298513829708,0.0033852364867925644,0.059695348143577576
0.026053443551063538,0.003684636205434799,0.06289980560541153
0.0270382147282362,0.0031698187813162804,0.0587364062666893
0.027131088078022003,0.0037487572990357876,0.06461866199970245
0.025442173704504967,0.0030974503606557846,0.056416675448417664
0.025514865294098854,0.0037484357599169016,0.06299922615289688
0.026583541184663773,0.0027877353131771088,0.05446089431643486
0.026777159422636032,0.004717975854873657,0.0739569216966629
0.025623442605137825,0.0036322325468063354,0.06194576621055603
0.025172904133796692,0.003548065200448036,0.060653556138277054
0.02592683769762516,0.0033856474328786135,0.05978330969810486
0.02697860263288021,0.003754062345251441,0.06451922655105591
0.025335056707262993,0.002445302903652191,0.049788087606430054
0.024762678891420364,0.004572856239974499,0.0704912394285202
0.025542115792632103,0.003055511973798275,0.05609723553061485
0.02675684355199337,0.0046360064297914505,0.07311690598726273
0.025697633624076843,0.004131768364459276,0.06701532006263733
0.024331390857696533,0.002852986566722393,0.05286125838756561
0.025638684630393982,0.0025466056540608406,0.05110473930835724
0.026070214807987213,0.005416254512965679,0.08023276180028915
0.025051448494195938,0.0029842068906873465,0.05489351600408554
0.024988504126667976,0.005056831054389477,0.07555681467056274
0.024707723408937454,0.00503488490357995,0.07505656778812408
0.024685997515916824,0.0022427691146731377,0.04711368680000305
0.026538366451859474,0.010721996426582336,0.1337583363056183
0.0252750925719738,0.00394430011510849,0.064718097448349
0.023092323914170265,0.020712994039058685,0.23022226989269257
0.022312115877866745,0.02497226558625698,0.27203476428985596
0.02294740453362465,0.005026206839829683,0.07320947200059891
0.02920687571167946,0.01849336549639702,0.21414053440093994
0.030241575092077255,0.022158343344926834,0.2518250048160553
0.025487983599305153,0.0064927758648991585,0.09041573852300644
0.021213915199041367,0.012875872664153576,0.14997264742851257
0.021116875112056732,0.01357959769666195,0.15691286325454712
0.025599244982004166,0.008218791335821152,0.10778716206550598
0.030438190326094627,0.008397377096116543,0.11441196501255035
0.027107717469334602,0.006817969959229231,0.09528741240501404
0.022193601354956627,0.008468164131045341,0.10687524825334549
0.020868154242634773,0.0066758496686816216,0.08762665092945099
0.027710838243365288,0.00579457264393568,0.08565656840801239
0.031378790736198425,0.007555957417935133,0.10693836212158203
0.02541937865316868,0.0023906645365059376,0.04932602494955063
0.020243080332875252,0.010512195527553558,0.12536503374576569
0.020616158843040466,0.007299618795514107,0.09361234307289124
0.029213836416602135,0.0070220655761659145,0.099434494972229
0.030394375324249268,0.006889918819069862,0.09929355978965759
0.023586837574839592,0.00556266400963068,0.07921347767114639
0.02121231146156788,0.004718116484582424,0.06839347630739212
0.026142196729779243,0.006548670120537281,0.09162889420986176
0.026818450540304184,0.004221497103571892,0.0690334215760231
0.022757111117243767,0.006144179962575436,0.08419891446828842
0.02290520817041397,0.005282911937683821,0.07573433220386505
0.026585953310132027,0.004160570912063122,0.06819166243076324
0.02481677010655403,0.004242882132530212,0.06724558770656586
0.02154083549976349,0.003889042418450117,0.060431260615587234
0.024670960381627083,0.0038481135852634907,0.06315209716558456
0.02711368538439274,0.0029844059608876705,0.05695774406194687
0.02240266464650631,0.002964010462164879,0.05204276740550995
0.022424014285206795,0.005053328350186348,0.07295729964971542
0.024575060233473778,0.002525057177990675,0.04982563108205795
0.02530863508582115,0.009648332372307777,0.12179195880889893
0.024554718285799026,0.01012455951422453,0.12580031156539917
0.022373609244823456,0.0026575818192213774,0.04894942790269852
0.025134673342108727,0.006990488618612289,0.09503956139087677
0.026513271033763885,0.006766082253307104,0.0941740944981575
0.024584949016571045,0.002835647203028202,0.052941419184207916
0.022099239751696587,0.0064391172491014,0.08649041503667831
0.0210992693901062,0.003719310974702239,0.05829237774014473
0.025512702763080597,0.0062106577679514885,0.08761928230524063
0.027871500700712204,0.005940129980444908,0.08727280050516129
0.02380717545747757,0.0036049382761120796,0.05985655635595322
0.02058763988316059,0.004753513261675835,0.06812277436256409
0.022211330011487007,0.004009299445897341,0.06230432540178299
0.025995513424277306,0.002996675670146942,0.055962271988391876
0.023886259645223618,0.0029336323495954275,0.05322258174419403
0.021350407972931862,0.003380428534001112,0.055154696106910706
0.022592227905988693,0.002641926286742091,0.04901149123907089
0.023930374532938004,0.002607110422104597,0.05000147968530655
0.023388803005218506,0.0025431946851313114,0.048820748925209045
0.02240864932537079,0.002778358059003949,0.05019222944974899
0.02161160297691822,0.0017736168811097741,0.03934777155518532
0.027080247178673744,0.00655597448348999,0.0926399901509285
0.02866990678012371,0.006337757688015699,0.09204748272895813
0.023462753742933273,0.0025151274167001247,0.048614028841257095
0.020143747329711914,0.0048948186449706554,0.06909193098545074
0.021049924194812775,0.004481622949242592,0.06586615741252899
0.024776378646492958,0.002114582806825638,0.04592220485210419
0.02403916046023369,0.0030921227298676968,0.05496038869023323
0.021706951782107353,0.0020698565058410168,0.042405515909194946
0.02272769622504711,0.00467953085899353,0.06952300667762756
0.02204870991408825,0.0020111724734306335,0.042160436511039734
0.023291904479265213,0.007873259484767914,0.10202449560165405
0.024503597989678383,0.008050691336393356,0.1050105094909668
0.023582439869642258,0.0020277053117752075,0.04385949298739433
0.022154204547405243,0.00637126574292779,0.08586686104536057
0.02252274937927723,0.0072944024577736855,0.09546677023172379
0.02143709547817707,0.0025821272283792496,0.047258369624614716
0.026416875422000885,0.004812898114323616,0.07454586029052734
0.028353722766041756,0.005846462212502956,0.08681834489107132
0.022648220881819725,0.0021035904064774513,0.04368412494659424
0.022423848509788513,0.005934678018093109,0.0817706286907196
0.022391272708773613,0.006653917022049427,0.08893044292926788
0.020986367017030716,0.0018827937310561538,0.0398143045604229
0.03055145964026451,0.006278942339122295,0.09334088861942291
0.03242204710841179,0.007956664077937603,0.11198869347572327
0.023629840463399887,0.0023185950703918934,0.046815790235996246
0.022762924432754517,0.006787882652133703,0.09064175188541412
0.025354988873004913,0.011578223668038845,0.1411372274160385
0.022131608799099922,0.005093808751553297,0.07306969910860062
0.025009343400597572,0.002728372113779187,0.05229306221008301
0.029398726299405098,0.005151259247213602,0.0809113159775734
0.02427070401608944,0.001959411194548011,0.043864816427230835
0.021596303209662437,0.004780563525855541,0.06940194219350815
0.024153809994459152,0.007296416908502579,0.09711797535419464
0.02275015413761139,0.0032597891986370087,0.055348046123981476
0.025088168680667877,0.0029072463512420654,0.05416063219308853
0.02780846506357193,0.005023515783250332,0.0780436247587204
0.023907918483018875,0.001849129912443459,0.042399220168590546
0.022258136421442032,0.004308453761041164,0.06534267961978912
0.024325931444764137,0.006781988311558962,0.09214581549167633
0.02236023359000683,0.003190112765878439,0.05426136404275894
0.024708179756999016,0.002146610291674733,0.04617428034543991
0.02587602101266384,0.003551811445504427,0.06139413267374039
0.02210228517651558,0.0014880552189424634,0.036982838064432144
0.024338271468877792,0.004891613963991404,0.07325440645217896
0.027577992528676987,0.007409647572785616,0.10167446732521057
0.02409818209707737,0.004625260829925537,0.07035078853368759
0.022581826895475388,0.0012376667000353336,0.03495849296450615
0.022425368428230286,0.00403546541929245,0.06278002262115479
0.02200755663216114,0.0026175978127866983,0.04818353429436684
0.022701315581798553,0.0029088722076267004,0.051790036261081696
0.02437041699886322,0.0033565685153007507,0.05793610215187073
0.022277822718024254,0.0036263871006667614,0.05854169279336929
0.020552536472678185,0.0022684521973133087,0.04323706030845642
0.024042902514338493,0.0038509112782776356,0.06255201250314713
0.02479458600282669,0.004779655020684004,0.0725911408662796
0.02185080386698246,0.0018058812711387873,0.039909616112709045
0.02222198061645031,0.004212377592921257,0.06434575468301773
0.024233458563685417,0.0050646523013710976,0.07487998157739639
0.022746795788407326,0.0030695812311023474,0.05344260856509209
0.022713016718626022,0.0025017415173351765,0.04773043096065521
0.02302529849112034,0.0034819564316421747,0.0578448623418808
0.021655045449733734,0.0038672781083732843,0.06032782793045044
0.021743910387158394,0.0011832723394036293,0.03357663378119469
0.02407810278236866,0.005488036200404167,0.07895846664905548
0.023531576618552208,0.005361977033317089,0.0771513506770134
0.020483270287513733,0.0022791384253650904,0.0432746559381485
0.02354470081627369,0.002900552935898304,0.05255023017525673
0.02495875395834446,0.002728742081671953,0.052246175706386566
0.021182436496019363,0.0031593318562954664,0.052775755524635315
0.021655812859535217,0.0015707502607256174,0.037363313138484955
0.020396152511239052,0.002717947820201516,0.047575630247592926
0.02113618142902851,0.0014498410746455193,0.035634592175483704
0.024534087628126144,0.0041719237342476845,0.06625331938266754
0.024083245545625687,0.0037489805836230516,0.061573050916194916
0.019864829257130623,0.003126493887975812,0.051129765808582306
0.020833712071180344,0.0027701330836862326,0.04853504151105881
0.029633231461048126,0.005091368220746517,0.08054691553115845
0.02622673101723194,0.006306285969913006,0.089289590716362
0.024915063753724098,0.0048802876845002174,0.07371793687343597
0.029284821823239326,0.008558027446269989,0.11486509442329407
0.029500670731067657,0.010124671272933483,0.13074737787246704
0.02580094337463379,0.005886828526854515,0.08466923236846924
0.025975650176405907,0.006187901832163334,0.08785466849803925
0.029615001752972603,0.007375425659120083,0.10336925834417343
0.028123484924435616,0.004968040622770786,0.07780388742685318
0.02281504124403,0.008381684310734272,0.10663188248872757
0.02256862446665764,0.007792760618031025,0.10049623250961304
0.02887147292494774,0.005224381107836962,0.08111528307199478
0.03076248988509178,0.0060643465258181095,0.0914059579372406
0.02444051206111908,0.005938124377280474,0.08382175862789154
0.02263905480504036,0.005299864802509546,0.07563769817352295
0.027556411921977997,0.007514879573136568,0.1027052104473114
0.02947928197681904,0.0071979183703660965,0.10145846009254456
0.02556498721241951,0.003773663192987442,0.06330162286758423
0.02334326133131981,0.0054261339828372,0.07760460674762726
0.0261599849909544,0.0037693986669182777,0.06385397166013718
0.024954238906502724,0.005963419564068317,0.0845884308218956
0.02497585490345955,0.004477697424590588,0.06975282728672028
0.02727818302810192,0.005989928264170885,0.08717746287584305
0.026585504412651062,0.0049876924604177475,0.07646243274211884
0.02282067760825157,0.005106283351778984,0.07388351112604141
0.024613304063677788,0.005053057335317135,0.07514388114213943
0.027362562716007233,0.003563445061445236,0.0629970133304596
0.023618783801794052,0.0066109891049563885,0.08972866833209991
0.02302301675081253,0.005148184020072222,0.07450485229492188
0.028445160016417503,0.007343118544667959,0.10187634825706482
0.030729323625564575,0.00866236537694931,0.11735297739505768
0.025745613500475883,0.0032349664252251387,0.05809527635574341
0.022501636296510696,0.00941170658916235,0.11661870777606964
0.0231765266507864,0.007231191266328096,0.09548844397068024
0.029420269653201103,0.004768298007547855,0.07710324972867966
0.02900264598429203,0.005494657903909683,0.08394922316074371
0.0229671448469162,0.004773743916302919,0.07070457935333252
0.02430115081369877,0.0047995178028941154,0.07229632884263992
0.028438439592719078,0.004504764452576637,0.0734860822558403
0.0259153600782156,0.004290401935577393,0.06881938129663467
0.024220559746026993,0.005626947619020939,0.08049003779888153
0.025349730625748634,0.0049668243154883385,0.07501797378063202
0.027231667190790176,0.0048249103128910065,0.07548077404499054
0.02551247924566269,0.004847942851483822,0.07399190962314606
0.02456624247133732,0.0046259937807917595,0.07082618027925491
0.025666894391179085,0.004179968498647213,0.06746657937765121
0.02632077969610691,0.004647288471460342,0.07279366254806519
0.025354739278554916,0.00418842164799571,0.0672389566898346
0.024962393566966057,0.004637180361896753,0.07133419811725616
0.024908674880862236,0.004267391748726368,0.06758259236812592
0.026286905631422997,0.003765227273106575,0.0639391764998436
0.025511909276247025,0.003772859927266836,0.06324051320552826
0.023670312017202377,0.0035783518105745316,0.05945383012294769
0.026068266481161118,0.00390630355104804,0.0651313066482544
0.02718658559024334,0.00312976585701108,0.058484241366386414
0.02236805111169815,0.004972390830516815,0.0720919594168663
0.022082770243287086,0.004572140518575907,0.06780417263507843
0.027485158294439316,0.003808393143117428,0.06556908786296844
0.028760429471731186,0.004144977778196335,0.07021020352840424
0.02355429343879223,0.0035039344802498817,0.058593638241291046
0.02316928654909134,0.004122551064938307,0.06439480185508728
0.025801634415984154,0.0029732724651694298,0.05553435906767845
0.024282652884721756,0.0042158253490924835,0.06644091010093689
0.02437432110309601,0.002898784587159753,0.0533621683716774
0.027031952515244484,0.006220604293048382,0.0892379954457283
0.026792751625180244,0.006174885202199221,0.08854160457849503
0.02325567416846752,0.003301511984318495,0.056270793080329895
0.025635642930865288,0.004925113637000322,0.07488677650690079
0.02741175889968872,0.0044783977791666985,0.07219573855400085
0.02534507028758526,0.0036279517225921154,0.06162458658218384
0.02368869259953499,0.004873387981206179,0.0724225714802742
0.02197663113474846,0.0036606616340577602,0.058583248406648636
0.026606732979416847,0.004177381284534931,0.06838054209947586
0.028972934931516647,0.003455079160630703,0.06352372467517853
0.0233484897762537,0.004065332934260368,0.06400182098150253
0.020668398588895798,0.004797615110874176,0.06864455342292786
0.024831367656588554,0.0034089430700987577,0.05892080068588257
0.02987791784107685,0.003688446246087551,0.06676238030195236
0.024598801508545876,0.003088101278990507,0.05547981709241867
0.023650210350751877,0.004649990238249302,0.07015010714530945
0.022207926958799362,0.004100922495126724,0.0632171481847763
0.025143440812826157,0.004655724857002497,0.07170069217681885
0.03071441873908043,0.005009434651583433,0.08080876618623734
0.028408847749233246,0.0039976537227630615,0.06838538497686386
0.02313634380698204,0.004103082697838545,0.06416717171669006
0.020457150414586067,0.0058727990835905075,0.07918514311313629
0.02185489423573017,0.005878250114619732,0.08063739538192749
0.026026589795947075,0.0025911114644259214,0.051937706768512726
0.02547483704984188,0.004427992273122072,0.06975475698709488
0.025591548532247543,0.003405003109946847,0.059641581028699875
0.026538759469985962,0.004101340658962727,0.06755216419696808
0.024892272427678108,0.004415014758706093,0.06904242187738419
0.021679939702153206,0.004101178143173456,0.06269171833992004
0.024520888924598694,0.003756266552954912,0.06208355352282524
0.027725670486688614,0.0029982528649270535,0.05770820006728172
0.023548224940896034,0.004488576203584671,0.0684339851140976
0.02260793000459671,0.003839151468127966,0.060999445617198944
0.023881586268544197,0.005591796711087227,0.07979955524206161
0.023724479600787163,0.005705798044800758,0.0807824581861496
0.023555994033813477,0.0033408273011446,0.056964267045259476
0.027903717011213303,0.004180502146482468,0.06970873475074768
0.02778598479926586,0.0038632273208349943,0.06641826033592224
0.02179352380335331,0.0036814501509070396,0.058608025312423706
0.020641658455133438,0.003988549113273621,0.060527149587869644
0.026128442957997322,0.0028240270912647247,0.05436871200799942
0.026645269244909286,0.0027618231251835823,0.05426350235939026
0.022361373528838158,0.003330433741211891,0.05566570907831192
0.022937709465622902,0.003073066473007202,0.053668372333049774
0.02689056284725666,0.0031166819389909506,0.058057382702827454
0.02488549053668976,0.002962901024147868,0.05451450124382973
0.02230098471045494,0.0035307626239955425,0.05760861188173294
0.02336462400853634,0.0029681604355573654,0.053046226501464844
0.025118453428149223,0.0036342041566967964,0.06146049499511719
0.0253978930413723,0.0034364196471869946,0.05976209044456482
0.023638412356376648,0.002957771299406886,0.053216125816106796
0.022534336894750595,0.003372853621840477,0.056262873113155365
0.024467704817652702,0.002660986967384815,0.051077574491500854
0.024972569197416306,0.003105643205344677,0.056028999388217926
0.022731583565473557,0.0026648372877389193,0.04937995597720146
0.024720897898077965,0.0033252183347940445,0.05797307938337326
0.02501373365521431,0.0023956242948770523,0.04896997660398483
0.021587979048490524,0.0053359130397439,0.07494710385799408
0.022127948701381683,0.005118720233440399,0.07331515103578568
0.02483249641954899,0.0024559807498008013,0.04939230531454086
0.023040851578116417,0.0036165923811495304,0.059206776320934296
0.024317139759659767,0.0028293607756495476,0.05261074751615524
0.02632284164428711,0.0035988218151032925,0.06231106072664261
0.024453774094581604,0.0032578196842223406,0.05703197047114372
0.021880345419049263,0.004255674779415131,0.06443709135055542
0.023903943598270416,0.003255154937505722,0.05645549297332764
0.028058696538209915,0.003656972199678421,0.06462842226028442
0.025479044765233994,0.003918754402548075,0.06466658413410187
0.02118184231221676,0.003160469699651003,0.052786536514759064
0.024441666901111603,0.004016748629510403,0.06460915505886078
0.024861585348844528,0.0023206453770399094,0.04806803911924362
0.02112775668501854,0.006704998202621937,0.08817774057388306
0.022201450541615486,0.006423053797334433,0.08643198758363724
0.026714233681559563,0.002975686453282833,0.056471098214387894
0.024575740098953247,0.003582359990105033,0.060399338603019714
0.022589420899748802,0.0037897475995123386,0.06048689782619476
0.02408336102962494,0.0033286274410784245,0.05736963450908661
0.02745792455971241,0.0029763539787381887,0.057221464812755585
0.025025149807333946,0.0028285945300012827,0.053311094641685486
0.02012440748512745,0.004170629661530256,0.061830706894397736
0.02255907841026783,0.0025558369234204292,0.04811744764447212
0.029620399698615074,0.005822431296110153,0.08784471452236176
0.02976968139410019,0.005332254804670811,0.08309222757816315
0.023048480972647667,0.0028176000341773033,0.0512244813144207
0.02080337516963482,0.0038790497928857803,0.05959387123584747
0.024560822173953056,0.0029971625190228224,0.05453244596719742
0.024487651884555817,0.0027419421821832657,0.051907073706388474
0.021670065820217133,0.00411023385822773,0.06277240812778473
0.022873885929584503,0.0035742763429880142,0.058616649359464645
0.027658497914671898,0.003406745847314596,0.061725959181785583
0.02622976526618004,0.003476723562926054,0.06099700182676315
0.020282672718167305,0.0034997728653252125,0.055280402302742004
0.02118878997862339,0.0029255636036396027,0.05044442415237427
0.02821807935833931,0.003513274248689413,0.06335082650184631
0.028400493785738945,0.0031716374214738607,0.06011686474084854
0.021798832342028618,0.003201165236532688,0.0538104847073555
0.020251508802175522,0.00344197079539299,0.05467121675610542
0.025297315791249275,0.00300195743329823,0.05531688779592514
0.026120273396372795,0.0025557768531143665,0.05167803913354874
0.022089248523116112,0.0034759100526571274,0.056848347187042236
0.022373110055923462,0.0032570483162999153,0.054943591356277466
0.025702202692627907,0.002560948021709919,0.0513116829097271
0.02429925836622715,0.002448475919663906,0.04878401756286621
0.020465238019824028,0.0038101407699286938,0.05856664478778839
0.021653251722455025,0.003096111584454775,0.05261436849832535
0.02691750042140484,0.002983174752444029,0.05674924701452255
0.026641732081770897,0.002815864747390151,0.054800380021333694
0.021086078137159348,0.0029138019308447838,0.050224095582962036
0.021234460175037384,0.002640141174197197,0.047635871917009354
0.02734621800482273,0.00334178376942873,0.06076405197381973
0.027153681963682175,0.002871309407055378,0.055866777896881104
0.02140294574201107,0.0031251641921699047,0.05265458673238754
0.02089620940387249,0.0035918988287448883,0.05681519955396652
0.023700572550296783,0.001992924604564905,0.04362981766462326
0.023874687030911446,0.0042907362803816795,0.06678204983472824
0.02382376790046692,0.0024009638000279665,0.0478334054350853
0.025455070659518242,0.008211810141801834,0.10757317394018173
0.0249506663531065,0.009160105139017105,0.1165517196059227
0.022128133103251457,0.002897675149142742,0.05110488459467888
0.023735979571938515,0.007393063511699438,0.09766661375761032
0.026314029470086098,0.008018611930310726,0.10650014877319336
0.0274328775703907,0.005091565661132336,0.07834853231906891
0.025929098948836327,0.004289825912564993,0.06882736086845398
0.023112859576940536,0.004451234359294176,0.06762520223855972
0.02199665643274784,0.004900538828223944,0.0710020437836647
0.022545112296938896,0.0028566315304487944,0.051111429929733276
0.024888930842280388,0.00273138377815485,0.05220276862382889
0.026589233428239822,0.003425000701099634,0.06083923950791359
0.025635579600930214,0.0026285932399332523,0.05192150920629501
0.022831924259662628,0.0036564082838594913,0.05939600616693497
0.021905096247792244,0.003855410497635603,0.060459204018116
0.02220911532640457,0.004025796893984079,0.06246708333492279
0.024811970070004463,0.0021450957283377647,0.04626292735338211
0.02709980681538582,0.005739227868616581,0.08449208736419678
0.025757551193237305,0.0046981824561953545,0.072739377617836
0.023015165701508522,0.0034107377287000418,0.05712254345417023
0.02378140203654766,0.005515622906386852,0.07893763482570648
0.02501627802848816,0.005807032808661461,0.08308660984039307
0.025333594530820847,0.004952182061970234,0.07485541701316833
0.02449832111597061,0.005444672890007496,0.07894504815340042
0.024356761947274208,0.005392585415393114,0.07828261703252792
0.02475057542324066,0.004089549649506807,0.06564606726169586
0.024683495983481407,0.0038248191121965647,0.06293168663978577
0.023385025560855865,0.00486461166292429,0.07203114032745361
0.022779671475291252,0.0044503952376544476,0.06728362292051315
0.022454164922237396,0.004070210736244917,0.06315627694129944
0.02305137924849987,0.003946829587221146,0.06251967698335648
0.023403450846672058,0.0034387619234621525,0.05779106914997101
0.022886132821440697,0.003039380069822073,0.05327993631362915
0.021992284804582596,0.004631172865629196,0.06830401718616486
0.021561473608016968,0.004284113645553589,0.06440261006355286
0.022175254300236702,0.003408266929909587,0.05625792592763901
0.02293645404279232,0.003035514149814844,0.053291596472263336
0.023093556985259056,0.004271931946277618,0.06581287831068039
0.022527875378727913,0.0038140027318149805,0.06066790223121643
0.022429129108786583,0.0034473338164389133,0.05690246820449829
0.022370336577296257,0.0031140015926212072,0.05351035296916962
0.022579461336135864,0.004095909185707569,0.0635385513305664
0.022763678804039955,0.0036393986083567142,0.059157662093639374
0.022867286577820778,0.003351545426994562,0.056382738053798676
0.022602170705795288,0.003232802264392376,0.0549301952123642
0.022282617166638374,0.0035966946743428707,0.05824956297874451
0.02243831753730774,0.003337050322443247,0.05580881983041763
0.022910133004188538,0.0033590346574783325,0.05650047957897186
0.022670337930321693,0.0031950194388628006,0.05462053418159485
0.021963205188512802,0.0034021649044007063,0.05598485469818115
0.022123776376247406,0.00318919843994081,0.054015759378671646
0.022661611437797546,0.003200956853106618,0.05467117950320244
0.02232576534152031,0.002947167493402958,0.05179744213819504
0.021756034344434738,0.003549801418557763,0.05725404992699623
0.02191106416285038,0.0033344468101859093,0.05525553226470947
0.022601913660764694,0.002897671889513731,0.05157863348722458
0.022452708333730698,0.0026903923135250807,0.04935663193464279
0.021750854328274727,0.003647042438387871,0.058221280574798584
0.021581526845693588,0.0034361970610916615,0.05594349652528763
0.022204512730240822,0.0027321241796016693,0.049525752663612366
0.022397765889763832,0.0024822948034852743,0.04722071439027786
0.022121170535683632,0.0038131033070385456,0.06025220453739166
0.021913189440965652,0.003583265468478203,0.05774584412574768
0.02201373130083084,0.0025526206009089947,0.04753993824124336
0.0219777449965477,0.002405530773103237,0.04603305459022522
0.02172626368701458,0.0038348380476236343,0.060074642300605774
0.021674059331417084,0.0035705426707863808,0.05737948417663574
0.02196880802512169,0.0024990972597151995,0.046959780156612396
0.021878104656934738,0.002402255777269602,0.04590066149830818
0.021452609449625015,0.0036935163661837578,0.05838777497410774
0.02144303172826767,0.0034583217930048704,0.05602625012397766
0.02185949496924877,0.002480428898707032,0.046663783490657806
0.02194291166961193,0.0023849988356232643,0.045792900025844574
0.021396055817604065,0.003487279638648033,0.056268852204084396
0.021291282027959824,0.003245034720748663,0.05374163016676903
0.021854085847735405,0.002537302440032363,0.04722711071372032
0.02193584106862545,0.002431159606203437,0.046247437596321106
0.021321719512343407,0.0032353843562304974,0.053675562143325806
0.02127424255013466,0.0030071870423853397,0.05134611204266548
0.021868987008929253,0.002593512646853924,0.04780411347746849
0.021912436932325363,0.0024680541828274727,0.04659298062324524
0.02120188996195793,0.0030399849638342857,0.05160173773765564
0.02106371335685253,0.0028318229597061872,0.04938194155693054
0.021824538707733154,0.0026416517794132233,0.04824105650186539
0.02190978266298771,0.002475305926054716,0.046662844717502594
0.02117006480693817,0.0029233412351459265,0.050403475761413574
0.021025752648711205,0.0027341044042259455,0.04836679622530937
0.021709807217121124,0.002626718021929264,0.047976985573768616
0.021777773275971413,0.0024409072939306498,0.04618684574961662
0.021160997450351715,0.0028764435555785894,0.04992543160915375
0.02105947583913803,0.002684321952983737,0.04790269583463669
0.021708128973841667,0.002571132266893983,0.04741945117712021
0.021666398271918297,0.0023945425637066364,0.04561182111501694
0.021030718460679054,0.0028646010905504227,0.04967673122882843
0.02103975974023342,0.002682742429897189,0.04786718636751175
0.02167639322578907,0.002462982200086117,0.04630621522665024
0.02158290520310402,0.0022920207120478153,0.0445031113922596
0.020953873172402382,0.002906557871028781,0.05001945048570633
0.020946340635418892,0.002718845382332802,0.04813479632139206
0.021594926714897156,0.002360362559556961,0.045198552310466766
0.0215053241699934,0.002200906164944172,0.04351438581943512
0.02086186595261097,0.002947636879980564,0.05033823475241661
0.02087908610701561,0.002763897180557251,0.04851805791258812
0.021510286256670952,0.002242827322334051,0.04393856227397919
0.021402237936854362,0.002091937232762575,0.04232160747051239
0.020785564556717873,0.0030273061711341143,0.05105862766504288
0.020792856812477112,0.002836409490555525,0.049156952649354935
0.021422475576400757,0.0021284844260662794,0.04270732030272484
0.021311964839696884,0.001991276629269123,0.041224732995033264
0.02068529836833477,0.0031138970516622066,0.05182427167892456
0.020694106817245483,0.0029192352667450905,0.04988645762205124
0.021316366270184517,0.0020195008255541325,0.04151137173175812
0.02123723179101944,0.0018935389816761017,0.04017262160778046
0.020598087459802628,0.00321025587618351,0.052700646221637726
0.02057655155658722,0.0030102350283414125,0.05067890137434006
0.021214069798588753,0.0019225109135732055,0.0404391810297966
0.02116774208843708,0.001810345333069563,0.03927119821310043
0.020501958206295967,0.003307102248072624,0.05357298254966736
0.020490704104304314,0.0031026897486299276,0.05151760205626488
0.021142421290278435,0.0018347305012866855,0.03948972374200821
0.021100841462612152,0.0017492228653281927,0.03859306871891022
0.020336490124464035,0.0033686719834804535,0.05402320995926857
0.02033218927681446,0.0031469976529479027,0.05180216580629349
0.021120522171258926,0.0017902781255543232,0.039023302495479584
0.021048197522759438,0.001741544809192419,0.03846364468336105
0.020166831091046333,0.0033032489009201527,0.053199321031570435
0.020232515409588814,0.0030514660757035017,0.05074717849493027
0.021206805482506752,0.0018314120825380087,0.039520926773548126
0.021058695390820503,0.001842019148170948,0.039478886872529984
0.019949370995163918,0.0029500708915293217,0.04945007711648941
0.020092682912945747,0.0026920021045953035,0.047012701630592346
0.02142038755118847,0.002032303251326084,0.04174342006444931
0.021204540506005287,0.002062838990241289,0.04183293133974075
0.01980813592672348,0.0024918285198509693,0.0447264201939106
0.02005220577120781,0.002312361728399992,0.043175823986530304
0.021631460636854172,0.002235245890915394,0.04398392140865326
0.021385082975029945,0.0022289957851171494,0.04367504268884659
0.01968633383512497,0.002218061126768589,0.04186694324016571
0.01993509940803051,0.002108498476445675,0.04102008417248726
0.021730512380599976,0.002297418424859643,0.04470469802618027
0.021439241245388985,0.002220410155132413,0.04364334046840668
0.019573288038372993,0.0021823253482580185,0.04139654338359833
0.01979312300682068,0.002107688458636403,0.04087000712752342
0.02166900224983692,0.002170211635529995,0.04337111860513687
0.021376876160502434,0.0020691845566034317,0.0420687198638916
0.019409067928791046,0.0022765332832932472,0.04217439889907837
0.01955565996468067,0.0022042859345674515,0.041598521173000336
0.021524343639612198,0.001994737656787038,0.04147171974182129
0.021280763670802116,0.001901449402794242,0.04029525816440582
0.019264793023467064,0.002393541857600212,0.043200209736824036
0.01935623772442341,0.0023049432784318924,0.04240567237138748
0.021372592076659203,0.0018616036977618933,0.03998862951993942
0.02121264860033989,0.0017910749884322286,0.039123401045799255
0.019125264137983322,0.0024420064873993397,0.043545328080654144
0.019185176119208336,0.0023268884979188442,0.0424540638923645
0.021309304982423782,0.00180993159301579,0.039408620446920395
0.021198756992816925,0.0017527382588014007,0.038726139813661575
0.019017169252038002,0.0024004371371120214,0.043021541088819504
0.019080035388469696,0.0022691835183650255,0.041771870106458664
0.021333759650588036,0.0018132291734218597,0.03946605324745178
0.021228596568107605,0.0017599965212866664,0.03882855921983719
0.01891101896762848,0.002302840817719698,0.041939426213502884
0.01898329146206379,0.002170910593122244,0.040692396461963654
0.0213947594165802,0.0018373518250882626,0.0397682785987854
0.021259596571326256,0.0017720690229907632,0.038980286568403244
0.018818166106939316,0.002218907931819558,0.04100724309682846
0.018902616575360298,0.0020954525098204613,0.03985714167356491
0.02142089419066906,0.0018370193429291248,0.039791084825992584
0.021252552047371864,0.0017585515743121505,0.038838066160678864
0.01870623417198658,0.0021755024790763855,0.040461257100105286
0.01880095712840557,0.0020566079765558243,0.039367035031318665
0.02140021324157715,0.0018052243394777179,0.039452455937862396
0.021195393055677414,0.0017157483380287886,0.03835287690162659
0.01858772337436676,0.002173940185457468,0.040327124297618866
0.01869572512805462,0.002053110161796212,0.039226826280355453
0.02133740484714508,0.001748197479173541,0.03881938010454178
0.021104076877236366,0.001656866050325334,0.0376727357506752
0.018454646691679955,0.0021932346280664206,0.04038699343800545
0.01857682503759861,0.002065627370029688,0.039233095943927765
0.021254735067486763,0.0016842132899910212,0.03809686750173569
0.0209979061037302,0.0015948924701660872,0.03694683313369751
0.018329108133912086,0.002219166373834014,0.04052077233791351
0.018463116139173508,0.0020823609083890915,0.03928672522306442
0.02116735652089119,0.0016244729049503803,0.03741208463907242
0.020896609872579575,0.0015411442145705223,0.03630805015563965
0.018211089074611664,0.002233999315649271,0.0405510812997818
0.0183568112552166,0.0020883381366729736,0.039240192621946335
0.02108769118785858,0.001576633658260107,0.03685402870178223
0.020803991705179214,0.0014988791663199663,0.03579278290271759
0.018110528588294983,0.0022321720607578754,0.04043224826455116
0.01826781965792179,0.0020783443469554186,0.03905126452445984
0.021020568907260895,0.001542743411846459,0.036448001861572266
0.020723659545183182,0.001469978247769177,0.03542344272136688
0.018023058772087097,0.002209561411291361,0.04011867195367813
0.01819463260471821,0.0020501790568232536,0.038696423172950745
0.020965632051229477,0.001520965714007616,0.03617528825998306
0.020654113963246346,0.0014508392196148634,0.035162508487701416
0.017949825152754784,0.002171358559280634,0.0396634116768837
0.018133502453565598,0.0020092639606446028,0.03822614252567291
0.020916350185871124,0.0015074806287884712,0.03599115461111069
0.020593490451574326,0.0014380109496414661,0.03497359901666641
0.01788649521768093,0.0021242545917630196,0.03912904113531113
0.018078096210956573,0.0019632671028375626,0.0377107672393322
0.020862774923443794,0.0014967264141887426,0.03583003953099251
0.020535223186016083,0.0014265691861510277,0.03480091691017151
0.017829343676567078,0.002076269593089819,0.03859204053878784
0.01802157238125801,0.001919085392728448,0.03721242398023605
0.020799223333597183,0.0014848485589027405,0.03564770892262459
0.02047429420053959,0.0014133604709059,0.0346078984439373
0.01777472347021103,0.002033462980762124,0.03810935467481613
0.017961546778678894,0.0018818906974047422,0.036780454218387604
0.02072402834892273,0.0014687002403661609,0.03541103005409241
0.020407501608133316,0.0013965257676318288,0.034372758120298386
0.017718449234962463,0.0019982969388365746,0.03770142048597336
0.017895575612783432,0.0018525351770222187,0.036420926451683044
0.020639926195144653,0.0014483807608485222,0.035123735666275024
0.02033424749970436,0.0013761695008724928,0.034095942974090576
0.017658919095993042,0.001971295103430748,0.03737187013030052
0.01782478392124176,0.001830561668612063,0.0361303985118866
0.020551074296236038,0.0014248669613152742,0.03479974344372749
0.04146549478173256,0.0015601608902215958,0.05706710368394852
0.03357953950762749,0.0022442436311393976,0.05602197349071503
0.03029712662100792,0.0021902492735534906,0.05219961702823639
0.032279159873723984,0.00202591042034328,0.05253826454281807
0.03085157461464405,0.001967622898519039,0.05052780359983444
0.02613195776939392,0.002494519343599677,0.05107714980840683
0.025469016283750534,0.002259734319522977,0.048066359013319016
0.02856297232210636,0.002001563087105751,0.04857860505580902
0.02819252759218216,0.0018766969442367554,0.04695949703454971
0.025145746767520905,0.002262335503473878,0.04776909947395325
0.02516852505505085,0.0022023834753781557,0.04719235748052597
0.027622751891613007,0.0017459341324865818,0.04508209228515625
0.026793450117111206,0.001704443246126175,0.043837882578372955
0.022952819243073463,0.002303589601069689,0.045988716185092926
0.022819899022579193,0.002295995829626918,0.04577985778450966
0.02587965317070484,0.0016508072149008512,0.04238772392272949
0.025253338739275932,0.001627413323149085,0.04152747243642807
0.02195914275944233,0.0023213340900838375,0.04517248272895813
0.022266272455453873,0.0020297605078667402,0.04256387799978256
0.026325160637497902,0.0019551576115190983,0.04587673395872116
0.026227489113807678,0.0019031569827347994,0.045259058475494385
0.022233761847019196,0.0018949422519654036,0.04118318483233452
0.022137679159641266,0.0018624551594257355,0.04076223075389862
0.025671465322375298,0.0017661115853115916,0.04333258047699928
0.024649953469634056,0.0016385482158511877,0.04103543609380722
0.020797785371541977,0.0024773406330496073,0.04557119309902191
0.020782290026545525,0.0025641904212534428,0.04642419517040253
0.023853560909628868,0.001377793145366013,0.03763149306178093
0.023667654022574425,0.0016146497800946236,0.03981415182352066
0.02114162966609001,0.0018401937559247017,0.03954356908798218
0.0221420731395483,0.0015366199659183621,0.037508271634578705
0.02487112581729889,0.002148248488083482,0.04635360836982727
0.023798858746886253,0.0018922106828540564,0.042720966041088104
0.020970985293388367,0.002145778387784958,0.042428769171237946
0.021672870963811874,0.0021195956505835056,0.042868826538324356
0.023765213787555695,0.0014745246153324842,0.038510460406541824
0.02232440933585167,0.0014680302701890469,0.03700471296906471
0.02100760117173195,0.0024580550380051136,0.04558815062046051
0.021465107798576355,0.0021194617729634047,0.04265972599387169
0.02290015108883381,0.0017017644131556153,0.03991779685020447
0.022446341812610626,0.0016800255980342627,0.03924659639596939
0.020974433049559593,0.0019907383248209953,0.040881816297769547
0.021418917924165726,0.001727632130496204,0.038695238530635834
0.02308468334376812,0.0019467596430331469,0.04255227744579315
0.022762801498174667,0.0018562288023531437,0.04132508859038353
0.020947443321347237,0.0017561956774443388,0.03850939869880676
0.02141340635716915,0.0016221485566347837,0.037634894251823425
0.022926071658730507,0.0018491724040359259,0.04141779616475105
0.022531239315867424,0.001701721572317183,0.03954845666885376
0.020906241610646248,0.0018777711084112525,0.039683952927589417
0.021262601017951965,0.0017763844225555658,0.039026446640491486
0.02270476147532463,0.0015773866325616837,0.03847862780094147
0.022332528606057167,0.001478418242186308,0.03711671009659767
0.0210296418517828,0.0019548956770449877,0.04057859629392624
0.02126150391995907,0.0018021569121629,0.03928307443857193
0.02262037806212902,0.0014991974458098412,0.03761235252022743
0.022224489599466324,0.0014506418956443667,0.03673090785741806
0.02093551866710186,0.001877499744296074,0.03971051424741745
0.021041903644800186,0.0017385507235303521,0.03842741250991821
0.022215507924556732,0.0015387102030217648,0.037602610886096954
0.02195340022444725,0.00147561717312783,0.03670957311987877
0.02095465548336506,0.0017749189864844084,0.03870384395122528
0.02089480310678482,0.0016432027332484722,0.03732683137059212
0.02225407585501671,0.0015666561666876078,0.03792063891887665
0.022047994658350945,0.0014787106774747372,0.03683510050177574
0.020991060882806778,0.0016832249239087105,0.03782331198453903
0.02082749642431736,0.0015855698147788644,0.03668319433927536
0.02214779146015644,0.0015329422894865274,0.03747721388936043
0.021869776770472527,0.001430833712220192,0.0361781120300293
0.020932376384735107,0.0016839553136378527,0.03777192905545235
0.02061524987220764,0.0015972182154655457,0.0365874320268631
0.02200395241379738,0.0014759693294763565,0.036763645708560944
0.021782316267490387,0.0013766092015430331,0.03554840758442879
0.020820066332817078,0.0016705897869542241,0.0375259667634964
0.020510761067271233,0.0015759880188852549,0.036270640790462494
0.022004250437021255,0.0014370912685990334,0.03637516498565674
0.02167724259197712,0.0013560832012444735,0.03523807227611542
0.020740393549203873,0.0016332986997440457,0.03707338124513626
0.02044360339641571,0.0015327950241044164,0.035771552473306656
0.02194182015955448,0.001431513810530305,0.03625695779919624
0.021567070856690407,0.0013593186158686876,0.035160258412361145
0.02066764608025551,0.0015739492373540998,0.03640713915228844
0.020444488152861595,0.0014723638305440545,0.0351681262254715
0.021938005462288857,0.001423231908120215,0.03617032617330551
0.021516690030694008,0.0013475952437147498,0.03499264270067215
0.02071789652109146,0.00153140549082309,0.036031950265169144
0.02041357010602951,0.0014418752398341894,0.03483232110738754
0.021854104474186897,0.0013990347506478429,0.03584445267915726
0.02141886204481125,0.0013166447170078754,0.03458530828356743
0.020663989707827568,0.00152164651080966,0.03588045388460159
0.020344270393252373,0.0014325022930279374,0.03466929495334625
0.021746695041656494,0.0013664236757904291,0.03541093319654465
0.021319679915905,0.0012845001183450222,0.034164682030677795
0.02064722776412964,0.0015062580350786448,0.03570980578660965
0.020295962691307068,0.001411672681570053,0.0344126895070076
0.021675007417798042,0.0013459495967254043,0.03513450175523758
0.021222231909632683,0.0012674592435359955,0.03389682620763779
0.020597223192453384,0.0014769511763006449,0.035366736352443695
0.02026098594069481,0.0013800219167023897,0.03406120464205742
0.021575069054961205,0.0013342350721359253,0.03491742163896561
0.021134022623300552,0.0012544023338705301,0.033678047358989716
0.020566508173942566,0.0014444647822529078,0.035011157393455505
0.0202200748026371,0.0013514363672584295,0.03373444080352783
0.02149149589240551,0.0013180612586438656,0.03467210754752159
0.021062273532152176,0.0012400969862937927,0.0334632433950901
0.020508766174316406,0.0014149799244478345,0.03465856611728668
0.020183468237519264,0.00132443243637681,0.03342779353260994
0.02138170599937439,0.0013023291248828173,0.034404996782541275
0.020957257598638535,0.0012250251602381468,0.03320750966668129
0.020452409982681274,0.0013930662535130978,0.03438307344913483
0.02015608921647072,0.0013048070250079036,0.03320416063070297
0.021257273852825165,0.0012827557511627674,0.034084830433130264
0.020869029685854912,0.0012064018519595265,0.03293304890394211
0.020417623221874237,0.0013710737694054842,0.03412836045026779
0.020111316815018654,0.0012872782535851002,0.03298410028219223
0.021130481734871864,0.001264307415112853,0.03377355635166168
0.020777912810444832,0.00118931639008224,0.03267107903957367
0.02036178670823574,0.0013504025992006063,0.03386581316590309
0.02005820721387863,0.0012702809181064367,0.03276101499795914
0.021005719900131226,0.0012483090395107865,0.03348881006240845
0.020696714520454407,0.0011747251264750957,0.03244396671652794
0.020298117771744728,0.001328175887465477,0.03357987850904465
0.02001076564192772,0.0012517054565250874,0.03252781927585602
0.020881569012999535,0.001233755610883236,0.033219125121831894
0.020624401047825813,0.0011595869436860085,0.0322202704846859
0.020231639966368675,0.0013084625825285912,0.03331626579165459
0.019948316738009453,0.0012363411951810122,0.032311730086803436
0.020764268934726715,0.0012191564310342073,0.0329558327794075
0.020552968606352806,0.001144195208325982,0.03199492022395134
0.02014646679162979,0.0012933402322232723,0.03307987004518509
0.019885623827576637,0.0012229045387357473,0.0321146696805954
0.020656539127230644,0.0012032458325847983,0.03268899768590927
0.020483113825321198,0.0011273976415395737,0.031757090240716934
0.020056359469890594,0.0012816420057788491,0.03287278115749359
0.0198204405605793,0.0012110075913369656,0.03193051740527153
0.020558331161737442,0.0011868563015013933,0.03242689371109009
0.020414089784026146,0.0011098535032942891,0.03151262551546097
0.01994306594133377,0.001274401554837823,0.03268708288669586
0.01976754330098629,0.0011992505751550198,0.03176004812121391
0.02046504244208336,0.0011700644390657544,0.032165687531232834
0.020350182428956032,0.0010920544154942036,0.03127072751522064
0.01980176568031311,0.0012700920924544334,0.032502688467502594
0.019757401198148727,0.0011866774875670671,0.03162417560815811
0.020335590466856956,0.0011521128471940756,0.031856719404459
0.020323827862739563,0.0010787032078951597,0.031110860407352448
0.019546162337064743,0.001263977843336761,0.03218594193458557
0.019897405058145523,0.0012040967121720314,0.031938374042510986
0.019990021362900734,0.0010695316595956683,0.030685339123010635
0.020381754264235497,0.0011002523824572563,0.03138427808880806
0.019196342676877975,0.0011791202705353498,0.03098754584789276
0.020137125626206398,0.0012145927175879478,0.032283052802085876
0.019572971388697624,0.00085531483637169,0.028126120567321777
0.020595183596014977,0.0014505882281810045,0.035101063549518585
0.019454842433333397,0.0007937934133224189,0.027392776682972908
0.021374771371483803,0.0018468720372766256,0.039843492209911346
0.020083008334040642,0.0010774573311209679,0.03085758164525032
0.020276600494980812,0.0017739534378051758,0.03801613301038742
0.020830316469073296,0.0017840899527072906,0.03867121785879135
0.019823234528303146,0.0007592124165967107,0.027415357530117035
0.01875457726418972,0.0033939206041395664,0.05269378423690796
0.018913228064775467,0.00230121286585927,0.04192535579204559
0.020675403997302055,0.0024074921384453773,0.04475032538175583
0.02146831341087818,0.002882786560803652,0.050296179950237274
0.020092913880944252,0.001167841488495469,0.031771328300237656
0.019064458087086678,0.001763004343956709,0.03669450432062149
0.019142024219036102,0.0016549366991966963,0.03569139167666435
0.019363490864634514,0.0012961516622453928,0.032325007021427155
0.020594440400600433,0.0012711768504232168,0.03330621123313904
0.02017155848443508,0.0013493048027157784,0.033664606511592865
0.01831805892288685,0.0011448763543739915,0.02976682223379612
0.021842891350388527,0.0023411428555846214,0.04525431990623474
0.022195592522621155,0.0014853795291855931,0.03704938665032387
0.0203232578933239,0.0030314400792121887,0.050637658685445786
0.01826474256813526,0.0038943099789321423,0.05720784515142441
0.018763694912195206,0.0019135796464979649,0.03789949044585228
0.02249099314212799,0.0019728667102754116,0.04221966117620468
0.02333623543381691,0.00198001298122108,0.043136365711688995
0.01892130821943283,0.0015835589729249477,0.03475689888000488
0.01854139193892479,0.0019507991382852197,0.03804938495159149
0.019652055576443672,0.0017013894394040108,0.03666594997048378
0.02163417637348175,0.0013587246648967266,0.03522142395377159
0.020516403019428253,0.002195631619542837,0.0424727201461792
0.019149890169501305,0.0022091250866651535,0.04124113917350769
0.018299343064427376,0.0020858957432210445,0.03915829956531525
0.019300522282719612,0.0017296660225838423,0.03659718483686447
0.022014906629920006,0.001611584797501564,0.0381307527422905
0.020949387922883034,0.0012964484049007297,0.03391387313604355
0.0182727612555027,0.0017327985260635614,0.03560074418783188
0.01811155118048191,0.0016450088005512953,0.0345616415143013
0.02128109522163868,0.0010193788912147284,0.03147488459944725
0.02187633141875267,0.0014522442361339927,0.03639877587556839
0.018395226448774338,0.0009342634584754705,0.02773786149919033
0.02281617373228073,0.0019120799843221903,0.0419369712471962
0.02070130780339241,0.0011284261709079146,0.0319855697453022
0.020170608535408974,0.0028063454665243626,0.048234060406684875
0.0205532293766737,0.003080201568081975,0.05135524272918701
0.02033988945186138,0.0007915030000731349,0.0282549187541008
0.019550593569874763,0.0020101803820580244,0.039652399718761444
0.017412707209587097,0.0018371185287833214,0.03578389436006546
0.019836872816085815,0.0015956436982378364,0.03579331189393997
0.03415173292160034,0.001996296690776944,0.054114699363708496
0.03085988201200962,0.0008784324745647609,0.039644207805395126
0.024060280993580818,0.003504521446302533,0.05910549312829971
0.024678606539964676,0.0030927269253879786,0.055605873465538025
0.030391281470656395,0.0012895342661067843,0.04328662529587746
0.03198349103331566,0.0015904236352071166,0.04788772761821747
0.026852790266275406,0.0018523617181926966,0.045376405119895935
0.024410869926214218,0.0012804281432181597,0.03721515089273453
0.028037598356604576,0.0020070099271833897,0.04810769855976105
0.02706887014210224,0.001095993909984827,0.03802881017327309
0.023823145776987076,0.0025712219066917896,0.0495353639125824
0.02428160421550274,0.0024916864931583405,0.04919847100973129
0.02781778760254383,0.0009219109197147191,0.037036895751953125
0.026159606873989105,0.0011754505103453994,0.03791411221027374
0.021834949031472206,0.0017143356380984187,0.03897830471396446
0.02336125262081623,0.0009240193758159876,0.03260144591331482
0.029436806216835976,0.001226423541083932,0.04170104116201401
0.027855249121785164,0.0007702690199948847,0.03555794060230255
0.021801434457302094,0.001786224776878953,0.03966367989778519
0.020702620968222618,0.0015935883857309818,0.03663850575685501
0.02573569118976593,0.00111987569835037,0.03693445026874542
0.025913560763001442,0.0005908955936320126,0.03182251751422882
0.023386195302009583,0.0016625095158815384,0.040011290460824966
0.0226144976913929,0.0012867359910160303,0.035481855273246765
0.026094358414411545,0.0011132349027320743,0.037226706743240356
0.0263256523758173,0.0012028260389342904,0.03835391253232956
0.021918417885899544,0.000904867600183934,0.030967094004154205
0.022867098450660706,0.0007071049185469747,0.029938146471977234
0.02645852416753769,0.0010367564391344786,0.03682608902454376
0.025524014607071877,0.0009541425388306379,0.03506544232368469
0.02098359353840351,0.0009559888858348131,0.030543481931090355
0.02203701250255108,0.0007748242933303118,0.02978525497019291
0.02567186951637268,0.0010122476378455758,0.035794347524642944
0.024814900010824203,0.000764333875849843,0.032458238303661346
0.02098872698843479,0.001280894735828042,0.033797673881053925
0.02121315710246563,0.0011039571836590767,0.032252728939056396
0.024726666510105133,0.0007194844074547291,0.03192150965332985
0.02416675165295601,0.0006524694617837667,0.030691446736454964
0.02058916538953781,0.001316784881055355,0.03375701606273651
0.02068089321255684,0.00128728908021003,0.03355378285050392
0.02412964403629303,0.0005498093669302762,0.029627736657857895
0.023645667359232903,0.0005372093874029815,0.02901776134967804
0.020464347675442696,0.0012515191920101643,0.03297954052686691
0.020276259630918503,0.0011261840118095279,0.03153809905052185
0.023582594469189644,0.0005849336157552898,0.029431931674480438
0.023385049775242805,0.0004966646665707231,0.028351696208119392
0.020535342395305634,0.0011718226596713066,0.03225357085466385
0.02034529484808445,0.0009740505483932793,0.03008580021560192
0.023855559527873993,0.0006792998174205422,0.03064855746924877
0.023220699280500412,0.0005682877381332219,0.028903577476739883
0.02022632583975792,0.0011325024534016848,0.03155134990811348
0.020399075001478195,0.0009394411463290453,0.02979348599910736
0.023937895894050598,0.0006525564822368324,0.030463460832834244
0.023274363949894905,0.0006069493247196078,0.0293438583612442
0.019761130213737488,0.0010418216697871685,0.030179347842931747
0.02007695473730564,0.0008951938943937421,0.029028892517089844
0.023654133081436157,0.0006118972087278962,0.029773104935884476
0.02325286529958248,0.000527623516973108,0.028529100120067596
0.019747665151953697,0.0010058018378913403,0.029805682599544525
0.019680244848132133,0.0008789127459749579,0.028469372540712357
0.02332397550344467,0.0006267003482207656,0.02959097921848297
0.0230596661567688,0.0004884297377429903,0.027943963184952736
0.019949398934841156,0.0010500135831534863,0.030449535697698593
0.019748514518141747,0.000921631115488708,0.028964824974536896
0.022970788180828094,0.0006002314621582627,0.028973102569580078
0.022709347307682037,0.00048412790056318045,0.027550626546144485
0.01984556019306183,0.0010720477439463139,0.030566036701202393
0.019815051928162575,0.000958570628426969,0.02940075844526291
0.02273077517747879,0.0005242813494987786,0.027973588556051254
0.02235773205757141,0.00045154360122978687,0.026873167604207993
0.019588008522987366,0.0011077167000621557,0.03066517598927021
0.019647758454084396,0.000987043371424079,0.029518192633986473
0.02252073399722576,0.0004698634729720652,0.027219368144869804
0.022122962400317192,0.0003931518876925111,0.02605448104441166
0.01945514604449272,0.0011839710641652346,0.03129485622048378
0.019473137333989143,0.001047660713084042,0.029949743300676346
0.02225162461400032,0.0004342964384704828,0.02659458853304386
0.021858375519514084,0.0003503613988868892,0.025361988693475723
0.01943102292716503,0.0012615119339898229,0.03204614296555519
0.019424352794885635,0.001116893021389842,0.030593283474445343
0.02198794111609459,0.00039223599014803767,0.025910301133990288
0.02164440043270588,0.0003207209811080247,0.024851610884070396
0.01940345950424671,0.001327398233115673,0.03267744183540344
0.019390199333429337,0.0011916770599782467,0.03130697086453438
0.021751834079623222,0.0003443470341153443,0.025195304304361343
0.021402062848210335,0.00028965313686057925,0.024298593401908875
0.01928405463695526,0.0013818482402712107,0.03310253471136093
0.019260568544268608,0.0012578207533806562,0.03183877468109131
0.021425748243927956,0.00030921734287403524,0.02451792173087597
0.021287333220243454,0.0002579856081865728,0.02386718988418579
0.019401095807552338,0.0015080765588209033,0.03448186069726944
0.019190194085240364,0.001315486617386341,0.032345060259103775
0.02152242138981819,0.0003044493496417999,0.02456691488623619
0.020663516595959663,0.0003771169576793909,0.024434685707092285
0.01931709051132202,0.0008717905730009079,0.0280349962413311
0.019210126250982285,0.0005766345420852304,0.024976471439003944
0.021584967151284218,0.0010476857423782349,0.03206182271242142
0.02332264557480812,0.0010347958886995912,0.03367060422897339
0.020281903445720673,0.00040760100819170475,0.024357913061976433
0.02013913169503212,0.001867706305347383,0.038816194981336594
0.01936902105808258,0.0007644481956958771,0.02701350301504135
0.02813236601650715,0.002721397904679179,0.05534634739160538
0.03136676549911499,0.003338236128911376,0.06474912166595459
0.02178078144788742,0.0009967086371034384,0.03174787014722824
0.02032109908759594,0.0021816485095769167,0.04213758558034897
0.019424892961978912,0.0025352989323437214,0.04477788135409355
0.019575072452425957,0.001941210008226335,0.0389871746301651
0.02244967222213745,0.0004972618771716952,0.027422290295362473
0.02039153128862381,0.0027412401977926493,0.047803930938243866
0.01995542272925377,0.002668253146111965,0.04663795232772827
0.019086165353655815,0.0005348081467673182,0.024434246122837067
0.02184191346168518,0.0009129793616011739,0.0309717059135437
0.02101166918873787,0.0005183472530916333,0.026195142418146133
0.01938563771545887,0.0004869445110671222,0.02425508201122284
0.020875468850135803,0.0022868490777909756,0.043743960559368134
0.021051358431577682,0.002121513243764639,0.042266491800546646
0.01973681151866913,0.0004358081496320665,0.024094892665743828
0.02013983018696308,0.0006115628057159483,0.02625545859336853
0.020775871351361275,0.0008071794873103499,0.028847666457295418
0.02000696398317814,0.0004621617845259607,0.02462858147919178
0.019864998757839203,0.001970029203221202,0.03956529125571251
0.02067641168832779,0.0013816887512803078,0.03449329733848572
0.020977873355150223,0.001005606260150671,0.031033936887979507
0.020701251924037933,0.0010375985875725746,0.03107723779976368
0.01908465474843979,0.0011153887026011944,0.030238542705774307
0.020667091012001038,0.0006303578848019242,0.026970669627189636
0.021345891058444977,0.001447326852940023,0.0358191579580307
0.02050917223095894,0.0009020884172059596,0.029530055820941925
0.019507797434926033,0.001788090681657195,0.03738870471715927
0.020400095731019974,0.0015755754429847002,0.03615584969520569
0.02072216384112835,0.000622107065282762,0.026943234726786613
0.020112603902816772,0.0004578389343805611,0.024690993130207062
0.02020922861993313,0.0020036371424794197,0.040245600044727325
0.020410532131791115,0.00160171405877918,0.03642767295241356
0.02048490010201931,0.000679227348882705,0.027277173474431038
0.02038872428238392,0.0006289124139584601,0.026677848771214485
0.019919516518712044,0.001349331345409155,0.03341282904148102
0.020024029538035393,0.0009103438351303339,0.029127467423677444
0.021057920530438423,0.0012679006904363632,0.033736929297447205
0.020782070234417915,0.0011632684618234634,0.0324147567152977
0.0194354560226202,0.0008297129534184933,0.02773258462548256
0.020138351246714592,0.0005300965276546776,0.025439316406846046
0.021216096356511116,0.0014064678689464927,0.035280775278806686
0.020711025223135948,0.0011328622931614518,0.03203964978456497
0.019556956365704536,0.0008307741372846067,0.027864698320627213
0.0201563760638237,0.0006269377190619707,0.02642575278878212
0.020949475467205048,0.0010782094905152917,0.03173156827688217
0.02053726091980934,0.0008380991057492793,0.028918251395225525
0.019890910014510155,0.000993716879747808,0.029828079044818878
0.02012292668223381,0.00088407879229635,0.028963714838027954
0.020397720858454704,0.0007559736259281635,0.027957458049058914
0.020252812653779984,0.0005911854095757008,0.026164665818214417
0.020141713321208954,0.001209190464578569,0.03223361819982529
0.020166167989373207,0.0010683898581191897,0.030850067734718323
0.020123882219195366,0.0006166636594571173,0.026290519163012505
0.020080970600247383,0.00047816813457757235,0.02486265078186989
0.020303577184677124,0.001287933555431664,0.033182911574840546
0.02035163715481758,0.0010921197244897485,0.03127283602952957
0.019935118034482002,0.0005782559746876359,0.025717677548527718
0.019993089139461517,0.000456196372397244,0.024555053561925888
0.020449763163924217,0.0011372080771252513,0.0318218432366848
0.02034459449350834,0.0009366460144519806,0.029711054638028145
0.019878901541233063,0.0006511346437036991,0.02639024704694748
0.020120935514569283,0.0005661667673848569,0.02578260377049446
0.020192405208945274,0.0009200472850352526,0.029392877593636513
0.020080070942640305,0.0007360202725976706,0.027440274134278297
0.02000163309276104,0.0008421153761446476,0.02842278778553009
0.020207786932587624,0.0007172070327214897,0.027379857376217842
0.019910624250769615,0.0007459604530595243,0.027370229363441467
0.02004055678844452,0.0005797872436232865,0.025838429108262062
0.019990183413028717,0.0009041658486239612,0.029031842947006226
0.020110532641410828,0.0007368777878582478,0.02747930958867073
0.01993785798549652,0.0007098995847627521,0.02703685313463211
0.020063195377588272,0.0006001483416184783,0.0260646790266037
0.01981549896299839,0.0008057533414103091,0.027873031795024872
0.019918549805879593,0.0006444716709665954,0.02636326663196087
0.019998278468847275,0.0007957065245136619,0.027955343946814537
0.020106740295886993,0.0006839637644588947,0.026946377009153366
0.019671013578772545,0.0007140057859942317,0.02681107074022293
0.01979467272758484,0.0005812462186440825,0.025607135146856308
0.019922565668821335,0.0008102000574581325,0.028024565428495407
0.02006152644753456,0.000642418977804482,0.026485715061426163
0.01965176686644554,0.0007585139246657491,0.027236904948949814
0.019825777038931847,0.0006349121103994548,0.02617489919066429
0.019773241132497787,0.0007041112403385341,0.026814352720975876
0.019958922639489174,0.0005614235997200012,0.025573158636689186
0.019615957513451576,0.0007805068744346499,0.027421027421951294
0.01979660429060459,0.0006312583573162556,0.02610918879508972
0.019732853397727013,0.0007099932408891618,0.026832785457372665
0.01999126560986042,0.0005923571297898889,0.025914836674928665
0.019475115463137627,0.0007095843902789056,0.026570959016680717
0.019702164456248283,0.0005698101595044136,0.02540026605129242
0.019692018628120422,0.0007242842693813145,0.02693486213684082
0.020018313080072403,0.000570212141610682,0.02572043426334858
0.01941727101802826,0.0007184012793004513,0.026601284742355347
0.019708530977368355,0.0005969924386590719,0.02567845582962036
0.01960652507841587,0.0006528304656967521,0.026134829968214035
0.02001922018826008,0.0005211562383919954,0.025230782106518745
0.019361337646842003,0.0007074858876876533,0.026436196640133858
0.01968841813504696,0.0005730632110498846,0.025419050827622414
0.020816991105675697,0.0005853214533999562,0.02667020633816719
0.021084152162075043,0.000501978094689548,0.026103932410478592
0.0197607409209013,0.0005663890624418855,0.02542463131248951
0.019956059753894806,0.000467196136014536,0.02462802082300186
0.02006978541612625,0.0004619485989678651,0.024689272046089172
0.019479623064398766,0.00040295853978022933,0.023509208112955093
0.01865999959409237,0.0006017154082655907,0.024677153676748276
0.01901938207447529,0.0004031532444059849,0.023050915449857712
0.019537808373570442,0.0006314701167866588,0.0258525088429451
0.01897951401770115,0.0005917571252211928,0.02489708550274372
0.017886752262711525,0.0005690022371709347,0.023576773703098297
0.018561597913503647,0.0004784077755175531,0.023345675319433212
0.01870844140648842,0.00047787115909159184,0.02348715253174305
0.017656492069363594,0.00048038712702691555,0.022460363805294037
0.01827068440616131,0.0006259212968870997,0.024529896676540375
0.018456464633345604,0.00048778753262013197,0.023334339261054993
0.018039224669337273,0.0005226160865277052,0.023265386000275612
0.017538513988256454,0.0004981244564987719,0.022519757971167564
0.017773274332284927,0.0005497133824974298,0.02327040769159794
0.018003463745117188,0.00042560233850963414,0.022259486839175224
0.017168747261166573,0.0006169586558826268,0.023338332772254944
0.017114214599132538,0.000528496690094471,0.022399181500077248
0.017711086198687553,0.0004863767826464027,0.022574853152036667
0.01735607720911503,0.0004141026292927563,0.021497104316949844
0.017341632395982742,0.0005939296679571271,0.023280929774045944
0.017193468287587166,0.0004993255715817213,0.022186724469065666
0.017454244196414948,0.00048129656352102757,0.022267209365963936
0.017238499596714973,0.0004129147855564952,0.021367646753787994
0.017055673524737358,0.0005438445368781686,0.0224941186606884
0.016690693795681,0.00046630314318463206,0.021353725343942642
0.017466705292463303,0.00048417760990560055,0.022308481857180595
0.017157919704914093,0.00040771981002762914,0.021235117688775063
0.016812361776828766,0.000522998278029263,0.022042345255613327
0.01658957079052925,0.0004333171236794442,0.020922742784023285
0.017201699316501617,0.0004997226060368121,0.02219892479479313
0.01701182872056961,0.0004224675940349698,0.02123650535941124
0.016483714804053307,0.00047401123447343707,0.021223828196525574
0.016401750966906548,0.00039169707451947033,0.02031872235238552
0.016847945749759674,0.0004963697865605354,0.02181164361536503
0.0166610274463892,0.00041306341881863773,0.020791660994291306
0.01650107093155384,0.000446134275989607,0.020962413400411606
0.016118034720420837,0.00039830495370551944,0.020101085305213928
0.01677701249718666,0.000480528746265918,0.02158229984343052
0.01668957993388176,0.0004046054382342845,0.020735634490847588
0.01628134958446026,0.0004256033571437001,0.02053738385438919
0.016007250174880028,0.0003867747145704925,0.019874997437000275
0.016674572601914406,0.00047230723430402577,0.02139764465391636
0.016551967710256577,0.00040878498111851513,0.020639818161725998
0.016041509807109833,0.00040242986869998276,0.020065808668732643
0.015863986685872078,0.00036877626553177834,0.019551750272512436
0.016646329313516617,0.0004541014786809683,0.021187344565987587
0.016417663544416428,0.0004562844114843756,0.020980507135391235
0.015768542885780334,0.0002606580965220928,0.018375124782323837
0.015564466826617718,0.0002931325579993427,0.018495792523026466
0.016291717067360878,0.0006397038814611733,0.02268875576555729
0.016305387020111084,0.00044204018195159733,0.020725788548588753
0.0154008399695158,0.0004203536664135754,0.019604377448558807
0.016427474096417427,0.0009887247579172254,0.026314720511436462
0.01576259545981884,0.0003960910253226757,0.019723504781723022
0.015953615307807922,0.001745839137583971,0.03341200575232506
0.01723567396402359,0.0020613493397831917,0.03784916549921036
0.016824550926685333,0.0008033828344196081,0.0248583797365427
0.015891632065176964,0.0006760722026228905,0.02265235409140587
0.016488581895828247,0.0012424943270161748,0.028913524001836777
0.01572723314166069,0.001005426631309092,0.025781499221920967
0.015576675534248352,0.0004689130000770092,0.02026580646634102
0.016553856432437897,0.0006109396927058697,0.022663254290819168
0.015331048518419266,0.0006343060522340238,0.021674109622836113
0.01555477175861597,0.00037422298919409513,0.019297001883387566
0.01544557511806488,0.000369573594070971,0.019141310825943947
0.015667205676436424,0.0006303529953584075,0.021970735862851143
0.0156088350340724,0.00029045846895314753,0.01851341873407364
0.016071949154138565,0.0014427709393203259,0.030499659478664398
0.01686348021030426,0.0014547992032021284,0.03141147270798683
0.015560022555291653,0.0010966301197186112,0.026526324450969696
0.015132280066609383,0.0006476958515122533,0.021609239280223846
0.01666967384517193,0.0013119536451995373,0.029789209365844727
0.0164836086332798,0.0012905815383419394,0.02938942424952984
0.015065872110426426,0.0003601438656914979,0.0186673104763031
0.0153017807751894,0.0004558281507343054,0.01986006274819374
0.015498585067689419,0.0007097441121004522,0.022596025839447975
0.015426100231707096,0.00017768828547559679,0.017202982679009438
0.01499228086322546,0.0014328823890537024,0.029321104288101196
0.015206743031740189,0.000845612958073616,0.02366287261247635
0.015720034018158913,0.0016899059992283583,0.03261909633874893
0.01626538671553135,0.001957588829100132,0.03584127500653267
0.015692120417952538,0.00032759614987298846,0.01896808296442032
0.01448039710521698,0.0011888996232300997,0.02636939287185669
0.014789060689508915,0.0006863908492960036,0.02165296860039234
0.016202835366129875,0.0011273748241364956,0.027476582676172256
0.016482161357998848,0.0006502001779153943,0.022984161972999573
0.015157472342252731,0.0018048147903755307,0.03320562094449997
0.014202876016497612,0.0020335509907454252,0.0345383882522583
0.014401080086827278,0.0006315871723927557,0.0207169521600008
0.01724872551858425,0.0009965731296688318,0.027214456349611282
0.01629684865474701,0.0005727229872718453,0.02202407829463482
0.014674626290798187,0.0007032579160295427,0.02170720510184765
0.014144502580165863,0.0010600195964798331,0.024744698777794838
0.01482660323381424,0.0006283004768192768,0.021109607070684433
0.01609797030687332,0.0008023013360798359,0.024120982736349106
0.01573287881910801,0.0008911078912205994,0.02464395761489868
0.014646661467850208,0.0003017397248186171,0.01766405813395977
0.014293085783720016,0.0003019630385097116,0.01731271669268608
0.01587078906595707,0.000841423636302352,0.024285025894641876
0.016117626801133156,0.0005752616561949253,0.021870244294404984
0.014431776478886604,0.0008597795967943966,0.023029573261737823
0.013545336201786995,0.001023676129989326,0.023782096803188324
0.014293947257101536,0.0006858572014607489,0.021152518689632416
0.015940120443701744,0.00037520923069678247,0.019692212343215942
0.015270755626261234,0.0007758092833682895,0.023028848692774773
0.013959934003651142,0.0004815276188310236,0.01877520978450775
0.014587362296879292,0.0011911428300663829,0.026498790830373764
0.015343084931373596,0.0008470210595987737,0.023813296109437943
0.015431306324899197,0.0006079673767089844,0.021510981023311615
0.014396518468856812,0.0005032100598327816,0.019428618252277374
0.014221986755728722,0.000980195589363575,0.02402394264936447
0.01463105995208025,0.0004954874748364091,0.019585933536291122
0.015502185560762882,0.001124679110944271,0.026748977601528168
0.01525882724672556,0.0010181381367146969,0.025440208613872528
0.014490915462374687,0.00047614274080842733,0.019252343103289604
0.014249172993004322,0.00038680998841300607,0.018117273226380348
0.015219205059111118,0.0011783142108470201,0.027002345770597458
0.015288148075342178,0.0009784926660358906,0.02507307380437851
0.014577929861843586,0.0005025004502385855,0.019602933898568153
0.014211908914148808,0.0005653673433698714,0.019865581765770912
0.014584139920771122,0.0008030880126170814,0.022615019232034683
0.014854814857244492,0.0005948877660557628,0.020803693681955338
0.01469977106899023,0.0008148336783051491,0.022848106920719147
0.014444499276578426,0.0008240578463301063,0.022685077041387558
0.0143868587911129,0.0004656558157876134,0.019043415784835815
0.014544239267706871,0.0003593300934880972,0.01813754066824913
0.014669007621705532,0.0010074136080220342,0.02474314346909523
0.014622456394135952,0.0009195457678288221,0.023817915469408035
0.014414045959711075,0.00037325636367313564,0.018146609887480736
0.014329558238387108,0.00031672685872763395,0.017496826127171516
0.01451548095792532,0.0010306796757504344,0.024822277948260307
0.014568054117262363,0.0008648366201668978,0.02321641892194748
0.014509987086057663,0.00041087064892053604,0.018618693575263023
0.014264442026615143,0.00035871798172593117,0.01785162091255188
0.014343132264912128,0.0009399183327332139,0.02374231442809105
0.014434240758419037,0.0007311800727620721,0.021746041253209114
0.014533298090100288,0.0005475882207974792,0.020009180530905724
0.01437073852866888,0.00048078608233481646,0.0191785991191864
0.014167401939630508,0.0007456502062268555,0.021623903885483742
0.014214757829904556,0.0005663284682668746,0.019878042861819267
0.014527428895235062,0.0007058468763716519,0.021585896611213684
0.014471499249339104,0.0006120667094364762,0.020592166110873222
0.014158307574689388,0.000592606607824564,0.020084373652935028
0.014086593873798847,0.00047643398283980787,0.018850933760404587
0.014444497413933277,0.0008130738278850913,0.02257523685693741
0.014502106234431267,0.000713005312718451,0.021632159128785133
0.01417558640241623,0.0004871436394751072,0.019047021865844727
0.01402208860963583,0.00042129334178753197,0.018235022202134132
0.014319827780127525,0.0008566936594434083,0.022886764258146286
0.014387127943336964,0.0007443217327818274,0.021830346435308456
0.014182704500854015,0.00044913392048329115,0.01867404393851757
0.014019649475812912,0.000389082299079746,0.01791047304868698
0.014262880198657513,0.0008658786537125707,0.022921666502952576
0.014290819875895977,0.0007419496541842818,0.021710317581892014
0.014129562303423882,0.0004432307614479214,0.018561869859695435
0.01403959933668375,0.00037647399585694075,0.0178043395280838
0.01418733038008213,0.0008422005921602249,0.02260933630168438
0.014163665473461151,0.000716149399522692,0.021325159817934036
0.014063723385334015,0.00045283033978194,0.018592026084661484
0.014042887836694717,0.00036748466663993895,0.01771773397922516
0.014175047166645527,0.000824611634016037,0.022421162575483322
0.014081690460443497,0.0006964902277104557,0.02104659378528595
0.013984323479235172,0.000466326717287302,0.018647590652108192
0.0140209486708045,0.00036667269887402654,0.01768767461180687
0.014162889681756496,0.0008137691766023636,0.022300582379102707
0.014041833579540253,0.0006875121034681797,0.020916953682899475
0.013910717330873013,0.0004717478295788169,0.01862819492816925
0.013960772193968296,0.00036919748526997864,0.01765274628996849
0.014143671840429306,0.0008041057153604925,0.02218472957611084
0.01402312982827425,0.000678477983456105,0.020807910710573196
0.01386245060712099,0.00047314719995483756,0.0185939222574234
0.01389111578464508,0.00037392473313957453,0.017630362883210182
0.014108232222497463,0.00079773657489568,0.02208559773862362
0.014019669033586979,0.0006759932730346918,0.020779602229595184
0.0138259157538414,0.00046583334915339947,0.018484249711036682
0.013821757398545742,0.000376976968254894,0.017591526731848717
0.014045242220163345,0.0007912563160061836,0.02195780538022518
0.013991197571158409,0.0006747692823410034,0.020738890394568443
0.013800029642879963,0.0004539071233011782,0.01833910122513771
0.01376614160835743,0.00037311745109036565,0.017497316002845764
0.013987907208502293,0.0007892922149039805,0.021880829706788063
0.013953512534499168,0.0006754019996151328,0.02070753276348114
0.013767339289188385,0.0004420978366397321,0.018188318237662315
0.01372089609503746,0.00036613817792385817,0.01738227717578411
0.013928146101534367,0.0007897273753769696,0.02182541973888874
0.013904451392591,0.000677817384712398,0.020682625472545624
0.013730848208069801,0.00042912305798381567,0.0180220790207386
0.013679548166692257,0.0003554206050466746,0.017233753576874733
0.013874316588044167,0.000792947830632329,0.02180379442870617
0.013847269117832184,0.0006807692116126418,0.020654961466789246
0.013688257895410061,0.00041803723433986306,0.017868630588054657
0.013643825426697731,0.0003432033699937165,0.017075859010219574
0.013829106464982033,0.0007998336805030704,0.021827444434165955
0.013794707134366035,0.0006869153585284948,0.02066386118531227
0.013639099895954132,0.00040693700429983437,0.017708469182252884
0.0209619402885437,0.0039203534834086895,0.06016547605395317
0.022851230576634407,0.00439976854249835,0.06684891879558563
0.02257009595632553,0.004134963266551495,0.06391973048448563
0.020899666473269463,0.0034898961894214153,0.05579862743616104
0.02080412022769451,0.003340561408549547,0.05420973151922226
0.022152261808514595,0.003740116022527218,0.059553422033786774
0.021947070956230164,0.0034318736288696527,0.05626580864191055
0.020617211237549782,0.0033923473674803972,0.054540686309337616
0.020513545721769333,0.003060838906094432,0.05112193524837494
0.02259448915719986,0.003880179487168789,0.0613962858915329
0.02260618843138218,0.003684676019474864,0.059452950954437256
0.020503263920545578,0.0029728272929787636,0.05023153871297836
0.019812317565083504,0.0029959578532725573,0.04977189749479294
0.02106572315096855,0.003517179051414132,0.056237515062093735
0.020871803164482117,0.003356398781761527,0.054435789585113525
0.019972922280430794,0.0029593096114695072,0.04956601560115814
0.019755497574806213,0.00280249142087996,0.04778040945529938
0.02134222723543644,0.0036671992857009172,0.058014221489429474
0.020987696945667267,0.0034760478883981705,0.05574817582964897
0.019305195659399033,0.002879750682041049,0.04810270294547081
0.019260024651885033,0.002800983376801014,0.04726985841989517
0.02076232247054577,0.003524120431393385,0.05600352585315704
0.020643312484025955,0.0033790485467761755,0.05443379655480385
0.019232047721743584,0.002818850800395012,0.04742055386304855
0.019366824999451637,0.0027442784048616886,0.0468096062541008
0.020531026646494865,0.0033922193106263876,0.05445321649312973
0.020440051332116127,0.0032423550728708506,0.052863605320453644
0.01912696473300457,0.0027901274152100086,0.04702823609113693
0.018990539014339447,0.002670000307261944,0.045690543949604034
0.020667951554059982,0.0035409501288086176,0.05607745423913002
0.02042669989168644,0.003404083661735058,0.05446753650903702
0.018768837675452232,0.0026949329767376184,0.04571816697716713
0.01856648176908493,0.002662002807483077,0.04518651217222214
0.019959455356001854,0.0035268934443593025,0.05522838979959488
0.019937731325626373,0.003396846354007721,0.05390619486570358
0.018513578921556473,0.0026642524171620607,0.04515610262751579
0.0184163860976696,0.0026042861863970757,0.04445924609899521
0.019956735894083977,0.0035867809783667326,0.05582454800605774
0.020017806440591812,0.0034080103505402803,0.05409790948033333
0.01843385212123394,0.0026531529147177935,0.04496537894010544
0.018411772325634956,0.0026309750974178314,0.04472152143716812
0.019899263978004456,0.003412423189729452,0.05402349680662155
0.019978828728199005,0.0032114468049257994,0.052093297243118286
0.018488509580492973,0.0027836146764457226,0.046324655413627625
0.018477769568562508,0.0028425208292901516,0.04690297693014145
0.01909756474196911,0.002981823403388262,0.048915795981884
0.019311873242259026,0.0028478195890784264,0.04779006913304329
0.01826256327331066,0.0030331977177411318,0.04859454184770584
0.01830649934709072,0.0030036745592951775,0.048343244940042496
0.018753468990325928,0.0028061331249773502,0.046814799308776855
0.018906982615590096,0.0027029116172343493,0.04593610018491745
0.01818900741636753,0.00315974117256701,0.04978641867637634
0.018164802342653275,0.0030891462229192257,0.049056265503168106
0.018532002344727516,0.0027268389239907265,0.04580039158463478
0.018651185557246208,0.002651750110089779,0.045168686658144
0.01813632622361183,0.0031488731037825346,0.049625057727098465
0.018102489411830902,0.0030282046645879745,0.04838453605771065
0.018580133095383644,0.002732845488935709,0.04590858519077301
0.018556294962763786,0.0026301394682377577,0.0448576882481575
0.01801382564008236,0.0031813853420317173,0.04982767999172211
0.01801670901477337,0.003047115635126829,0.048487864434719086
0.018552619963884354,0.0027070478536188602,0.04562309756875038
0.018510738387703896,0.0026146997697651386,0.044657737016677856
0.018025167286396027,0.003157089464366436,0.049596063792705536
0.017975764349102974,0.003023345721885562,0.04820922017097473
0.018509050831198692,0.0026988480240106583,0.045497529208660126
0.01838594302535057,0.002602062886580825,0.04440657049417496
0.017917374148964882,0.0031694574281573296,0.04961194843053818
0.017848582938313484,0.003027753671631217,0.04812612012028694
0.01844586431980133,0.0026942482218146324,0.045388348400592804
0.01831061951816082,0.0025993287563323975,0.044303908944129944
0.017885668203234673,0.0031631016172468662,0.04951668530702591
0.017820145934820175,0.0030291415750980377,0.04811156168580055
0.01836688257753849,0.002677340991795063,0.04514029249548912
0.018226366490125656,0.0025891223922371864,0.04411759227514267
0.017848556861281395,0.003152107587084174,0.049369633197784424
0.017773576080799103,0.003014787333086133,0.047921448945999146
0.01834692619740963,0.0026693271938711405,0.04504019767045975
0.018152248114347458,0.002584368223324418,0.0439959317445755
0.017819801345467567,0.0031366623006761074,0.04918642342090607
0.01775643415749073,0.0029940379317849874,0.04769681394100189
0.018323780968785286,0.0026686524506658316,0.04501030594110489
0.01808088831603527,0.0025887892115861177,0.04396878182888031
0.017765864729881287,0.0031064071226865053,0.04882993549108505
0.017721058800816536,0.0029573286883533,0.04729434847831726
0.018308697268366814,0.002682895865291357,0.04513765871524811
0.018018579110503197,0.0026052799075841904,0.04407137632369995
0.017677197232842445,0.003063927171751857,0.04831647127866745
0.017650604248046875,0.0029115681536495686,0.046766284853219986
0.01831035315990448,0.002705758437514305,0.04536793753504753
0.0179763063788414,0.0026243634056299925,0.04421994090080261
0.01761511154472828,0.0030218742322176695,0.04783385246992111
0.01760958321392536,0.002866532653570175,0.046274907886981964
0.018332844600081444,0.002730489009991288,0.04563773423433304
0.017977658659219742,0.0026465128175914288,0.044442787766456604
0.017556294798851013,0.002974182367324829,0.047298118472099304
0.01755390875041485,0.0028213406912982464,0.04576731473207474
0.018353572115302086,0.00275747780688107,0.04592835158109665
0.017980972304940224,0.0026687481440603733,0.04466845095157623
0.017493586987257004,0.0029321443289518356,0.04681503027677536
0.017494024708867073,0.0027827578596770763,0.04532160609960556
0.01836584508419037,0.0027810134924948215,0.04617597907781601
0.01798192597925663,0.0026856737677007914,0.044838663190603256
0.01743241958320141,0.0029026486445218325,0.046458907425403595
0.017427174374461174,0.0027589567471295595,0.04501674324274063
0.01836147904396057,0.002792788902297616,0.04628936946392059
0.017978643998503685,0.0026933574117720127,0.04491221904754639
0.01738690584897995,0.0028810715302824974,0.04619762301445007
0.017377421259880066,0.002742202952504158,0.044799450784921646
0.018355175852775574,0.002792530693113804,0.04628048092126846
0.017964253202080727,0.002688881941139698,0.04485307261347771
0.017350684851408005,0.0028727236203849316,0.046077921986579895
0.0173355583101511,0.0027345253620296717,0.04468081146478653
0.018341902643442154,0.002786342753097415,0.04620533064007759
0.01794576086103916,0.002681977581232786,0.04476553946733475
0.01731526106595993,0.0028664707206189632,0.04597996920347214
0.01729113981127739,0.002729699481278658,0.044588133692741394
0.018321091309189796,0.0027767131105065346,0.04608822241425514
0.017916260287165642,0.0026720145251601934,0.044636406004428864
0.01728343963623047,0.002863213885575533,0.04591557756066322
0.017256993800401688,0.0027251204010099173,0.044508196413517
0.018302898854017258,0.002766828751191497,0.045971184968948364
0.017886735498905182,0.0026619676500558853,0.044506411999464035
0.017249776050448418,0.002861425979062915,0.045864038169384
0.0172206312417984,0.002722179749980569,0.04444243013858795
0.018283290788531303,0.0027573220431804657,0.04585651308298111
0.017861610278487206,0.0026538537349551916,0.04440014809370041
0.017216579988598824,0.002855916041880846,0.04577574133872986
0.017189085483551025,0.002715674228966236,0.04434582591056824
0.018268542364239693,0.0027497317641973495,0.04576586186885834
0.017837995663285255,0.0026466245763003826,0.044304244220256805
0.017184780910611153,0.0028499620966613293,0.04568440467119217
0.01715884543955326,0.002708521205931902,0.044244058430194855
0.01825658045709133,0.002744050230830908,0.045697085559368134
0.017820637673139572,0.0026418620254844427,0.044239260256290436
0.017151322215795517,0.0028412293177098036,0.04556361585855484
0.01712687313556671,0.0027000359259545803,0.04412723332643509
0.018241120502352715,0.002739499555900693,0.045636117458343506
0.0178007110953331,0.002637843368574977,0.044179145246744156
0.017117775976657867,0.0028319505508989096,0.0454372838139534
0.017097393050789833,0.002690733876079321,0.04400473088026047
0.018226075917482376,0.0027356939390301704,0.04558301717042923
0.017782771959900856,0.00263420888222754,0.04412486031651497
0.017085693776607513,0.0028225108981132507,0.04531080275774002
0.01706792414188385,0.002681870711967349,0.04388663172721863
0.018209541216492653,0.002731835003942251,0.04552789032459259
0.017765671014785767,0.002630899427458644,0.04407466575503349
0.017054611817002296,0.002812412101775408,0.04517873376607895
0.017040465027093887,0.0026726957876235247,0.04376742243766785
0.018189990893006325,0.0027279374189674854,0.045469366014003754
0.017746182158589363,0.00262735178694129,0.04401969909667969
0.017023347318172455,0.0028029498644173145,0.045052845031023026
0.017012661322951317,0.0026641522999852896,0.0436541847884655
0.01816752180457115,0.002723947400227189,0.045406997203826904
0.017725424841046333,0.0026239552535116673,0.04396497458219528
0.016991591081023216,0.002793538151308894,0.044926971197128296
0.01698450930416584,0.002655985299497843,0.043544359505176544
0.01814122684299946,0.0027197883464396,0.045339107513427734
0.017702406272292137,0.0026204767636954784,0.04390717297792435
0.01695984974503517,0.0027842954732477665,0.04480280354619026
0.01695706509053707,0.002648000605404377,0.04343707114458084
0.01811252534389496,0.002715510316193104,0.04526762664318085
0.01767794042825699,0.0026169209741055965,0.04384715110063553
0.016928210854530334,0.0027753207832574844,0.04468141868710518
0.016929378733038902,0.002640505786985159,0.043334439396858215
0.01808045618236065,0.0027110534720122814,0.04519098997116089
0.017651503905653954,0.0026134056970477104,0.04378556087613106
0.01689630188047886,0.0027663796208798885,0.04456009715795517
0.016901852563023567,0.002633143914863467,0.04323329031467438
0.018045196309685707,0.0027066427282989025,0.045111626386642456
0.017622806131839752,0.0026099858805537224,0.043722666800022125
0.016864044591784477,0.0027575793210417032,0.04443983733654022
0.016874104738235474,0.0026260328013449907,0.043134432286024094
0.01800728403031826,0.002702230354771018,0.04502958804368973
0.017592618241906166,0.002606648951768875,0.04365910589694977
0.01683206483721733,0.002748764818534255,0.04431971162557602
0.0168470349162817,0.0026189968921244144,0.04303700476884842
0.017967043444514275,0.002697843126952648,0.044945474714040756
0.017560778185725212,0.0026033935137093067,0.043594710528850555
0.016800254583358765,0.0027399929240345955,0.04420018196105957
0.016820449382066727,0.0026120326947420835,0.04294077679514885
0.017924509942531586,0.0026935916393995285,0.04486042633652687
0.017527271062135696,0.0026003269013017416,0.04353053867816925
0.016768481582403183,0.002731192857027054,0.04408041015267372
0.016794197261333466,0.0026050687301903963,0.04284488409757614
0.01788000576198101,0.002689489396288991,0.044774897396564484
0.017491931095719337,0.0025974137242883444,0.04346606880426407
0.016737228259444237,0.0027223918586969376,0.04396114498376846
0.016768846660852432,0.0025980453938245773,0.042749300599098206
0.017833882942795753,0.002685581799596548,0.04468970000743866
0.01745506003499031,0.002594661433249712,0.043401673436164856
0.016706358641386032,0.0027136539574712515,0.043842896819114685
0.016744155436754227,0.002591079566627741,0.04265495017170906
0.017786141484975815,0.0026817694306373596,0.04460383579134941
0.017416544258594513,0.0025920020416378975,0.04333656281232834
0.0166762825101614,0.002704992890357971,0.04372621327638626
0.016720455139875412,0.002584118163213134,0.04256163537502289
0.017736967653036118,0.002678055316209793,0.04451752081513405
0.017376236617565155,0.002589400624856353,0.04327024519443512
0.01664693094789982,0.0026964908465743065,0.04361183941364288
0.06032798811793327,0.0005575052346102893,0.06590303778648376
0.05119439959526062,0.0007979720830917358,0.05917412042617798
0.04209378361701965,0.0008407102432101965,0.050500884652137756
0.037425447255373,0.0011057427618652582,0.04848287254571915
0.03348170593380928,0.0012558178277686238,0.0460398830473423
0.030472414568066597,0.0011841543018817902,0.04231395572423935
0.028207693248987198,0.0011217659339308739,0.03942535072565079
0.028262272477149963,0.0011656152782961726,0.03991842642426491
0.026860279962420464,0.0009816907113417983,0.03667718917131424
0.0245302002876997,0.0009809347102418542,0.0343395471572876
0.0242591742426157,0.0009471484809182584,0.03373065963387489
0.025854766368865967,0.0009197739418596029,0.03505250811576843
0.025170166045427322,0.0006899806903675199,0.03206997364759445
0.023241613060235977,0.0011966528836637735,0.035208143293857574
0.022884773090481758,0.001089716563001275,0.03378193825483322
0.02323126792907715,0.0006935783894732594,0.030167050659656525
0.02279716171324253,0.0006270746234804392,0.029067907482385635
0.021221330389380455,0.0008684040512889624,0.029905371367931366
0.021604781970381737,0.0006225381512194872,0.02783016301691532
0.022814612835645676,0.0009013547096401453,0.03182815760374069
0.02287602238357067,0.0008846115088090301,0.031722135841846466
0.02060617506504059,0.0005709104589186609,0.02631527930498123
0.02107459492981434,0.0005932829226367176,0.02700742334127426
0.02110496535897255,0.0005157347768545151,0.0262623131275177
0.020941300317645073,0.00043909859959967434,0.025332286953926086
0.020723383873701096,0.0009925335180014372,0.030648719519376755
0.021047329530119896,0.0008649596129544079,0.029696926474571228
0.02017827145755291,0.0006131096160970628,0.026309367269277573
0.02068549022078514,0.0006454131798818707,0.02713962271809578
0.01982199028134346,0.0005712720449082553,0.02553471177816391
0.019534926861524582,0.0005543653387576342,0.025078579783439636
0.020369434729218483,0.0006071933312341571,0.026441369205713272
0.020261846482753754,0.0004448405234143138,0.02471025288105011
0.01978282257914543,0.0009656460024416447,0.029439281672239304
0.019744817167520523,0.0009386747842654586,0.029131565243005753
0.019981956109404564,0.0004376562428660691,0.024358518421649933
0.02010802924633026,0.0005101755959913135,0.025209784507751465
0.01921916753053665,0.000690633780322969,0.026125505566596985
0.019258303567767143,0.0005138763226568699,0.024397067725658417
0.021110806614160538,0.0009914712281897664,0.031025517731904984
0.021034078672528267,0.0010085816029459238,0.031119894236326218
0.018042854964733124,0.0005206562345847487,0.023249417543411255
0.019574319943785667,0.0005165261682122946,0.0247395820915699
0.018824249505996704,0.0005553486989811063,0.024377737194299698
0.018099552020430565,0.0003893161774612963,0.02199271321296692
0.020939737558364868,0.0013724511954933405,0.034664250910282135
0.020260365679860115,0.001184712047688663,0.03210748732089996
0.01769833452999592,0.0005778581835329533,0.023476917296648026
0.019502701237797737,0.0005939669208601117,0.025442369282245636
0.018602633848786354,0.00043715868378058076,0.022974221035838127
0.01748841255903244,0.0006327229784801602,0.023815643042325974
0.019406599923968315,0.0003397319233044982,0.02280391938984394
0.0176876001060009,0.00046834140084683895,0.022371014580130577
0.019808346405625343,0.0005743237561546266,0.025551583617925644
0.017974071204662323,0.0003131005505565554,0.021105077117681503
0.018001051619648933,0.0009938857983797789,0.02793991006910801
0.017876559868454933,0.0004867493116762489,0.02274405211210251
0.019308023154735565,0.0012964304769411683,0.032272327691316605
0.019076770171523094,0.0013579351361840963,0.032656121999025345
0.01759008876979351,0.00043185969116166234,0.021908685564994812
0.018670890480279922,0.0011684125056490302,0.030355015769600868
0.01805073954164982,0.0004695660318247974,0.02274639904499054
0.019071366637945175,0.0020412213634699583,0.039483580738306046
0.018508832901716232,0.0024714460596442223,0.043223291635513306
0.0182007048279047,0.0003768822643905878,0.021969527006149292
0.020760688930749893,0.002316588768735528,0.04392657428979874
0.022086096927523613,0.003038538619875908,0.05247148126363754
0.019590584561228752,0.0007597354706376791,0.02718793973326683
0.02013864554464817,0.0022899259347468615,0.04303790628910065
0.02360832504928112,0.004011478275060654,0.0637231096625328
0.02353968843817711,0.0016518915072083473,0.04005860537290573
0.020840942859649658,0.000943779363296926,0.030278736725449562
0.019440235570073128,0.0021804741118103266,0.041244976222515106
0.021313682198524475,0.0010272572981193662,0.03158625587821007
0.021370964124798775,0.0011701537296175957,0.03307250142097473
0.02013629488646984,0.0016092582372948527,0.03622887656092644
0.02037539891898632,0.00045977384434081614,0.02497313730418682
0.018572600558400154,0.0015028729103505611,0.03360132873058319
0.019633233547210693,0.0014358555199578404,0.03399178758263588
0.020677970722317696,0.000469073245767504,0.0253687035292387
0.01927105151116848,0.0009714566403999925,0.02898561768233776
0.02280939370393753,0.0008652877877466381,0.03146227076649666
0.019277818500995636,0.0007429518736898899,0.02670733630657196
0.020084593445062637,0.0007917250040918589,0.02800184302031994
0.022066423669457436,0.0006524624186567962,0.02859104797244072
0.01817561313509941,0.0005994571838527918,0.02417018450796604
0.021081503480672836,0.0006830762722529471,0.027912266552448273
0.019780002534389496,0.0006080641760490835,0.02586064487695694
0.018708480522036552,0.0005601431475952268,0.024309910833835602
0.020376091822981834,0.00046719523379579186,0.025048043578863144
0.017636852338910103,0.0007119398796930909,0.02475625090301037
0.019427258521318436,0.0004637656966224313,0.024064915254712105
0.019083039835095406,0.0007726760813966393,0.026809800416231155
0.019257154315710068,0.0007337155984714627,0.026594310998916626
0.017909420654177666,0.00046183221274986863,0.022527743130922318
0.01798051781952381,0.000505128235090524,0.023031800985336304
0.018048841506242752,0.00041589559987187386,0.022207796573638916
0.017741883173584938,0.00032340578036382794,0.02097593992948532
0.017817199230194092,0.0006874010432511568,0.024691209197044373
0.01793172024190426,0.00047812843695282936,0.022713005542755127
0.017966780811548233,0.0006984214414842427,0.024950996041297913
0.019461486488580704,0.0006228751153685153,0.025690237060189247
0.018122365698218346,0.0003988246317021549,0.02211061120033264
0.018415166065096855,0.000574263627640903,0.024157803505659103
0.01906028389930725,0.000330399809172377,0.022364281117916107
0.021718846634030342,0.000540883862413466,0.027127685025334358
0.023361671715974808,0.0005759030464105308,0.029120702296495438
0.01750313863158226,0.0002703115460462868,0.020206253975629807
0.02375081181526184,0.0016594503540545702,0.040345314890146255
0.029496900737285614,0.0015332866460084915,0.04482976719737053
0.0201712679117918,0.0007925181998871267,0.028096448630094528
0.018967734649777412,0.0013383793411776423,0.032351527363061905
0.02406858466565609,0.0006533191772177815,0.030601777136325836
0.018677417188882828,0.0015267145354300737,0.03394456207752228
0.020104579627513885,0.0015304284170269966,0.0354088619351387
0.02068754844367504,0.0005920454277656972,0.026608003303408623
0.018346622586250305,0.0011432005558162928,0.029778627678751945
0.019677594304084778,0.0005764224915765226,0.025441819801926613
0.017666667699813843,0.0012616836465895176,0.030283503234386444
0.01971106231212616,0.001332548912614584,0.033036552369594574
0.018954643979668617,0.0007456550374627113,0.02641119435429573
0.01765078492462635,0.0007532023591920733,0.025182809680700302
0.019319657236337662,0.000929228262975812,0.028611939400434494
0.017997348681092262,0.0005423613474704325,0.02342096157371998
0.017535042017698288,0.0008248398662544787,0.025783441960811615
0.01930912397801876,0.0005447758594527841,0.024756882339715958
0.018632184714078903,0.0005606025224551558,0.024238210171461105
0.017625436186790466,0.0004897333565168083,0.02252276986837387
0.018856149166822433,0.0006827600882388651,0.025683749467134476
0.017594411969184875,0.0005995674291625619,0.02359008602797985
0.018873494118452072,0.0006135593866929412,0.025009088218212128
0.018640898168087006,0.0005650435923598707,0.02429133467376232
0.018044615164399147,0.0007002581842243671,0.025047197937965393
0.01729677803814411,0.0006217568297870457,0.023514345288276672
0.017627760767936707,0.0008183494210243225,0.02581125497817993
0.01861119270324707,0.0005826945998705924,0.02443813905119896
0.01738915964961052,0.0007517534540966153,0.024906694889068604
0.01783917285501957,0.0007006663363426924,0.02484583668410778
0.016938799992203712,0.0006309228483587503,0.02324802801012993
0.017366748303174973,0.000558790226932615,0.022954650223255157
0.017089664936065674,0.0006433860398828983,0.023523524403572083
0.017651772126555443,0.00050281488802284,0.022679921239614487
0.01690724492073059,0.0006678382633253932,0.02358562871813774
0.01699497364461422,0.0005578055861406028,0.02257302962243557
0.017071884125471115,0.0006368708563968539,0.023440591990947723
0.01686471700668335,0.0004900465719401836,0.02176518365740776
0.01716500148177147,0.0007291858782991767,0.02445686049759388
0.016678590327501297,0.0005956919630989432,0.022635510191321373
0.017489822581410408,0.0006450548535212874,0.023940371349453926
0.017005233094096184,0.000580749474465847,0.022812727838754654
0.017367351800203323,0.0005967788165435195,0.023335140198469162
0.016929542645812035,0.0005478011444211006,0.02240755409002304
0.0172581747174263,0.0006152387359179556,0.023410562425851822
0.01715017482638359,0.0005577505216933787,0.02272767946124077
0.017138179391622543,0.0005470722680911422,0.02260890230536461
0.017196618020534515,0.00046598000335507095,0.021856417879462242
0.017048347741365433,0.0006449591601267457,0.023497939109802246
0.016956061124801636,0.00057705317158252,0.022726591676473618
0.016667747870087624,0.0005598386633209884,0.02226613461971283
0.016966352239251137,0.00044996384531259537,0.02146599069237709
0.016984645277261734,0.0006519786547869444,0.023504432290792465
0.01696501299738884,0.0005417621578089893,0.02238263562321663
0.016694100573658943,0.00058893917594105,0.0225834921002388
0.01666865684092045,0.0005033750203438103,0.02170240692794323
0.016784941777586937,0.000621725688688457,0.023002199828624725
0.016799751669168472,0.0005073955981060863,0.021873708814382553
0.01681707613170147,0.000604987028054893,0.02286694571375847
0.01673126593232155,0.0005220946623012424,0.02195221185684204
0.016738779842853546,0.0005792470183223486,0.02253125049173832
0.016645168885588646,0.0004976186901330948,0.021621355786919594
0.01672425866127014,0.0006219467613846064,0.022943725809454918
0.016693459823727608,0.0005432867910712957,0.022126328200101852
0.016799813136458397,0.0005355722969397902,0.022155536338686943
0.016714945435523987,0.000459990871604532,0.02131485380232334
0.016731971874833107,0.0006254373583942652,0.02298634499311447
0.0165762547403574,0.0005570422508753836,0.0221466775983572
0.016721464693546295,0.0005096700042486191,0.021818164736032486
0.016688108444213867,0.0004324846377130598,0.02101295441389084
0.01680971309542656,0.0006139667821116745,0.022949380800127983
0.016623005270957947,0.0005385309923440218,0.022008314728736877
0.016707679256796837,0.0005021787947043777,0.021729467436671257
0.016583558171987534,0.0004305038892198354,0.020888596773147583
0.01676325872540474,0.0006162700592540205,0.022925959900021553
0.016668885946273804,0.0005247319932095706,0.021916206926107407
0.016728777438402176,0.00050338328583166,0.021762609481811523
0.016602648422122,0.00042977233533747494,0.02090037241578102
0.016681844368577003,0.0006150603876449168,0.022832447662949562
0.016653288155794144,0.0005252803675830364,0.021906092762947083
0.016635147854685783,0.0004988881992176175,0.02162402868270874
0.016603989526629448,0.00042685691732913256,0.020872559398412704
0.0166177935898304,0.0006013168604113162,0.02263096161186695
0.016633687540888786,0.0005159567226655781,0.02179325371980667
0.016559448093175888,0.0004952406161464751,0.021511854603886604
0.016513334587216377,0.00043126160744577646,0.020825950428843498
0.01652486063539982,0.0005878318333998322,0.022403178736567497
0.016568120568990707,0.0005001445533707738,0.021569564938545227
0.01655719429254532,0.0004961042432114482,0.02151823788881302
0.016464974731206894,0.0004325603658799082,0.020790578797459602
0.01645861379802227,0.0005761716747656465,0.02222033031284809
0.01646845042705536,0.0004899188061244786,0.021367639303207397
0.020681247115135193,0.0038164868019521236,0.058846116065979004
0.01997554861009121,0.0036418428644537926,0.056393980979919434
0.019873935729265213,0.003701764391735196,0.05689157918095589
0.01936967484652996,0.0035374783910810947,0.05474445968866348
0.019673582166433334,0.0035113529302179813,0.05478711053729057
0.019232850521802902,0.0034077311865985394,0.05331016331911087
0.019515857100486755,0.0033298470079898834,0.05281432718038559
0.01960870437324047,0.003141392022371292,0.05102262645959854
0.018656263127923012,0.0034642908722162247,0.05329917371273041
0.018192704766988754,0.003423533169552684,0.05242803692817688
0.01790504902601242,0.0030521084554493427,0.04842613264918327
0.018582431599497795,0.002970840083435178,0.048290833830833435
0.017476683482527733,0.003346099518239498,0.05093768239021301
0.017673561349511147,0.003127451054751873,0.04894807189702988
0.018460245802998543,0.003069513011723757,0.049155376851558685
0.01806868426501751,0.003000672208145261,0.04807540774345398
0.01749012991786003,0.002931250724941492,0.04680263623595238
0.01786026358604431,0.002729577012360096,0.04515603184700012
0.01875227317214012,0.003131335135549307,0.050065625458955765
0.018836261704564095,0.002967644715681672,0.04851270839571953
0.018212350085377693,0.002741284901276231,0.045625198632478714
0.017541656270623207,0.002793331630527973,0.04547497257590294
0.018212519586086273,0.002813081257045269,0.04634333401918411
0.01856522262096405,0.0026501910760998726,0.04506713151931763
0.017811309546232224,0.0029900018125772476,0.0477113276720047
0.017564188688993454,0.002954908413812518,0.04711327329277992
0.01804475300014019,0.002684788079932332,0.044892631471157074
0.018808888271450996,0.0026207726914435625,0.04501661658287048
0.017319776117801666,0.002908517373725772,0.04640495032072067
0.01760377734899521,0.0027741175144910812,0.04534495249390602
0.018181001767516136,0.002637336030602455,0.04455436021089554
0.018382800742983818,0.002486943965777755,0.04325224086642265
0.01735145039856434,0.00287562794983387,0.04610773175954819
0.01765386015176773,0.002770043443888426,0.045354295521974564
0.01782127097249031,0.0025405357591807842,0.04322662949562073
0.01848522387444973,0.002486144658178091,0.043346673250198364
0.01760663278400898,0.0027289390563964844,0.044896021485328674
0.017182933166623116,0.002686415333300829,0.04404708743095398
0.01781550981104374,0.0025906162336468697,0.043721672147512436
0.0185167845338583,0.0025049287360161543,0.04356607049703598
0.016696469858288765,0.002536413026973605,0.042060598731040955
0.01694313809275627,0.0024141178000718355,0.04108431562781334
0.019040198996663094,0.0027634052094072104,0.046674251556396484
0.01956550031900406,0.002663188148289919,0.04619738087058067
0.01644328236579895,0.002398150973021984,0.04042479395866394
0.017507454380393028,0.002338102087378502,0.0408884733915329
0.017774103209376335,0.002597806276753545,0.04375216364860535
0.018492553383111954,0.002458254573866725,0.04307509958744049
0.01677066460251808,0.002430595923215151,0.041076622903347015
0.016854876652359962,0.0025995008181780577,0.04284988343715668
0.016140166670084,0.0022579769138246775,0.038719937205314636
0.018965449184179306,0.0023902158718556166,0.04286760836839676
0.01581401191651821,0.0025644199922680855,0.041458211839199066
0.01686948724091053,0.0025806103367358446,0.04267559200525284
0.01667194999754429,0.002273526508361101,0.039407216012477875
0.018367331475019455,0.0025466654915362597,0.043833985924720764
0.01793261244893074,0.002347261644899845,0.04140523076057434
0.01781153865158558,0.002559864893555641,0.04341018944978714
0.01925036683678627,0.002494645770639181,0.044196825474500656
0.015761634334921837,0.0024343610275536776,0.040105246007442474
0.019632890820503235,0.0023929905146360397,0.04356279596686363
0.016839273273944855,0.002142242854461074,0.03826170414686203
0.01399256382137537,0.0036587249487638474,0.05057981237769127
0.014200356788933277,0.0032700991723686457,0.04690134897828102
0.01817076839506626,0.002666747197508812,0.04483824223279953
0.020218191668391228,0.0029794767033308744,0.05001296103000641
0.017425479367375374,0.0024130872916430235,0.04155635088682175
0.013824877329170704,0.003029442857950926,0.04411930590867996
0.01643466018140316,0.002776562003418803,0.04420027881860733
0.0178986806422472,0.002494827378541231,0.042846955358982086
0.018233295530080795,0.002431810600683093,0.04255140200257301
0.0152198551222682,0.0033207284286618233,0.04842713847756386
0.015926295891404152,0.0033374603372067213,0.0493009015917778
0.017405951395630836,0.003084599506109953,0.04825194925069809
0.020813390612602234,0.0033196723088622093,0.054010115563869476
0.019015662372112274,0.0029226827900856733,0.048242490738630295
0.014598446898162365,0.002985025057569146,0.044448696076869965
0.017294107005000114,0.0034202570095658302,0.05149667710065842
0.018529405817389488,0.0025413716211915016,0.043943122029304504
0.018296867609024048,0.002702058292925358,0.04531744867563248
0.017907219007611275,0.002814898733049631,0.04605620354413986
0.01618237979710102,0.0023981898557394743,0.0401642769575119
0.01941816695034504,0.0027459764387458563,0.04687793180346489
0.01857287436723709,0.002513639396056533,0.043709270656108856
0.015003655105829239,0.002750558080151677,0.04250923544168472
0.017772583290934563,0.002741456963121891,0.04518715292215347
0.018093563616275787,0.00229052547365427,0.04099881649017334
0.01709623821079731,0.002313031814992428,0.04022655636072159
0.013937043026089668,0.0030636037699878216,0.04457308351993561
0.014385701157152653,0.002697414718568325,0.04135984927415848
0.01821741834282875,0.002410991583019495,0.042327333241701126
0.018453272059559822,0.002380714751780033,0.04226041957736015
0.015083481557667255,0.0024992157705128193,0.0400756374001503
0.014279162511229515,0.0025370228104293346,0.03964938968420029
0.01796708256006241,0.0024667372927069664,0.04263445734977722
0.017997710034251213,0.0022745681926608086,0.0407433919608593
0.015468906611204147,0.002753178821876645,0.04300069436430931
0.014437570236623287,0.002778146183118224,0.04221903160214424
0.01653185486793518,0.0023694715928286314,0.04022657126188278
0.017279556021094322,0.0022289659827947617,0.03956921398639679
0.0153428353369236,0.002643163315951824,0.04177446663379669
0.0149484071880579,0.0024910166393965483,0.03985857218503952
0.017626818269491196,0.0025086672976613045,0.04271349310874939
0.017699409276247025,0.0023685831110924482,0.041385240852832794
0.015201238915324211,0.002570458222180605,0.04090581834316254
0.014777334406971931,0.0024447725154459476,0.039225056767463684
0.01742808148264885,0.002483138581737876,0.042259469628334045
0.017407195642590523,0.0022560711950063705,0.03996790945529938
0.015041179023683071,0.002701628254726529,0.04205746203660965
0.014517223462462425,0.0026377830654382706,0.04089505225419998
0.01644311472773552,0.0023803655058145523,0.04024676978588104
0.01696367748081684,0.0022161283995956182,0.03912496194243431
0.015290441922843456,0.0026493833865970373,0.04178427532315254
0.01471598632633686,0.002540483372285962,0.040120817720890045
0.01671772450208664,0.0024008802138268948,0.04072652757167816
0.01668071746826172,0.002298051258549094,0.0396612286567688
0.015455962158739567,0.0025180629454553127,0.040636591613292694
0.015178724192082882,0.002396481344476342,0.03914353623986244
0.01723160594701767,0.0024497213307768106,0.04172881692647934
0.016850480809807777,0.002406443702057004,0.04091491550207138
0.014954132959246635,0.0024293751921504736,0.03924788534641266
0.015287100337445736,0.002317039528861642,0.03845749422907829
0.017244843766093254,0.002456921385601163,0.041814059019088745
0.016858240589499474,0.0024253714364022017,0.04111195355653763
0.014749224297702312,0.0023873301688581705,0.038622524589300156
0.015152976848185062,0.0023213662207126617,0.038366638123989105
0.01705854944884777,0.0023987547028809786,0.04104609787464142
0.016581909731030464,0.002363382140174508,0.04021573066711426
0.014766570180654526,0.0024462612345814705,0.03922918438911438
0.015078451484441757,0.0023821964859962463,0.03890041634440422
0.016912318766117096,0.002306748880073428,0.039979808032512665
0.016221877187490463,0.00228751078248024,0.03909698501229286
0.014704850502312183,0.002535184845328331,0.04005669802427292
0.015052753500640392,0.0024425650481134653,0.039478402584791183
0.016876455396413803,0.00224595726467669,0.03933602571487427
0.016101472079753876,0.0022725213784724474,0.03882668539881706
0.014574089087545872,0.002520674839615822,0.039780836552381516
0.015019024722278118,0.002402910031378269,0.039048124104738235
0.017036598175764084,0.0022610409650951624,0.03964700549840927
0.0162564218044281,0.002291371114552021,0.03917013108730316
0.014519697986543179,0.002457943744957447,0.039099134504795074
0.014999841339886189,0.0023397253826260567,0.03839709609746933
0.017124103382229805,0.0022917233873158693,0.04004133492708206
0.01637880504131317,0.002295615617185831,0.03933496028184891
0.01445265207439661,0.0024425825104117393,0.03887847810983658
0.014966180548071861,0.0023355798330157995,0.038321979343891144
0.016986506059765816,0.0022729532793164253,0.03971603885293007
0.016287541016936302,0.002261331072077155,0.03890085220336914
0.014373651705682278,0.0024782780092209578,0.03915643319487572
0.014864714816212654,0.0023699714802205563,0.03856442868709564
0.01688000001013279,0.0022343932650983334,0.03922393172979355
0.016159186139702797,0.0022282698191702366,0.03844188153743744
0.014331590384244919,0.002503796014934778,0.039369549602270126
0.014786425977945328,0.0023782674688845873,0.03856910020112991
0.01691611483693123,0.002226414857432246,0.03918026387691498
0.016173893585801125,0.002225105883553624,0.03842495381832123
0.014298067428171635,0.002484377007931471,0.03914183750748634
0.014754329808056355,0.0023502602707594633,0.0382569320499897
0.01697496324777603,0.0022394421976059675,0.039369385689496994
0.01627139374613762,0.002229065867140889,0.03856205195188522
0.014259607531130314,0.002456357004120946,0.03882317617535591
0.014715234749019146,0.0023283916525542736,0.03799915313720703
0.01696622185409069,0.00223948759958148,0.039361096918582916
0.016287652775645256,0.002215232467278838,0.038439977914094925
0.01424181554466486,0.0024596997536718845,0.038838811218738556
0.014656138606369495,0.00233656307682395,0.038021769374608994
0.016919810324907303,0.0022221533581614494,0.03914134204387665
0.016237786039710045,0.00219427770934999,0.03818056359887123
0.014225119724869728,0.002475309418514371,0.038978211581707
0.014618566259741783,0.002347298664972186,0.03809155523777008
0.01689404435455799,0.002206377452239394,0.03895781934261322
0.016201594844460487,0.002183308359235525,0.038034677505493164
0.014191323891282082,0.002472235355526209,0.03891367465257645
0.014594420790672302,0.0023372252471745014,0.03796667233109474
0.01690841279923916,0.0022044384386390448,0.038952797651290894
0.016207261011004448,0.0021828855387866497,0.03803611546754837
0.014160781167447567,0.0024555318523198366,0.03871610015630722
0.01456236932426691,0.002320256782695651,0.037764936685562134
0.0169362835586071,0.002205795841291547,0.03899424150586128
0.016219008713960648,0.0021809260360896587,0.03802827000617981
0.01414799690246582,0.002445097314193845,0.03859896957874298
0.014526905491948128,0.0023139941040426493,0.03766684606671333
0.01692887581884861,0.002198594156652689,0.038914814591407776
0.016196157783269882,0.0021707958076149225,0.03790411353111267
0.014139892533421516,0.00244619557633996,0.038601845502853394
0.01449600700289011,0.0023164055310189724,0.037660062313079834
0.01688803918659687,0.002187188947573304,0.038759928196668625
0.01614885963499546,0.0021599396131932735,0.03774825483560562
0.014128114096820354,0.0024470563512295485,0.0385986790060997
0.014474964700639248,0.0023146963212639093,0.03762192651629448
0.01685827225446701,0.002181106014177203,0.03866933286190033
0.016113996505737305,0.002155821770429611,0.03767221421003342
0.014117306098341942,0.0024388618767261505,0.038505926728248596
0.014467405155301094,0.0023040338419377804,0.03750774264335632
0.016852522268891335,0.002180091105401516,0.038653433322906494
0.01609383523464203,0.0021553945261985064,0.037647780030965805
0.014104907400906086,0.0024277635384351015,0.03838254138827324
0.014464708976447582,0.0022929662372916937,0.03739437088370323
0.01683511771261692,0.002176839392632246,0.038603514432907104
0.0160612091422081,0.002151722088456154,0.03757843002676964
0.02467007376253605,0.0005639870651066303,0.030309945344924927
0.02098708413541317,0.00015182577772065997,0.022505341097712517
0.019264493137598038,8.552974759368226e-05,0.020119789987802505
0.0175752192735672,8.905931463232264e-05,0.018465813249349594
0.016669686883687973,7.922931399662048e-05,0.017461979761719704
0.016421208158135414,7.061065844027326e-05,0.01712731458246708
0.0155949080362916,7.311623630812392e-05,0.016326069831848145
0.014767913147807121,7.963844109326601e-05,0.015564297325909138
0.014065448194742203,6.415770621970296e-05,0.01470702514052391
0.013404296711087227,5.955507367616519e-05,0.013999847695231438
0.01267118752002716,6.733027112204581e-05,0.013344489969313145
0.01201428659260273,6.432284862967208e-05,0.01265751477330923
0.01137230359017849,6.523579213535413e-05,0.012024661526083946
0.01102625485509634,5.8603174693416804e-05,0.011612286791205406
0.010574323125183582,5.539101402973756e-05,0.01112823374569416
0.010127793997526169,5.292839341564104e-05,0.01065707765519619
0.009792807511985302,5.2742263505933806e-05,0.010320230387151241
0.009506653994321823,5.253519339021295e-05,0.010032005608081818
0.009289678186178207,4.4727628846885636e-05,0.009736954234540462
0.009057799354195595,4.2445186409167945e-05,0.009482251480221748
0.008813068270683289,4.3664578697644174e-05,0.009249714203178883
0.0085507957264781,3.5992627090308815e-05,0.008910722099244595
0.008282234892249107,3.5553850466385484e-05,0.008637773804366589
0.008074377663433552,3.4421682357788086e-05,0.008418594487011433
0.007863624021410942,3.3495718525955454e-05,0.008198581635951996
0.007574021816253662,3.370489866938442e-05,0.007911071181297302
0.007362876553088427,2.9374248697422445e-05,0.00765661895275116
0.007098838686943054,2.836716521414928e-05,0.007382510229945183
0.006830467376857996,2.7083615350420587e-05,0.007101303432136774
0.006550048012286425,2.960212077596225e-05,0.006846069358289242
0.006293221842497587,2.7797741495305672e-05,0.006571199279278517
0.006017972249537706,2.6260244339937344e-05,0.006280574481934309
0.005757427308708429,3.1345116440206766e-05,0.006070878356695175
0.005554957780987024,3.202728839823976e-05,0.0058752307668328285
0.005418806336820126,2.7841957489727065e-05,0.0056972261518239975
0.005185895133763552,2.729750303842593e-05,0.005458869971334934
0.005025812424719334,2.3980250261956826e-05,0.005265614949166775
0.0048417760990560055,2.5092756914091296e-05,0.005092703737318516
0.004680580925196409,2.196584318880923e-05,0.004900239408016205
0.004506666213274002,2.1409709006547928e-05,0.004720763303339481
0.004398245830088854,1.779778722266201e-05,0.004576223902404308
0.00429720152169466,1.6653841157676652e-05,0.0044637396931648254
0.004156950861215591,1.6794372641015798e-05,0.0043248943984508514
0.004062580410391092,1.4664377886219881e-05,0.004209224134683609
0.003940554801374674,1.3512573787011206e-05,0.004075680393725634
0.0038384278304874897,1.2298602086957544e-05,0.003961413633078337
0.0037607355043292046,1.0863128409255296e-05,0.003869366832077503
0.003662377130240202,1.0510632819205057e-05,0.003767483402043581
0.0035987980663776398,9.477689673076384e-06,0.0036935750395059586
0.003512240946292877,8.93692413228564e-06,0.003601610194891691
0.0034194716718047857,9.267113455280196e-06,0.0035121426917612553
0.0033273950684815645,9.874995157588273e-06,0.003426145063713193
0.0032535509672015905,9.026533916767221e-06,0.0033438163809478283
0.0031926799565553665,8.600543878856115e-06,0.003278685500845313
0.0031451478134840727,7.426671800203621e-06,0.0032194145023822784
0.0030821680556982756,7.221727628348162e-06,0.00315438536927104
0.003039246192201972,7.166080195020186e-06,0.0031109070405364037
0.002979128621518612,6.579517503269017e-06,0.0030449237674474716
0.002913641044870019,6.077882062527351e-06,0.002974419854581356
0.0028706761077046394,5.726040399167687e-06,0.002927936613559723
0.002829065313562751,5.258305463939905e-06,0.0028816484846174717
0.002791149541735649,4.889781848760322e-06,0.0028400474693626165
0.0027384189888834953,4.160495336691383e-06,0.0027800239622592926
0.002680843695998192,4.58040176454233e-06,0.0027266477700322866
0.0026403602678328753,4.219886704959208e-06,0.0026825591921806335
0.0025787262711673975,5.091556431580102e-06,0.0026296419091522694
0.002525386866182089,5.283759037411073e-06,0.0025782245211303234
0.002485718810930848,4.655257725971751e-06,0.00253227143548429
0.0024464831221848726,4.402068043418694e-06,0.002490503713488579
0.002399845514446497,4.793008884007577e-06,0.0024477755650877953
0.0023507920559495687,4.734392859973013e-06,0.0023981360718607903
0.002312862779945135,4.940299277222948e-06,0.002362265717238188
0.002263359958305955,5.0971420932910405e-06,0.0023143314756453037
0.0022275366354733706,5.200633495405782e-06,0.002279542852193117
0.002191106788814068,4.781797542818822e-06,0.0022389248479157686
0.002161162905395031,4.583896952681243e-06,0.002207001904025674
0.002135045127943158,4.2274236875528e-06,0.0021773192565888166
0.0021042299922555685,4.4721159611071926e-06,0.002148951170966029
0.0020765673834830523,4.2992187445634045e-06,0.0021195595618337393
0.002049887552857399,4.273367267160211e-06,0.0020926212891936302
0.0020282582845538855,4.097180863027461e-06,0.002069230191409588
0.002001806627959013,4.11214432460838e-06,0.002042928012087941
0.0019786737393587828,3.747502660189639e-06,0.0020161487627774477
0.0019463412463665009,3.989836841356009e-06,0.0019862395711243153
0.0019172654720023274,3.7959093788231257e-06,0.0019552246667444706
0.0018894135719165206,3.890136667905608e-06,0.0019283149158582091
0.0018634709995239973,3.7250879358907696e-06,0.0019007219234481454
0.0018374178325757384,4.01746183342766e-06,0.0018775924108922482
0.0018133069388568401,3.99650116378325e-06,0.0018532719695940614
0.0017850305885076523,3.916073183063418e-06,0.0018241913057863712
0.0017607477493584156,3.8058838072174694e-06,0.0017988065956160426
0.0017318760510534048,3.7043596421426628e-06,0.0017689196392893791
0.0017011594027280807,3.5841060253005708e-06,0.0017370004206895828
0.0016599349910393357,3.8063758438511286e-06,0.0016979987267404795
0.0016252691857516766,4.0206969060818665e-06,0.0016654761275276542
0.0015795432263985276,4.368358077044832e-06,0.0016232267953455448
0.0015470305224880576,4.263598384568468e-06,0.0015896664699539542
0.0015126181533560157,3.89074284612434e-06,0.0015515255508944392
0.0014747786335647106,4.065938810526859e-06,0.0015154380816966295
0.0014289736282080412,4.245327545504551e-06,0.0014714269200339913
0.0013853084528818727,4.208087375445757e-06,0.0014273893320932984
0.0013530077412724495,3.7104759940120857e-06,0.001390112447552383
0.0013162746326997876,3.89058914151974e-06,0.0013551805168390274
0.0012845266610383987,3.890980224241503e-06,0.0013234365032985806
0.001246707048267126,3.948554876842536e-06,0.0012861925642937422
0.0012066659983247519,3.9487813410232775e-06,0.0012461538426578045
0.0011703276541084051,3.461479991528904e-06,0.001204942469485104
0.0011289784451946616,3.7681302273995243e-06,0.0011666597565636039
0.0010919752530753613,3.2618997920508264e-06,0.0011245942441746593
0.001047251746058464,3.0744490686629433e-06,0.0010779962176457047
0.001009442494250834,3.2945620205282466e-06,0.0010423881467431784
0.0009742142865434289,3.203205778845586e-06,0.0010062463115900755
0.0009360264521092176,3.0937894734961446e-06,0.0009669643477536738
0.0009079994051717222,2.9626075956912246e-06,0.0009376254747621715
0.0008718146709725261,2.8858057703473605e-06,0.0009006727486848831
0.0008454396738670766,2.747553708104533e-06,0.000872915203217417
0.0008177138515748084,2.4549176487198565e-06,0.0008422630489803851
0.0007857119780965149,2.5728140826686285e-06,0.000811440113466233
0.0007614779751747847,2.5015001483552624e-06,0.0007864929502829909
0.0007283494342118502,2.659944584593177e-06,0.0007549488800577819
0.0007040933705866337,2.494323780410923e-06,0.0007290366338565946
0.0006805276498198509,2.2669589725410333e-06,0.0007031972636468709
0.000656899472232908,2.127692823705729e-06,0.0006781764095649123
0.0006312584737315774,2.1129210381332086e-06,0.0006523876800201833
0.0006080773891881108,1.9875417365256e-06,0.0006279528024606407
0.0005877023213542998,2.1353662305045873e-06,0.000609055976383388
0.0005675278953276575,1.9635367607406806e-06,0.0005871632602065802
0.0005481583066284657,1.7702852801448898e-06,0.0005658611771650612
0.0005302390200085938,1.9343979147379287e-06,0.0005495829973369837
0.0005152872763574123,1.6605831660854165e-06,0.0005318931071087718
0.0004978903452865779,1.5243410871335072e-06,0.0005131337675265968
0.0004817037552129477,1.3032220067543676e-06,0.0004947359557263553
0.0004659038968384266,1.304786792388768e-06,0.0004789517552126199
0.0004501898947637528,1.4241630879041622e-06,0.00046443153405562043
0.00043855892727151513,1.2983859960513655e-06,0.0004515427863225341
0.0004252446233294904,1.302146188209008e-06,0.0004382660845294595
0.00041311944369226694,1.1388451639504638e-06,0.00042450788896530867
0.0003999308100901544,1.2300420166866388e-06,0.0004122312238905579
0.0003886573831550777,1.1215769291084143e-06,0.0003998731554020196
0.00037608941784128547,1.108561150431342e-06,0.0003871750377584249
0.00036210293183103204,1.010548771773756e-06,0.00037220842204988003
0.0003491519019007683,1.0263482863592799e-06,0.0003594153968151659
0.0003379011177457869,1.0837807167263236e-06,0.00034873891854658723
0.0003282267425674945,1.0682443871701253e-06,0.0003389091871213168
0.00031924014911055565,1.0858730092877522e-06,0.00033009887556545436
0.00030909330234862864,1.1039671790058492e-06,0.00032013296731747687
0.0002965807798318565,1.2419033055266482e-06,0.0003089998208452016
0.00028979091439396143,1.2068102250850643e-06,0.00030185902141965926
0.0002822130045387894,1.1750763633244787e-06,0.000293963763397187
0.00027501280419528484,1.231495389220072e-06,0.0002873277699109167
0.0002659461461007595,1.2592470284289448e-06,0.0002785386168397963
0.00026041758246719837,1.129471456806641e-06,0.00027171228430233896
0.00025359218125231564,1.0895805644395296e-06,0.00026448798598721623
0.00024505253531970084,9.961396472135675e-07,0.00025501393247395754
0.0002353388990741223,1.0680266768758884e-06,0.00024601916084066033
0.00022726113093085587,1.0723978220994468e-06,0.0002379851066507399
0.00022009786334820092,1.0432504495838657e-06,0.00023053036420606077
0.0002111063658958301,1.0512821972952224e-06,0.00022161919332575053
0.0002045391156570986,1.0400644896435551e-06,0.00021493976237252355
0.00019870653341058642,1.0564002650426119e-06,0.00020927053992636502
0.00019250148034188896,1.0114617907674983e-06,0.00020261609461158514
0.00018768271547742188,9.853433766693342e-07,0.00019753615197259933
0.0001810189278330654,1.0164538934986922e-06,0.0001911834697239101
0.00017606552864890546,9.934112767950865e-07,0.00018599964096210897
0.00017204778851009905,9.484783731750213e-07,0.00018153256678488106
0.00016745236644055694,9.064741561815026e-07,0.00017651710368227214
0.00016308888734783977,9.015756177177536e-07,0.00017210464284289628
0.0001588568848092109,8.816086847218685e-07,0.00016767297347541898
0.00015519961016252637,7.78051912675437e-07,0.00016298012633342296
0.00015179358888417482,7.208554961835034e-07,0.00015900214202702045
0.00014837438357062638,6.98683436439751e-07,0.0001553612237330526
0.0001435138692613691,7.501271284127142e-07,0.00015101513417903334
0.0001406238880008459,7.061211135805934e-07,0.00014768510300200433
0.00013862607011105865,6.663848921562021e-07,0.00014528991596307606
0.00013549278082791716,6.68607356146822e-07,0.00014217884745448828
0.0001330927771050483,6.463793624789105e-07,0.00013955656322650611
0.00013031858543399721,6.529293727908225e-07,0.00013684788427781314
0.0001273624657187611,6.402956955753325e-07,0.00013376542483456433
0.0001249904016731307,6.398490768333431e-07,0.00013138889335095882
0.00012276624329388142,6.258377425183426e-07,0.0001290246145799756
0.00012040980800520629,6.042638460712624e-07,0.00012645244714803994
0.00011841768719023094,5.968113327980973e-07,0.0001243857986992225
0.00011606623593252152,6.089393878028204e-07,0.00012215563037898391
0.00011378298222552985,6.241151027097658e-07,0.00012002413131995127
0.0001119377338909544,6.109251557973039e-07,0.0001180469844257459
0.0001102533278753981,6.054124241927639e-07,0.00011630744847934693
0.00010851679689949378,5.857458518221392e-07,0.00011437425564508885
0.00010729365021688864,5.677392209690879e-07,0.00011297104356344789
0.00010538809874560684,5.786718588751683e-07,0.00011117482063127682
0.00010379382001701742,5.839601726620458e-07,0.00010963342356262729
0.00010273695806972682,5.615274858428165e-07,0.0001083522365661338
0.00010142505925614387,5.357656505111663e-07,0.00010678271792130545
0.00010038456093752757,5.181429969525198e-07,0.00010556598863331601
9.90658882074058e-05,5.137251264386578e-07,0.00010420313628856093
9.784321446204558e-05,4.980156518286094e-07,0.00010282336734235287
9.672774467617273e-05,4.743835120279982e-07,0.00010147158172912896
9.514374687569216e-05,4.896516543340113e-07,0.00010004026262322441
9.428242628928274e-05,4.6057277813815745e-07,9.888815111480653e-05
9.304878767579794e-05,4.5282720861905545e-07,9.757705993251875e-05
9.175296145258471e-05,4.6314434598571097e-07,9.638440678827465e-05
9.06298155314289e-05,4.505490664996614e-07,9.51353067648597e-05
9.000693535199389e-05,4.3615256117846e-07,9.436845721211284e-05
8.895383507478982e-05,4.3758041101682466e-07,9.332963963970542e-05
8.767836698098108e-05,4.4055954617761017e-07,9.208395931636915e-05
8.673502452438697e-05,4.219679681227717e-07,9.095470159081742e-05
8.549985068384558e-05,4.100420198938082e-07,8.960026752902195e-05
8.428147702943534e-05,4.0783709209790686e-07,8.835984772304073e-05
8.36335530038923e-05,3.786745992329088e-07,8.742029604036361e-05
8.283309580292553e-05,3.6877059983453364e-07,8.652079850435257e-05
8.182101009879261e-05,3.641915213847824e-07,8.54629251989536e-05
8.108328620437533e-05,3.5436482903605793e-07,8.462693222099915e-05
8.03621078375727e-05,3.5088029903818096e-07,8.38709092931822e-05
7.961691881064326e-05,3.3497443041596853e-07,8.296666055684909e-05
7.871991692809388e-05,3.4182656349912577e-07,8.21381836431101e-05
7.805291534168646e-05,3.3706044177961303e-07,8.142351725837216e-05
7.727988850092515e-05,3.3193288118127384e-07,8.05992167443037e-05
7.658042886760086e-05,3.3007046340571833e-07,7.98811306594871e-05
7.596921204822138e-05,3.206851317827386e-07,7.917606126284227e-05
7.539454963989556e-05,3.0736481448911945e-07,7.846819789847359e-05
7.497533806599677e-05,2.91891012693668e-07,7.789424853399396e-05
7.43963464628905e-05,2.878327620692289e-07,7.727467163931578e-05
7.390650716843084e-05,2.8532713258755393e-07,7.675978122279048e-05
7.345083577092737e-05,2.8090178716411174e-07,7.625985017511994e-05
7.306996121769771e-05,2.703603740883409e-07,7.577356154797599e-05
7.267916953423992e-05,2.640721561419923e-07,7.531989103881642e-05
7.218174869194627e-05,2.618197640913422e-07,7.479994383174926e-05
7.183217530837283e-05,2.4820889166221605e-07,7.43142663850449e-05
7.149317389121279e-05,2.3696307493992208e-07,7.386280776700005e-05
7.118585199350491e-05,2.3304718865801988e-07,7.351632666541263e-05
7.074003224261105e-05,2.3098743895388907e-07,7.304990867851302e-05
7.026042294455692e-05,2.2918845843378222e-07,7.255230593727902e-05
6.972940900595859e-05,2.2878758443312108e-07,7.201728294603527e-05
6.923739420017228e-05,2.314427121064e-07,7.155181810958311e-05
6.87994688632898e-05,2.2891687478932e-07,7.108863792382181e-05
6.84308834024705e-05,2.2079170491906552e-07,7.063880184432492e-05
6.801726703997701e-05,2.2465872007160215e-07,7.026385719655082e-05
6.765159196220338e-05,2.2395315113499237e-07,6.989112443989143e-05
6.730966561008245e-05,2.1730556909460574e-07,6.94827176630497e-05
6.692666647722945e-05,2.1079236489640607e-07,6.903459143359214e-05
6.644988025072962e-05,2.067816211592799e-07,6.851769285276532e-05
6.600910273846239e-05,2.044962315039811e-07,6.805406155763194e-05
6.547146767843515e-05,2.0320453586464282e-07,6.750351167283952e-05
6.500865856651217e-05,1.9789314364970778e-07,6.6987588070333e-05
6.467335333582014e-05,1.9399658413021825e-07,6.661332008661702e-05
6.431971269194037e-05,1.8698148096518707e-07,6.61895246594213e-05
6.386009772541001e-05,1.9081154789546417e-07,6.5768210333772e-05
6.33117524557747e-05,1.8487992292648414e-07,6.516055145766586e-05
6.295946514001116e-05,1.79859341642441e-07,6.475806003436446e-05
6.255007610889152e-05,1.7740168800628453e-07,6.43240928184241e-05
6.207520345924422e-05,1.8737921436695615e-07,6.394899537554011e-05
6.181256321724504e-05,1.808566878480633e-07,6.362113344948739e-05
6.15027965977788e-05,1.731788898950981e-07,6.323458364931867e-05
6.128557288320735e-05,1.6588529661021312e-07,6.294442573562264e-05
6.0992755607003346e-05,1.647667033921607e-07,6.264042167458683e-05
6.073997792555019e-05,1.627992247676957e-07,6.236797344172373e-05
6.044072506483644e-05,1.631258328416152e-07,6.207198021002114e-05
6.0150599892949685e-05,1.6305409644701285e-07,6.178113835630938e-05
5.990304271108471e-05,1.6301474659030646e-07,6.153318827273324e-05
5.965267700958066e-05,1.5919664519969956e-07,6.124464562162757e-05
5.932781277806498e-05,1.5848152656872116e-07,6.091262912377715e-05
5.893215711694211e-05,1.654367736136919e-07,6.058652434148826e-05
5.863965634489432e-05,1.6484702314301103e-07,6.0288126405794173e-05
5.83755063416902e-05,1.5854797652536945e-07,5.996098479954526e-05
5.804418105981313e-05,1.5703088251939334e-07,5.9614489146042615e-05
5.772597432951443e-05,1.5352996740602975e-07,5.9261274145683274e-05
5.7400684454478323e-05,1.541042564667805e-07,5.8941728639183566e-05
5.706423689844087e-05,1.436356029671515e-07,5.850059460499324e-05
5.668120866175741e-05,1.4334868581045157e-07,5.8114696003030986e-05
5.6337266869377345e-05,1.459569887174439e-07,5.779683851869777e-05
5.6103097449522465e-05,1.3860147873856477e-07,5.74891128053423e-05
5.5770440667402e-05,1.3682095811873296e-07,5.713865175493993e-05
5.5350057664327323e-05,1.4013349414199183e-07,5.675139254890382e-05
5.5006108595989645e-05,1.4042051077467477e-07,5.641031384584494e-05
5.4788364650448784e-05,1.3442569013477623e-07,5.613262328552082e-05
5.442401015898213e-05,1.3584997304860735e-07,5.578251148108393e-05
5.409073128248565e-05,1.3102001616971393e-07,5.5400931159965694e-05
5.377078923629597e-05,1.297214708984029e-07,5.50680051674135e-05
5.3459581977222115e-05,1.3548586252909445e-07,5.481444168253802e-05
5.319268166203983e-05,1.359897652264408e-07,5.4552579968003556e-05
5.29739263583906e-05,1.347492002423678e-07,5.432141915662214e-05
5.276575029711239e-05,1.3171396062716667e-07,5.4082891438156366e-05
5.245717693469487e-05,1.346856350892267e-07,5.380403308663517e-05
5.214415432419628e-05,1.3508322638244863e-07,5.349498678697273e-05
5.1871451432816684e-05,1.3549033894832974e-07,5.322635479387827e-05
5.1643797633005306e-05,1.3416274668998085e-07,5.2985426009399816e-05
5.140955181559548e-05,1.3447316860037972e-07,5.275428338791244e-05
5.123013397678733e-05,1.3022065559198381e-07,5.253234121482819e-05
5.103320290800184e-05,1.2904487789455743e-07,5.2323652198538184e-05
5.0776176067302004e-05,1.300672494153332e-07,5.2076848078286275e-05
5.05892930959817e-05,1.2415989658620674e-07,5.183089160709642e-05
5.0348691729595885e-05,1.2554230011119216e-07,5.160411456017755e-05
5.0166974688181654e-05,1.260168289718422e-07,5.1427141443127766e-05
4.993176844436675e-05,1.2675582183874212e-07,5.1199327572248876e-05
4.975043339072727e-05,1.2008902672278055e-07,5.095132291899063e-05
4.956785051035695e-05,1.1836097968398462e-07,5.075145963928662e-05
4.940482904203236e-05,1.148586292742948e-07,5.0553415348986164e-05
4.9234000471187755e-05,1.0999335131600674e-07,5.0333932449575514e-05
4.8971513024298474e-05,1.0731313437872814e-07,5.004464401281439e-05
4.87635588797275e-05,1.0350815671245073e-07,4.979864024790004e-05
4.856360101257451e-05,1.06204382177566e-07,4.962564344168641e-05
4.83515759697184e-05,1.0908301817380561e-07,4.944240572513081e-05
4.813864143216051e-05,1.1270630295712181e-07,4.926570545649156e-05
4.794356209458783e-05,1.125338258134434e-07,4.906890171696432e-05
4.767213613376953e-05,1.1566698532305963e-07,4.882880602963269e-05
4.7476583858951926e-05,1.1492793561274084e-07,4.8625865019857883e-05
4.729920328827575e-05,1.1369680663619874e-07,4.84361698909197e-05
4.711841756943613e-05,1.1465996152537627e-07,4.8265017539961264e-05
4.691801223088987e-05,1.1629474272467633e-07,4.808096127817407e-05
4.67263744212687e-05,1.1737743932371814e-07,4.790015009348281e-05
4.6597189793828875e-05,1.1676458910869769e-07,4.776483547175303e-05
4.646015077014454e-05,1.1350759621109319e-07,4.75952256238088e-05
4.626063673640601e-05,1.1623561135820637e-07,4.742299279314466e-05
4.6103396016405895e-05,1.1524912224558648e-07,4.725588587461971e-05
4.597968654707074e-05,1.1173109726314578e-07,4.709699715021998e-05
4.578659718390554e-05,1.1623326656717836e-07,4.6948931412771344e-05
4.562642425298691e-05,1.1247434628103292e-07,4.675116724683903e-05
4.542803799267858e-05,1.1455185244813038e-07,4.657355748349801e-05
4.5244429202284664e-05,1.11761025323176e-07,4.636203811969608e-05
4.501718285609968e-05,1.1225689888760826e-07,4.613975033862516e-05
4.4907046685693786e-05,1.0763598368157545e-07,4.5983408199390396e-05
4.4735686969943345e-05,1.0888606993830763e-07,4.582454857882112e-05
4.454605732462369e-05,1.1080480533109949e-07,4.565410563373007e-05
4.434337461134419e-05,1.1092728158246246e-07,4.545264891930856e-05
4.416530646267347e-05,1.1191905002760905e-07,4.528449790086597e-05
4.4042848458047956e-05,1.1238289232551324e-07,4.51666783192195e-05
4.396039366838522e-05,1.0716418330503075e-07,4.5032036723569036e-05
4.3820626160595566e-05,1.0743872280727373e-07,4.4895012251799926e-05
4.370602255221456e-05,1.0537078765082697e-07,4.4759730371879414e-05
4.355128112365492e-05,1.0486377277629799e-07,4.459991760086268e-05
4.343585533206351e-05,1.0266899863609069e-07,4.446254388312809e-05
4.3289368477417156e-05,1.0151702412031227e-07,4.4304539187578484e-05
4.3154348531970754e-05,1.0045275899983608e-07,4.415887451614253e-05
4.3021813326049596e-05,1.0179223863815423e-07,4.4039734348189086e-05
4.2909457988571376e-05,9.832952940769246e-08,4.3892752728424966e-05
4.276775143807754e-05,9.554168656222828e-08,4.3723168346332386e-05
4.259831621311605e-05,9.646793586171043e-08,4.356299541541375e-05
4.2506682802923024e-05,9.15003255386182e-08,4.342168540460989e-05
4.243470903020352e-05,9.213645313366214e-08,4.335607445682399e-05
4.22787488787435e-05,9.046814142266157e-08,4.3183430534554645e-05
4.2097486584680155e-05,9.099494491238147e-08,4.300743603380397e-05
4.1893650632118806e-05,9.174414117296692e-08,4.281109067960642e-05
4.1803148633334786e-05,8.862261324793508e-08,4.2689374822657555e-05
4.162007462582551e-05,8.658801675665018e-08,4.2485953599680215e-05
4.151032044319436e-05,8.466638945492377e-08,4.235698361299001e-05
4.132714093429968e-05,8.627771563851638e-08,4.2189916712231934e-05
4.1204570152331144e-05,8.094581005479995e-08,4.2014027712866664e-05
4.1038725612452254e-05,8.111775429142654e-08,4.184990393696353e-05
4.0941129554994404e-05,7.819524228125374e-08,4.1723080357769504e-05
4.076007826370187e-05,8.035989651489217e-08,4.1563678678357974e-05
4.0619182982482016e-05,7.821407166375138e-08,4.1401322960155085e-05
4.0465049096383154e-05,7.95466519321053e-08,4.12605149904266e-05
4.035602978547104e-05,7.478859487264344e-08,4.110391455469653e-05
4.030928903375752e-05,7.544852564933535e-08,4.106377309653908e-05
4.016131060780026e-05,7.319367512081953e-08,4.089324647793546e-05
4.002324567409232e-05,7.163756521322284e-08,4.0739621908869594e-05
3.9904105506138876e-05,7.022745762697014e-08,4.060638093505986e-05
3.980614201282151e-05,6.845366584684598e-08,4.0490678657079116e-05
3.9698719774605706e-05,6.782821770912051e-08,4.037700273329392e-05
3.957253284170292e-05,6.413326048004819e-08,4.021386484964751e-05
3.9553866372443736e-05,6.593607793092815e-08,4.0213228203356266e-05
3.936876601073891e-05,6.767699289866869e-08,4.0045535570243374e-05
3.925569399143569e-05,6.351501724566333e-08,3.989084507338703e-05
3.911487874574959e-05,6.211413960954815e-08,3.973601997131482e-05
3.8949681766098365e-05,6.228057003454524e-08,3.957248918595724e-05
3.879755604430102e-05,6.54035687830401e-08,3.9451591874239966e-05
3.8661011785734445e-05,6.401455010518475e-08,3.930115781258792e-05
3.854349779430777e-05,6.225651816293976e-08,3.9166061469586566e-05
3.8451024011010304e-05,5.9586547251910815e-08,3.9046888559823856e-05
3.8341480831149966e-05,5.833786076436809e-08,3.892485983669758e-05
3.8236492400756106e-05,5.7956331289688023e-08,3.881605516653508e-05
3.816811295109801e-05,5.5746891547414634e-08,3.8725582271581516e-05
3.805544838542119e-05,5.671959968367446e-08,3.8622645661234856e-05
3.7951511330902576e-05,5.6187339225743926e-08,3.851338624372147e-05
3.7852903915336356e-05,5.734264618695306e-08,3.8426329410867766e-05
3.777585152420215e-05,5.649340550917259e-08,3.834078597719781e-05
3.773825301323086e-05,5.8269215230666305e-08,3.832094444078393e-05
3.767484304262325e-05,5.723733309537238e-08,3.824721716227941e-05
3.7609890569001436e-05,5.658574764311197e-08,3.8175749068614095e-05
3.748136441572569e-05,5.834389327219469e-08,3.806480162893422e-05
3.73917500837706e-05,5.857658180730141e-08,3.797751560341567e-05
3.733200719580054e-05,5.7796505359419825e-08,3.79099728888832e-05
3.72900722140912e-05,5.553206250397125e-08,3.784539148909971e-05
3.720828317455016e-05,5.6018787830680594e-08,3.7768470065202564e-05
3.7133486330276355e-05,5.4483130895732756e-08,3.7678317312384024e-05
3.704260234371759e-05,5.477652464946914e-08,3.759036917472258e-05
3.696957355714403e-05,5.176669759521246e-08,3.7487239751499146e-05
3.689334334922023e-05,5.252230295127447e-08,3.7418565625557676e-05
3.682085298351012e-05,5.167954242324413e-08,3.733764970093034e-05
3.674210893223062e-05,5.0897330794441586e-08,3.7251083995215595e-05
3.669174839160405e-05,4.8631946469868126e-08,3.717806612257846e-05
3.6596436984837055e-05,4.853097124168926e-08,3.70817469956819e-05
3.651398583315313e-05,4.79567177080753e-08,3.699355147546157e-05
3.6451769119594246e-05,4.6811933884782775e-08,3.691988968057558e-05
3.639415808720514e-05,4.4349462768877856e-08,3.683765316964127e-05
3.63265244232025e-05,4.3927194326442986e-08,3.6765795812243596e-05
3.627333353506401e-05,4.1739415479469244e-08,3.669072611955926e-05
3.618518167058937e-05,4.286400212549779e-08,3.6613822885556147e-05
3.610635394579731e-05,4.3235022673115964e-08,3.653870589914732e-05
3.602930155466311e-05,4.288162713805832e-08,3.645811739261262e-05
3.596973328967579e-05,4.065785930151833e-08,3.637631016317755e-05
3.588545951060951e-05,4.219388216597508e-08,3.630739956861362e-05
3.58045072061941e-05,4.1863103206196683e-08,3.622313670348376e-05
3.575162554625422e-05,4.123925734234035e-08,3.616401954786852e-05
3.567730527720414e-05,4.1131048789111446e-08,3.608861516113393e-05
3.5610963095678017e-05,4.098258798990173e-08,3.602078868425451e-05
3.552978523657657e-05,4.164702360753836e-08,3.594625377445482e-05
3.545573417795822e-05,4.009280019090511e-08,3.585666127037257e-05
3.5367385862628e-05,4.1811738071828586e-08,3.5785502404905856e-05
3.531975744408555e-05,4.111566553888224e-08,3.5730914532905445e-05
3.526375803630799e-05,4.074698267686472e-08,3.567122621461749e-05
3.520644531818107e-05,4.0326415984281994e-08,3.560970799298957e-05
3.514153286232613e-05,4.0120983868519033e-08,3.554274371708743e-05
3.514318814268336e-05,3.917219260074489e-08,3.5534911148715764e-05
3.511430986691266e-05,3.9176569543997175e-08,3.5506076528690755e-05
3.5065761039732024e-05,3.8816526881646496e-08,3.5453926102491096e-05
3.500415914459154e-05,4.000277797899798e-08,3.540418765624054e-05
3.495841519907117e-05,3.863575415152809e-08,3.5344772186363116e-05
3.4896136639872566e-05,3.9096335058275145e-08,3.528709930833429e-05
3.4809389035217464e-05,4.011477727772217e-08,3.5210538044339046e-05
3.473280230537057e-05,4.009595855336556e-08,3.513376213959418e-05
3.467633359832689e-05,3.916263580094892e-08,3.506795837893151e-05
3.462323365965858e-05,3.966068717886628e-08,3.5019838833250105e-05
3.457942875684239e-05,4.0809428725196994e-08,3.498752266750671e-05
3.453426688793115e-05,3.849118002108298e-08,3.4919179597636685e-05
3.4467415389372036e-05,3.953775973286611e-08,3.486279456410557e-05
3.44183026754763e-05,3.979584306534889e-08,3.481626117718406e-05
3.43518186127767e-05,3.98089134989732e-08,3.4749908081721514e-05
3.428890704526566e-05,3.9767897419551446e-08,3.4686585422605276e-05
3.429571370361373e-05,3.834410122749432e-08,3.467915303190239e-05
3.428772834013216e-05,3.871300080504625e-08,3.467485657893121e-05
3.423715679673478e-05,3.825654459888028e-08,3.461972301010974e-05
3.4166387195000425e-05,3.8815819891624415e-08,3.455454498180188e-05
3.410920544411056e-05,3.771281598119458e-08,3.448633287916891e-05
3.409125201869756e-05,3.871774367780745e-08,3.447843118919991e-05
3.4030512324534357e-05,3.895269173881388e-08,3.442003799136728e-05
3.395481326151639e-05,4.080731130784443e-08,3.436288534430787e-05
3.3878379326779395e-05,4.1073057843732386e-08,3.428911077207886e-05
3.381840360816568e-05,4.088361293952403e-08,3.422723966650665e-05
3.378381734364666e-05,3.944762028140758e-08,3.4178294299636036e-05
3.3724132663337514e-05,3.996105846226783e-08,3.4123742807423696e-05
3.3693133445922285e-05,3.9006529561902425e-08,3.408319753361866e-05
3.3654905564617366e-05,3.732831288516536e-08,3.4028187656076625e-05
3.36021876137238e-05,3.6607090692086786e-08,3.39682592311874e-05
3.3564843761269e-05,3.494767497613793e-08,3.3914318919414654e-05
3.35442709911149e-05,3.302434947727306e-08,3.3874515793286264e-05
3.348529935465194e-05,3.3536142751700027e-08,3.382065915502608e-05
3.343079151818529e-05,3.3778750463397955e-08,3.376857785042375e-05
3.337927410029806e-05,3.2886436684975706e-08,3.370814010850154e-05
3.334132634336129e-05,3.072349841204414e-08,3.36485609295778e-05
3.328389357193373e-05,3.1086209162367595e-08,3.359475522302091e-05
3.322263728477992e-05,3.142564253266755e-08,3.353689317009412e-05
3.3179625461343676e-05,3.083167854356361e-08,3.348794052726589e-05
3.314669447718188e-05,2.987876968063574e-08,3.3445481676608324e-05
3.310496686026454e-05,2.9090651665342193e-08,3.339587419759482e-05
3.304967322037555e-05,3.036643647646997e-08,3.3353338949382305e-05
3.304714118712582e-05,2.893833084272046e-08,3.333652421133593e-05
3.3027590689016506e-05,2.8933575535461387e-08,3.3316926419502124e-05
3.301323522464372e-05,2.9182050553799854e-08,3.3305055694654584e-05
3.3007352612912655e-05,2.9285480707130773e-08,3.330020626890473e-05
3.299762465758249e-05,2.9231413734009948e-08,3.328993989271112e-05
3.295868373243138e-05,2.9325276429403857e-08,3.325193756609224e-05
3.294072303106077e-05,2.9396336032050385e-08,3.323468627058901e-05
3.2929521694313735e-05,2.924829267669793e-08,3.322200427646749e-05
3.293745976407081e-05,2.8146775576942673e-08,3.321892654639669e-05
3.285577622591518e-05,3.091020062129246e-08,3.3164877095259726e-05
3.28120295307599e-05,3.002100967819388e-08,3.3112239179899916e-05
3.27580637531355e-05,3.020124950126046e-08,3.3060077839763835e-05
3.270961678936146e-05,3.0520386218313433e-08,3.3014821383403614e-05
3.2674488466000184e-05,3.126088898852686e-08,3.298709634691477e-05
3.266974454163574e-05,3.135404114118501e-08,3.2983283745124936e-05
3.262094469391741e-05,3.04604128587016e-08,3.292554902145639e-05
3.260771700297482e-05,2.9433532944267427e-08,3.2902051316341385e-05
3.252919850638136e-05,3.154238470415294e-08,3.2844622182892635e-05
3.2487088901689276e-05,3.0639718318070663e-08,3.2793486752780154e-05
3.241642480134033e-05,3.099174250564829e-08,3.272634057793766e-05
3.239326542825438e-05,3.087976452320618e-08,3.270206434535794e-05
3.236173142795451e-05,3.027427553092821e-08,3.266447311034426e-05
3.2336844014935195e-05,2.8641105487281493e-08,3.262325481045991e-05
3.2290186936734244e-05,2.9350218255785876e-08,3.258368815295398e-05
3.223798921681009e-05,3.021875372155591e-08,3.2540177926421165e-05
3.22177293128334e-05,2.984652525128695e-08,3.251619637012482e-05
3.2194693631026894e-05,2.980737079383289e-08,3.2492767786607146e-05
3.218830897822045e-05,3.015827942931537e-08,3.248989014537074e-05
3.2169537007575855e-05,3.007021831535894e-08,3.247023778385483e-05
3.2135172659764066e-05,2.886002192781234e-08,3.242377351853065e-05
3.212054434698075e-05,2.920747377288535e-08,3.241261947550811e-05
3.2116011425387114e-05,2.8891575354350607e-08,3.240492878830992e-05
3.2104326237458736e-05,2.9143935265096843e-08,3.239576471969485e-05
3.2091706088976935e-05,2.886467065366105e-08,3.238035424146801e-05
3.207996633136645e-05,2.936795162611361e-08,3.2373645808547735e-05
3.206505789421499e-05,2.9724716910095594e-08,3.236230622860603e-05
3.202686639269814e-05,3.0977389542385936e-08,3.2336640288122e-05
3.199439015588723e-05,2.983513880394639e-08,3.229274079785682e-05
3.1945637601893395e-05,3.042342200387793e-08,3.2249870855594054e-05
3.19236823997926e-05,3.060469211391137e-08,3.2229731004917994e-05
3.191450741724111e-05,3.0141855233978276e-08,3.221592487534508e-05
3.1856998248258606e-05,3.066656262262768e-08,3.216366530978121e-05
3.18111851811409e-05,3.050386254699333e-08,3.2116222428157926e-05
3.177036705892533e-05,2.9755664598951626e-08,3.2067924621514976e-05
3.170456693624146e-05,3.1250387166892324e-08,3.201706931577064e-05
