pde_loss,bc_loss,total_loss
1.5594416856765747,0.02852214127779007,1.844663143157959
1.8118611574172974,0.26593703031539917,4.471231460571289
0.6511919498443604,0.03262711316347122,0.9774630665779114
0.2344585359096527,0.14299766719341278,1.6644352674484253
0.3247368037700653,0.1373271942138672,1.6980087757110596
0.4857650697231293,0.04871417209506035,0.9729068279266357
0.3965867757797241,0.037146229296922684,0.7680490612983704
0.25438058376312256,0.06363978236913681,0.8907784223556519
0.17753547430038452,0.044064298272132874,0.6181784868240356
0.16794656217098236,0.02102535031735897,0.37820005416870117
0.13176633417606354,0.02074982039630413,0.33926454186439514
0.10169418901205063,0.027958201244473457,0.3812762200832367
0.08934730291366577,0.026693148538470268,0.35627877712249756
0.07912719249725342,0.0168784037232399,0.2479112297296524
0.07808559387922287,0.012166157364845276,0.19974717497825623
0.0766136422753334,0.01485527865588665,0.2251664400100708
0.06515338271856308,0.012530289590358734,0.19045627117156982
0.06351126730442047,0.00544024957343936,0.11791376769542694
0.059246983379125595,0.009236439131200314,0.15161137282848358
0.05606187880039215,0.011834803968667984,0.1744099259376526
0.05320534482598305,0.005150573793798685,0.10471108555793762
0.04643837362527847,0.006177501752972603,0.1082133948802948
0.04956825077533722,0.011225962080061436,0.16182786226272583
0.04199720174074173,0.009029347449541092,0.13229067623615265
0.04173294082283974,0.004834208637475967,0.09007503092288971
0.037399470806121826,0.007537572644650936,0.11277519911527634
0.03812998905777931,0.007886798121035099,0.11699797213077545
0.03384364768862724,0.007151083555072546,0.10535448789596558
0.03546182066202164,0.003828370710834861,0.07374552637338638
0.024845393374562263,0.004483313765376806,0.06967853009700775
0.027509968727827072,0.005436790641397238,0.08187787234783173
0.02807152457535267,0.003750175703316927,0.06557328253984451
0.016360189765691757,0.003555571660399437,0.05191590636968613
0.024539625272154808,0.0048850104212760925,0.07338973134756088
0.025916362181305885,0.003641711547970772,0.06233347952365875
0.016835162416100502,0.0038902817759662867,0.05573797971010208
0.02574586309492588,0.0032683382742106915,0.05842924863100052
0.01777414046227932,0.003219049423933029,0.04996463656425476
0.014846308156847954,0.002669982612133026,0.041546136140823364
0.013059200718998909,0.0034112795256078243,0.04717199504375458
0.016015464439988136,0.0028867824003100395,0.04488328844308853
0.013050558976829052,0.002503759693354368,0.03808815777301788
0.009536766447126865,0.0020009204745292664,0.029545970261096954
0.013162527233362198,0.004001717083156109,0.053179699927568436
0.013824298046529293,0.0028859470039606094,0.04268376901745796
0.009358935058116913,0.004107434302568436,0.05043327808380127
0.018105050548911095,0.003032827051356435,0.048433318734169006
0.015422115102410316,0.005763617344200611,0.07305828481912613
0.013852071017026901,0.0058638290502130985,0.07249036431312561
0.013523593544960022,0.002654431154951453,0.04006790369749069
0.008401802740991116,0.0043505518697202206,0.05190732330083847
0.01152303721755743,0.003488461021333933,0.04640764743089676
0.012071461416780949,0.004559794906526804,0.05766940861940384
0.0097177904099226,0.004630701616406441,0.05602480471134186
0.007953369989991188,0.001994155580177903,0.027894925326108932
0.007778422441333532,0.0014091733610257506,0.02187015675008297
0.007836519740521908,0.0035056069027632475,0.042892590165138245
0.0075346482917666435,0.0026347958482801914,0.03388260677456856
0.008096135221421719,0.0048827361315488815,0.05692349746823311
0.009434639476239681,0.005732536781579256,0.06676000356674194
0.007359612733125687,0.0016152879688888788,0.023512491956353188
0.009597486816346645,0.008260708302259445,0.09220457077026367
0.014602904208004475,0.013183427974581718,0.14643718302249908
0.012899290770292282,0.005226519890129566,0.0651644915342331
0.008680968545377254,0.003113383427262306,0.03981480374932289
0.008926589973270893,0.006576607469469309,0.07469266653060913
0.0094896936789155,0.0019297748804092407,0.028787441551685333
0.009204860776662827,0.005048555321991444,0.059690412133932114
0.010975799523293972,0.008353796787559986,0.09451376646757126
0.008761467412114143,0.0024048977065831423,0.03281044214963913
0.009465783834457397,0.003968937788158655,0.049155160784721375
0.011879272758960724,0.0073397476226091385,0.08527674525976181
0.008965879678726196,0.0024003940634429455,0.032969821244478226
0.009967470541596413,0.00282124150544405,0.03817988559603691
0.012441196478903294,0.005537796765565872,0.06781916320323944
0.008764263242483139,0.0015171588165685534,0.023935850709676743
0.008660453371703625,0.0031870368402451277,0.04053082317113876
0.013096055015921593,0.0056979903019964695,0.07007595896720886
0.009615888819098473,0.00152616947889328,0.024877583608031273
0.007770348805934191,0.003182457061484456,0.03959491848945618
0.015623840503394604,0.005806976929306984,0.07369361072778702
0.014510303735733032,0.0015320051461458206,0.02983035519719124
0.006166562903672457,0.002873712219297886,0.03490368649363518
0.011732080020010471,0.005074291955679655,0.06247499957680702
0.015297332778573036,0.000984750222414732,0.02514483407139778
0.007213684264570475,0.003590083448216319,0.043114520609378815
0.009100571274757385,0.006500734016299248,0.07410791516304016
0.01645958051085472,0.0019026586087420583,0.035486169159412384
0.012497290968894958,0.002022141357883811,0.03271870315074921
0.007112497929483652,0.00412078108638525,0.048320312052965164
0.011856704019010067,0.000948049477301538,0.021337199956178665
0.008674019947648048,0.0028435278218239546,0.03710930049419403
0.011964588426053524,0.0047653974033892155,0.05961856245994568
0.01480446569621563,0.0011224948102608323,0.02602941356599331
0.007098879665136337,0.002837863052263856,0.03547751158475876
0.015954719856381416,0.004740279633551836,0.06335751712322235
0.02214176580309868,0.0013635912910103798,0.035777680575847626
0.0072545516304671764,0.0021793972700834274,0.029048524796962738
0.014620709232985973,0.0034883618354797363,0.04950432851910591
0.02615736797451973,0.0010077941697090864,0.03623531013727188
0.0068921735510230064,0.0020383966621011496,0.027276139706373215
0.017865924164652824,0.0029248015489429235,0.04711394011974335
0.028709301725029945,0.0011978321708738804,0.040687624365091324
0.009702352806925774,0.0013827416114509106,0.023529767990112305
0.017615284770727158,0.001860909629613161,0.036224380135536194
0.021766139194369316,0.0010422186460345984,0.03218832612037659
0.018665319308638573,0.0012010012287646532,0.030675331130623817
0.005726391449570656,0.000883543340023607,0.01456182450056076
0.017198646441102028,0.001288562547415495,0.030084270983934402
0.012912973761558533,0.0013992594322189689,0.026905568316578865
0.008944373577833176,0.0009502852917648852,0.018447227776050568
0.010691762901842594,0.0013893675059080124,0.024585437029600143
0.010341472923755646,0.0003743543056771159,0.014085016213357449
0.0075401184149086475,0.0010208699386566877,0.017748817801475525
0.008110803551971912,0.001089488505385816,0.01900568976998329
0.010556277818977833,0.0006799125112593174,0.017355402931571007
0.0062656705267727375,0.0008444773848168552,0.014710444957017899
0.005904022138565779,0.0008023761911317706,0.013927783817052841
0.006807680707424879,0.0005557702970691025,0.01236538402736187
0.006168624386191368,0.0013961030635982752,0.020129654556512833
0.005456850863993168,0.000667785236146301,0.012134702876210213
0.0042861406691372395,0.0002865901624318212,0.007152042351663113
0.004929345101118088,0.0007551872404292226,0.01248121727257967
0.00534689100459218,0.0010616880608722568,0.01596377231180668
0.004046248272061348,0.0005777274491265416,0.00982352253049612
0.003951247315853834,0.0010264880256727338,0.014216126874089241
0.004710558336228132,0.0009970611426979303,0.014681169763207436
0.003937438130378723,0.0003890112566296011,0.007827550172805786
0.0032625989988446236,0.0002969775814563036,0.0062323748134076595
0.003808667417615652,0.00048351584700867534,0.008643826469779015
0.003398282453417778,0.0012483875034376979,0.015882156789302826
0.003265871899202466,0.00038979726377874613,0.007163844536989927
0.0032621214631944895,0.000745031051337719,0.010712431743741035
0.003937696572393179,0.0010163069237023592,0.014100765809416771
0.00361947831697762,0.00022752332733944058,0.0058947112411260605
0.0035807944368571043,0.0007918378105387092,0.011499173007905483
0.0050547015853226185,0.00028782524168491364,0.007932953536510468
0.00609875563532114,0.0016187652945518494,0.02228640764951706
0.00988659355789423,0.0008153809467330575,0.018040403723716736
0.005022786092013121,0.0017538550309836864,0.022561337798833847
0.00930592231452465,0.0009028090862557292,0.01833401247859001
0.004186707548797131,0.0023358913604170084,0.027545619755983353
0.007803087122738361,0.0026806103996932507,0.03460919111967087
0.006494445726275444,0.0004602463450282812,0.011096909642219543
0.006532932631671429,0.0012891261139884591,0.0194241926074028
0.01058902032673359,0.0011549961054697633,0.02213898114860058
0.004082728177309036,0.00048577040433883667,0.008940432220697403
0.007122623734176159,0.00215939455665648,0.028716567903757095
0.012117637321352959,0.0021014295052736998,0.03313193470239639
0.006884895730763674,0.0005976776592433453,0.012861672788858414
0.005545040126889944,0.0007283746381290257,0.012828785926103592
0.012295047752559185,0.0007304834434762597,0.019599881023168564
0.006805241573601961,0.0005567139014601707,0.012372380122542381
0.004996112082153559,0.0009985838551074266,0.01498194970190525
0.013007455505430698,0.0010300219291821122,0.023307673633098602
0.007712812628597021,0.0007406005170196295,0.015118817798793316
0.004575444385409355,0.0003717930521816015,0.008293375372886658
0.006615391932427883,0.0004955428303219378,0.011570820584893227
0.004086631815880537,0.0007289909990504384,0.01137654110789299
0.006074386183172464,0.0018136712023988366,0.0242110975086689
0.009331764653325081,0.0005547043401747942,0.014878807589411736
0.003356385510414839,0.005668838042765856,0.06004476547241211
0.009724333882331848,0.004464615136384964,0.05437048524618149
0.01337641105055809,0.00255594402551651,0.03893585130572319
0.010270056314766407,0.0033635743893682957,0.043905798345804214
0.004931560251861811,0.000541149522177875,0.010343056172132492
0.00338335451669991,0.0007881070487201214,0.01126442477107048
0.00934372004121542,0.002703162143006921,0.036375340074300766
0.009679509326815605,0.0010790035594254732,0.02046954445540905
0.0036697005853056908,0.005086374934762716,0.054533451795578
0.005069839768111706,0.005779797676950693,0.06286781281232834
0.007683567237108946,0.0010128088761121035,0.01781165599822998
0.00478748744353652,0.0031425729393959045,0.036213215440511703
0.002664870349690318,0.0014009613078087568,0.016674483194947243
0.003571714973077178,0.002518327673897147,0.02875499241054058
0.00499591464176774,0.0019469826947897673,0.024465741589665413
0.005549578927457333,0.0015792875783517957,0.021342456340789795
0.003930312115699053,0.0015009408816695213,0.01893972046673298
0.002871909411624074,0.001423753914423287,0.017109448090195656
0.004749413579702377,0.0015289608854800463,0.020039021968841553
0.003849711501970887,0.0014256536960601807,0.01810624822974205
0.0031049135141074657,0.0007421799236908555,0.010526712983846664
0.002353087766095996,0.0005799077334813774,0.008152165450155735
0.0038734106346964836,0.0015940037555992603,0.019813448190689087
0.003559117903932929,0.0011070168111473322,0.014629285782575607
0.0030833249911665916,0.0012857768451794982,0.015941094607114792
0.0032178345136344433,0.0010689805494621396,0.013907639309763908
0.0028756102547049522,0.001229085959494114,0.015166469849646091
0.0037341504357755184,0.0008608362404629588,0.012342512607574463
0.002295034471899271,0.0010997699573636055,0.013292733579874039
0.0029775130096822977,0.000936460099183023,0.012342114001512527
0.0024410609621554613,0.0007750911172479391,0.010191972367465496
0.0022025946527719498,0.0011771183926612139,0.013973778113722801
0.0022172529716044664,0.0003075666609220207,0.005292919464409351
0.002027177484706044,0.000738519593141973,0.009412373416125774
0.0026508423034101725,0.0005807892302982509,0.00845873448997736
0.002416142961010337,0.00040114030707627535,0.00642754603177309
0.0019074880983680487,0.00020766508532688022,0.003984139300882816
0.002261282177641988,0.0008794466848485172,0.011055748909711838
0.0022986726835370064,0.00031713800854049623,0.00547005282714963
0.003487655892968178,0.0008732317364774644,0.012219972908496857
0.00285276654176414,0.00011190138320671394,0.003971780650317669
0.02172127179801464,0.005234437063336372,0.07406564056873322
0.04378699138760567,0.007025121245533228,0.11403819918632507
0.022509384900331497,0.0020814116578549147,0.04332350194454193
0.00944346934556961,0.004186591599136591,0.051309384405612946
0.04344191402196884,0.007745879702270031,0.1209007129073143
0.05927850678563118,0.005639868322759867,0.11567719280719757
0.028280360624194145,0.0031697028316557407,0.05997738987207413
0.005606020800769329,0.0030470346100628376,0.036076366901397705
0.02718578651547432,0.0047149090096354485,0.07433487474918365
0.032762300223112106,0.003307528328150511,0.06583758443593979
0.008771881461143494,0.0015815766528248787,0.02458764798939228
0.010042978450655937,0.0029840455390512943,0.039883434772491455
0.02449883334338665,0.001969959819689393,0.04419843107461929
0.011824497953057289,0.0011528022587299347,0.023352520540356636
0.008417198434472084,0.0021290937438607216,0.0297081358730793
0.018127694725990295,0.0009865020401775837,0.027992714196443558
0.008129444904625416,0.0019223310519009829,0.027352754026651382
0.006701197475194931,0.0016228199237957597,0.022929396480321884
0.012400115840137005,0.001921917893923819,0.031619295477867126
0.008482318371534348,0.001680848654359579,0.025290805846452713
0.007210850715637207,0.002195541514083743,0.029166266322135925
0.01582748256623745,0.0014912313781678677,0.03073979541659355
0.0066867065615952015,0.0018964246846735477,0.025650952011346817
0.00981499906629324,0.001392078003846109,0.023735780268907547
0.0073797437362372875,0.001747117843478918,0.02485092356801033
0.0061155348084867,0.0011626353953033686,0.017741888761520386
0.006280748173594475,0.0016173170879483223,0.022453919053077698
0.004470730200409889,0.0012330436147749424,0.016801167279481888
0.003398336935788393,0.0012995906872674823,0.016394244506955147
0.005318430718034506,0.000994028290733695,0.01525871455669403
0.0030491892248392105,0.00123310973867774,0.015380286611616611
0.003767858725041151,0.0005095907254144549,0.008863765746355057
0.003109582234174013,0.0013983417302370071,0.017092999070882797
0.0032478594221174717,0.0005399443907663226,0.008647304028272629
0.0033820969983935356,0.0013996338238939643,0.017378434538841248
0.0023150627966970205,0.0009002213482744992,0.011317276395857334
0.0032703608740121126,0.000816330430097878,0.011433664709329605
0.0027071828953921795,0.0009584768558852375,0.012291951104998589
0.0034075325820595026,0.0005708163953386247,0.009115696884691715
0.0030141486786305904,0.0015261268708854914,0.018275417387485504
0.004805335775017738,0.00083139818161726,0.013119317591190338
0.0033793505281209946,0.0022915734443813562,0.02629508450627327
0.006949428468942642,0.0015296903438866138,0.022246330976486206
0.002899686573073268,0.002147313207387924,0.02437281794846058
0.0042282468639314175,0.0023538062814623117,0.027766309678554535
0.004275839775800705,0.0008933859644457698,0.013209699653089046
0.0022706782910972834,0.0016949194250628352,0.01921987161040306
0.003208559239283204,0.0009433689410798252,0.012642248533666134
0.0026401348877698183,0.0010743358870968223,0.013383493758738041
0.0022639103699475527,0.0013703512959182262,0.01596742309629917
0.0027705023530870676,0.0011043448466807604,0.01381395012140274
0.002805018099024892,0.0015364238061010838,0.018169255927205086
0.002256636042147875,0.0015401749406009912,0.017658384516835213
0.002910035662353039,0.0006513147382065654,0.009423183277249336
0.002151320455595851,0.0005581843433901668,0.007733164355158806
0.0025901298504322767,0.0016305382596328855,0.01889551244676113
0.003263465827330947,0.0013590664602816105,0.01685412973165512
0.0020125939045101404,0.0007530470029450953,0.009543064050376415
0.0024311700835824013,0.0006296224892139435,0.008727394975721836
0.0022530811838805676,0.0013550200965255499,0.01580328308045864
0.0018799377139657736,0.0009875127580016851,0.011755065992474556
0.002298634499311447,0.0011246595531702042,0.013545230031013489
0.002094240626320243,0.0008249361417256296,0.010343601927161217
0.0022791011724621058,0.001158815692178905,0.013867258094251156
0.0024109170772135258,0.0007509875576943159,0.009920792654156685
0.0020910692401230335,0.0014580588322132826,0.01667165756225586
0.002366050146520138,0.0011192501988261938,0.013558552600443363
0.002085866406559944,0.0010059732012450695,0.01214559841901064
0.0018921084702014923,0.000682146055623889,0.00871356949210167
0.00222183158621192,0.001456168363802135,0.016783514991402626
0.0019486366072669625,0.0010162638500332832,0.01211127545684576
0.0020622906740754843,0.001136787235736847,0.013430163264274597
0.0018883015727624297,0.0008047812734730542,0.009936113841831684
0.002077230019494891,0.0013950415886938572,0.016027646139264107
0.0020181729923933744,0.000989533495157957,0.011913508176803589
0.002017364604398608,0.0012518134899437428,0.01453549973666668
0.0020124297589063644,0.0010041052009910345,0.012053482234477997
0.001804772880859673,0.0011621015146374702,0.013425787910819054
0.0018636224558576941,0.0009093122207559645,0.01095674466341734
0.0017741034971550107,0.001279050251469016,0.014564606361091137
0.0017922319239005446,0.0010880283080041409,0.012672514654695988
0.0018268971471115947,0.0010216331575065851,0.01204322837293148
0.0016933715669438243,0.0008443057304248214,0.010136429220438004
0.0019865743815898895,0.0013060905039310455,0.015047479420900345
0.0017994145164266229,0.001139307045377791,0.013192485086619854
0.0019686289597302675,0.0009443290764465928,0.011411919258534908
0.0018520066514611244,0.0008247200748883188,0.010099207051098347
0.0019238534150645137,0.0012583943316712976,0.014507796615362167
0.002024102956056595,0.0011094844667240977,0.013118947856128216
0.001760975574143231,0.0009343363344669342,0.011104338802397251
0.0018804960418492556,0.0008675339631736279,0.01055583544075489
0.001747937873005867,0.001107403659261763,0.012821974232792854
0.0017854677280411124,0.0009704975527711213,0.011490442790091038
0.0017911138711497188,0.0010091958101838827,0.011883072555065155
0.0017299122409895062,0.0009376200614497066,0.011106112971901894
0.0017882949905470014,0.0009536220459267497,0.01132451556622982
0.00170480040833354,0.000815659062936902,0.00986139103770256
0.001869266852736473,0.0011143777519464493,0.013013044372200966
0.0017707095248624682,0.0010020943591371179,0.011791652999818325
0.0017461340175941586,0.000859383842907846,0.01033997256308794
0.0017257572617381811,0.000729293329641223,0.009018690325319767
0.0018514858093112707,0.0011525022564455867,0.013376508839428425
0.0017999968258664012,0.001017437782138586,0.011974374763667583
0.001698488718830049,0.0008013866608962417,0.009712355211377144
0.0016820697346702218,0.0006751930341124535,0.008434000425040722
0.0018552206456661224,0.0011545582674443722,0.013400803320109844
0.0017961362609639764,0.0009932119864970446,0.0117282560095191
0.001714071724563837,0.0007833033450879157,0.009547105059027672
0.0016703858273103833,0.0006426886538974941,0.008097272366285324
0.001866375096142292,0.0011622407473623753,0.013488782569766045
0.0017962324200198054,0.0009871124057099223,0.011667356826364994
0.001718949992209673,0.0007610670290887356,0.009329620748758316
0.0016668264288455248,0.0006104250205680728,0.007771076634526253
0.0018741576932370663,0.0011809483403339982,0.013683641329407692
0.0018049206119030714,0.0009985899087041616,0.011790820397436619
0.0016982767265290022,0.0007275562966242433,0.008973839692771435
0.0016563020180910826,0.0005678973393514752,0.007335275411605835
0.001868910389021039,0.0012282570824027061,0.014151480980217457
0.0018154684221372008,0.0010405698558315635,0.012221166864037514
0.0016752638621255755,0.0006751924520358443,0.008427188731729984
0.001636782893911004,0.0005150220822542906,0.0067870039492845535
0.0018821703270077705,0.0012897104024887085,0.014779274351894855
0.0018210391281172633,0.0010928715346381068,0.012749754823744297
0.0016639305977150798,0.0006189481355249882,0.007853412069380283
0.0016148424474522471,0.000457401794847101,0.0061888606287539005
0.001913729589432478,0.0013728325720876455,0.015642056241631508
0.0018518139841035008,0.001166550675407052,0.013517320156097412
0.0016433987766504288,0.0005561512080021203,0.0072049107402563095
0.001594908069819212,0.0004021546628791839,0.005616454873234034
0.001936060143634677,0.0014504215214401484,0.016440274193882942
0.0018781988183036447,0.0012325677089393139,0.014203876256942749
0.0016252122586593032,0.0005019897944293916,0.006645110435783863
0.0015799100510776043,0.00035491117159835994,0.005129021592438221
0.0019529771525412798,0.0015087120700627565,0.01704009808599949
0.0018944886978715658,0.0012754760682582855,0.014649249613285065
0.0016083213267847896,0.00046622735681012273,0.006270594894886017
0.0015700628282502294,0.0003257213393226266,0.004827276337891817
0.0019675493240356445,0.0015181386843323708,0.017148936167359352
0.0019103052327409387,0.0012653310550376773,0.01456361636519432
0.0016024988144636154,0.00046312151243910193,0.006233714055269957
0.0015772023471072316,0.0003269107546657324,0.004846309777349234
0.0019623846746981144,0.0014551461208611727,0.016513844951987267
0.001917951856739819,0.0011838357895612717,0.013756309635937214
0.0016096550971269608,0.0005068081663921475,0.0066777365282177925
0.0016061220085248351,0.0003727649454958737,0.005333771463483572
0.0019225620198994875,0.00131038308609277,0.015026392415165901
0.0018969933735206723,0.001028974074870348,0.01218673400580883
0.0016402896726503968,0.0006102293264120817,0.007742582820355892
0.0016540441429242492,0.0004674178780987859,0.006328222807496786
0.0018539332086220384,0.0011293862480670214,0.01314779557287693
0.0018517951248213649,0.0008547361358068883,0.010399156250059605
0.001678244094364345,0.0007514989702031016,0.009193234145641327
0.0017037809593603015,0.0005877644289284945,0.007581425365060568
0.001781616359949112,0.0009704199037514627,0.011485815048217773
0.0018002679571509361,0.0007164712296798825,0.008964980021119118
0.0017136381939053535,0.0008753383881412446,0.010467021726071835
0.0017298235325142741,0.0006803685682825744,0.008533509448170662
0.001744867186062038,0.0008838879875838757,0.010583747178316116
0.001771346665918827,0.0006522458279505372,0.008293804712593555
0.0017314660362899303,0.0009262001258321106,0.010993467643857002
0.001732500153593719,0.0007038132171146572,0.008770632557570934
0.001741515938192606,0.0008798742201179266,0.010540258139371872
0.001769327325746417,0.0006617072504013777,0.00838639959692955
0.001730516436509788,0.0008990030037239194,0.01072054635733366
0.0017207710770890117,0.0006659310311079025,0.008380081504583359
0.0017585540190339088,0.0009309010347351432,0.011067564599215984
0.0017835122998803854,0.0007116711931303144,0.008900224231183529
0.0017173283267766237,0.0008404288673773408,0.010121616534888744
0.0017058992525562644,0.0006131956470198929,0.007837855257093906
0.0017752958228811622,0.0009836512617766857,0.011611808091402054
0.0017939580138772726,0.0007504752720706165,0.009298711083829403
0.0017118238611146808,0.0008042980916798115,0.009754804894328117
0.0017002754611894488,0.0005869829910807312,0.007570105604827404
0.0017818852793425322,0.0009969297097995877,0.01175118237733841
0.0017918049125000834,0.0007491836440749466,0.00928364135324955
0.0017176662804558873,0.0008087299065664411,0.009804964996874332
0.0017065347637981176,0.0005953030195087194,0.007659564726054668
0.0017737920861691236,0.0009721458191052079,0.011495250277221203
0.0017774903681129217,0.0007198255625553429,0.008975746110081673
0.0017279173480346799,0.0008356373873539269,0.010084290988743305
0.0017123627476394176,0.0006183009827509522,0.007895372807979584
0.0017642510356381536,0.0009401669958606362,0.01116592064499855
0.0017597959376871586,0.0006932396208867431,0.008692191913723946
0.001735562109388411,0.0008549147751182318,0.010284710675477982
0.001709462609142065,0.000631957605946809,0.008029038086533546
0.0017610389040783048,0.0009244972025044262,0.011006010696291924
0.0017466022400185466,0.0006862231530249119,0.008608833886682987
0.001737210783176124,0.0008520703995600343,0.010257914662361145
0.0016975669423118234,0.000628212234005332,0.007979689165949821
0.0017665757331997156,0.0009267172426916659,0.011033748276531696
0.0017396025359630585,0.0006956816650927067,0.008696419186890125
0.0017360575729981065,0.0008323824731633067,0.010059882886707783
0.0016841748729348183,0.0006139393663033843,0.007823568768799305
0.0017748663667589426,0.0009350330219604075,0.01112519670277834
0.001736513338983059,0.0007085484685376287,0.008821997791528702
0.0017339983023703098,0.0008095264784060419,0.009829262271523476
0.0016745708417147398,0.0005993670783936977,0.007668241858482361
0.0017818101914599538,0.0009386813035234809,0.011168623343110085
0.0017349726986140013,0.0007155666244216263,0.008890639059245586
0.0017333945725113153,0.0007915993919596076,0.009649388492107391
0.0016711035277694464,0.0005893745110370219,0.0075648482888937
0.0017855357145890594,0.0009343810379505157,0.011129345744848251
0.001734825549647212,0.00071519281482324,0.00888675358146429
0.0017323719803243876,0.000779182359110564,0.009524195455014706
0.0016717783873900771,0.0005830199806950986,0.007501978427171707
0.001786331064067781,0.0009257323108613491,0.011043653823435307
0.001735891797579825,0.0007117717759683728,0.008853609673678875
0.0017297681188210845,0.0007681929273530841,0.009411697275936604
0.0016734023811295629,0.0005769142881035805,0.007442545145750046
0.0017862600507214665,0.0009174013393931091,0.010960273444652557
0.0017387417610734701,0.0007094790926203132,0.008833533152937889
0.0017243539914488792,0.0007552396273240447,0.00927675049751997
0.001674021827057004,0.0005686321528628469,0.007360342890024185
0.0017864733235910535,0.0009122247574850917,0.010908721014857292
0.0017437452916055918,0.000710442429408431,0.008848169818520546
0.0017168137710541487,0.0007388951489701867,0.009105765260756016
0.0016735673416405916,0.0005576798575930297,0.007250365801155567
0.001788402791135013,0.0009101275354623795,0.01088967826217413
0.001751768752001226,0.000714314344804734,0.008894911967217922
0.0017080125398933887,0.0007195021025836468,0.008903034031391144
0.0016734795644879341,0.0005443069385364652,0.007116548717021942
0.0017922210972756147,0.0009105185745283961,0.010897407308220863
0.0017637142445892096,0.0007202150882221758,0.008965864777565002
0.001698581501841545,0.0006979486206546426,0.008678067475557327
0.0016748412745073438,0.0005291268462315202,0.00696610938757658
0.0017989304615184665,0.0009126061340793967,0.0109249921515584
0.0017804260132834315,0.0007273342926055193,0.009053768590092659
0.0016894132131710649,0.0006749812746420503,0.00843922607600689
0.0016785054467618465,0.0005124800372868776,0.006803305819630623
0.0018099909648299217,0.0009160978952422738,0.010970969684422016
0.0018029592465609312,0.0007351633394137025,0.009154592640697956
0.00168148847296834,0.0006512888940051198,0.008194377645850182
0.001684497226960957,0.0004947934066876769,0.006632431410253048
0.0018278281204402447,0.0009208599803969264,0.011036427691578865
0.0018317371141165495,0.0007436741725541651,0.009268478490412235
0.0016765191685408354,0.0006271043093875051,0.007947562262415886
0.0016920887865126133,0.0004762558382935822,0.0064546470530331135
0.0018560778116807342,0.0009270288283005357,0.011126365512609482
0.0018672215519472957,0.0007530516013503075,0.009397737681865692
0.0016767027555033565,0.0006024795584380627,0.007701498456299305
0.0016997404163703322,0.0004569241718854755,0.00626898230984807
0.0018993020057678223,0.0009350321488454938,0.011249623261392117
0.001909190439619124,0.0007638692040927708,0.009547882713377476
0.001684604911133647,0.00057711370754987,0.007455741986632347
0.0017048061126843095,0.00043661752715706825,0.00607098126783967
0.001962593523785472,0.0009455285035073757,0.011417878791689873
0.0019569832365959883,0.0007768807699903846,0.009725791402161121
0.0017024464905261993,0.0005505646695382893,0.007208093069493771
0.0017037851503118873,0.00041500970837660134,0.005853882525116205
0.0020495643839240074,0.0009594219736754894,0.011643784120678902
0.002008497714996338,0.0007929544080980122,0.009938041679561138
0.00173103716224432,0.0005224021151661873,0.006955058313906193
0.0016927204560488462,0.00039182158070616424,0.00561093632131815
0.002159393858164549,0.0009774717036634684,0.011934110894799232
0.0020598722621798515,0.0008126976899802685,0.010186849161982536
0.0017682150937616825,0.0004925080575048923,0.006693295668810606
0.001668474986217916,0.0003670321311801672,0.00533879641443491
0.0022822879254817963,0.0009997779270634055,0.012280067428946495
0.002104146871715784,0.0008357451879419386,0.010461598634719849
0.00180758663918823,0.0004617530503310263,0.006425117142498493
0.0016310871578752995,0.0003415365645196289,0.005046452861279249
0.002394795650616288,0.0010244878940284252,0.012639674358069897
0.002130445558577776,0.0008595589315518737,0.01072603464126587
0.0018390945624560118,0.0004325609770603478,0.0061647044494748116
0.0015864174347370863,0.0003176743339281529,0.004763160832226276
0.0024624017532914877,0.0010459241457283497,0.012921643443405628
0.0021259800996631384,0.0008775917813181877,0.01090189814567566
0.0018535451963543892,0.0004096802440471947,0.0059503475204110146
0.0015473451931029558,0.00029988278402015567,0.004546172916889191
0.0024566331412643194,0.0010528105776757002,0.012984739616513252
0.002084996784105897,0.0008779459167271852,0.010864455252885818
0.0018509264336898923,0.0004007298848591745,0.005858225282281637
0.001530512236058712,0.0002953332441393286,0.004483844619244337
0.0023819184862077236,0.0010285499738529325,0.012667417526245117
0.002018934115767479,0.0008448177250102162,0.010467111133038998
0.0018472898518666625,0.00041612068889662623,0.0060084969736635685
0.001548195956274867,0.0003133543359581381,0.004681739024817944
0.002274369588121772,0.0009603852522559464,0.011878222227096558
0.0019467154052108526,0.000769121921621263,0.00963793508708477
0.0018672788282856345,0.00046509422827512026,0.006518220994621515
0.0016004655044525862,0.00036051144707016647,0.005205580033361912
0.002165525918826461,0.0008555766544304788,0.010721292346715927
0.0018738005310297012,0.0006637750775553286,0.008511550724506378
0.0019221639959141612,0.0005444276612251997,0.00736644072458148
0.0016717915423214436,0.00042987658525817096,0.0059705572202801704
0.002074014861136675,0.0007459109765477479,0.009533124044537544
0.001806554151698947,0.0005625452613458037,0.007432007230818272
0.0019919169135391712,0.0006275088526308537,0.008267005905508995
0.0017328649992123246,0.0004937949124723673,0.006670814007520676
0.0020206875633448362,0.0006704445695504546,0.00872513372451067
0.001766500063240528,0.0005005805869586766,0.006772305816411972
0.0020377268083393574,0.0006714173941873014,0.008751900866627693
0.0017530350014567375,0.0005158271524123847,0.006911306641995907
0.002022783039137721,0.0006530705140903592,0.008553488180041313
0.0017688104417175055,0.0004945647087879479,0.006714457646012306
0.0020454213954508305,0.0006549193640239537,0.008594615384936333
0.0017325000371783972,0.0004897568724118173,0.0066300686448812485
0.0020699885208159685,0.0006798987742513418,0.00886897649616003
2.5013811588287354,0.0014938284875825047,2.516319513320923
1.689092993736267,0.001872573746368289,1.7078187465667725
0.4538441598415375,0.004261957481503487,0.49646374583244324
0.29282045364379883,0.008948874659836292,0.3823091983795166
0.2728694975376129,0.010385938920080662,0.376728892326355
0.231493279337883,0.01143614761531353,0.3458547592163086
0.2161598950624466,0.007593143731355667,0.29209133982658386
0.3523077368736267,0.003852106863632798,0.39082881808280945
0.1921730637550354,0.00690733315423131,0.26124638319015503
0.20352210104465485,0.002575424499809742,0.22927634418010712
0.20869626104831696,0.006504574790596962,0.27374202013015747
0.19049187004566193,0.006837618537247181,0.2588680386543274
0.11954277753829956,0.008460070937871933,0.2041434943675995
0.15769773721694946,0.006016147788614035,0.2178592085838318
0.12266939133405685,0.0056933267042040825,0.17960265278816223
0.0835450068116188,0.004695098847150803,0.13049599528312683
0.10929782688617706,0.0037477395962923765,0.14677521586418152
0.09488105773925781,0.0029678039718419313,0.12455909699201584
0.07361701875925064,0.0023471973836421967,0.09708899259567261
0.09248321503400803,0.005093855783343315,0.14342176914215088
0.09021744132041931,0.007200710941106081,0.16222456097602844
0.08338645845651627,0.003994816914200783,0.12333463132381439
0.06250519305467606,0.0033045941963791847,0.09555113315582275
0.057719580829143524,0.005052537657320499,0.10824495553970337
0.0598941408097744,0.003108477685600519,0.09097892045974731
0.06470081955194473,0.0025228168815374374,0.08992898464202881
0.0470963753759861,0.002638074569404125,0.0734771192073822
0.04363400116562843,0.0025751106441020966,0.0693851113319397
0.04897123575210571,0.0019195035565644503,0.06816627085208893
0.04452817142009735,0.0015468450728803873,0.05999661982059479
0.040522072464227676,0.002604263834655285,0.06656470894813538
0.03684741631150246,0.0012880683643743396,0.04972809925675392
0.0368177555501461,0.0016239075921475887,0.053056832402944565
0.036027856171131134,0.002699150238186121,0.06301935762166977
0.03723401948809624,0.0022247196175158024,0.059481214731931686
0.03228351101279259,0.0025074160657823086,0.05735767260193825
0.03978621959686279,0.0024403384886682034,0.0641896054148674
0.03401096910238266,0.0022479048930108547,0.05649001896381378
0.029301228001713753,0.0014428871218115091,0.04373009875416756
0.0352029986679554,0.002886552829295397,0.06406852602958679
0.029325567185878754,0.002351899864152074,0.052844565361738205
0.030415769666433334,0.0022381306625902653,0.05279707536101341
0.02685536816716194,0.0022995048202574253,0.04985041543841362
0.028909927234053612,0.0017198214773088694,0.04610814154148102
0.02729213982820511,0.0013515772297978401,0.04080791026353836
0.026746338233351707,0.0028634178452193737,0.05538051575422287
0.028278077021241188,0.0022629867307841778,0.05090794712305069
0.023930927738547325,0.0020684548653662205,0.044615477323532104
0.027243640273809433,0.002402331680059433,0.05126695707440376
0.024288075044751167,0.0012014395324513316,0.03630246967077255
0.02077086642384529,0.0016839264426380396,0.03761012852191925
0.02113712765276432,0.0013624755665659904,0.034761883318424225
0.021886436268687248,0.0012486735358834267,0.034373171627521515
0.019961221143603325,0.0016408341471105814,0.03636956214904785
0.018704978749155998,0.0013882428174838424,0.032587409019470215
0.021869443356990814,0.0017953433562070131,0.03982287645339966
0.021325740963220596,0.0013778347056359053,0.035104088485240936
0.019086601212620735,0.001935460022650659,0.03844120353460312
0.018626026809215546,0.0016879308968782425,0.03550533577799797
0.019108569249510765,0.001719663036055863,0.036305200308561325
0.018430465832352638,0.001720307394862175,0.03563354164361954
0.01705111376941204,0.0012936047278344631,0.029987160116434097
0.0167961735278368,0.0013289526104927063,0.030085699632763863
0.015741286799311638,0.00175941688939929,0.033335454761981964
0.016474930569529533,0.0016215437790378928,0.032690368592739105
0.015339325182139874,0.001411676174029708,0.029456086456775665
0.015456604771316051,0.0014436924830079079,0.029893528670072556
0.014263001270592213,0.001383155700750649,0.02809455804526806
0.014814533293247223,0.0012142027262598276,0.02695656009018421
0.014756584540009499,0.0014161819126456976,0.028918404132127762
0.014062789268791676,0.0012126181973144412,0.02618897147476673
0.013836883008480072,0.001569885527715087,0.02953573875129223
0.013432472944259644,0.001285838894546032,0.026290861889719963
0.013997628353536129,0.0014264412457123399,0.02826204150915146
0.013378435745835304,0.0011716856388375163,0.025095291435718536
0.013870776630938053,0.001610519364476204,0.029975969344377518
0.013396472670137882,0.0014332763385027647,0.027729235589504242
0.013227229937911034,0.0012412115465849638,0.02563934586942196
0.012982792221009731,0.001110230339691043,0.024085097014904022
0.01285234559327364,0.0015279257204383612,0.028131604194641113
0.012702545151114464,0.0013808284420520067,0.026510829105973244
0.012318163178861141,0.0011796678882092237,0.02411484345793724
0.012185130268335342,0.0010036943713203073,0.02222207374870777
0.01206937711685896,0.0015992603730410337,0.02806198224425316
0.011716495268046856,0.0013926220126450062,0.025642715394496918
0.011758074164390564,0.001148721668869257,0.02324528992176056
0.01149213407188654,0.0009112514671869576,0.02060464769601822
0.011893698945641518,0.0017146706813946366,0.02904040552675724
0.011117232963442802,0.0014715074794366956,0.02583230659365654
0.011385724879801273,0.0011256060097366571,0.022641785442829132
0.010933486744761467,0.0009172176942229271,0.020105663686990738
0.011717481538653374,0.0016263198340311646,0.027980679646134377
0.010534278117120266,0.0013318508863449097,0.023852787911891937
0.011553969234228134,0.0012903790920972824,0.024457760155200958
0.010570496320724487,0.0011607686756178737,0.022178184241056442
0.011633803136646748,0.001250188099220395,0.024135682731866837
0.009970912709832191,0.0010498425690457225,0.020469337701797485
0.011793595738708973,0.0014213533140718937,0.02600712887942791
0.010197204537689686,0.0011527321767061949,0.021724525839090347
0.011621885932981968,0.0013017134042456746,0.02463901974260807
0.009690248407423496,0.001085836673155427,0.020548615604639053
0.01159063819795847,0.0013634911738336086,0.025225549936294556
0.009908896870911121,0.0010411515831947327,0.020320411771535873
0.011584770865738392,0.0014371409779414535,0.025956179946660995
0.00959847867488861,0.0011840778170153499,0.021439258009195328
0.01110564824193716,0.0013258077669888735,0.024363726377487183
0.00952290091663599,0.0010295744286850095,0.01981864497065544
0.011394994333386421,0.0014240636955946684,0.025635631754994392
0.009200933389365673,0.001149062649346888,0.020691558718681335
0.011069986037909985,0.0013646938605234027,0.024716924875974655
0.009061294607818127,0.0010782566387206316,0.01984386146068573
0.01127614825963974,0.001341435476206243,0.024690503254532814
0.008774126879870892,0.0010599065572023392,0.019373193383216858
0.011289327405393124,0.0014187225606292486,0.025476552546024323
0.008694874122738838,0.001116144354455173,0.019856318831443787
0.011334635317325592,0.001302346820011735,0.024358103051781654
0.008537902496755123,0.0010398552985861897,0.018936455249786377
0.011246933601796627,0.0014051815960556269,0.025298748165369034
0.00850373599678278,0.0010859140893444419,0.019362878054380417
0.011261504143476486,0.0013609412126243114,0.024870917201042175
0.008793698623776436,0.0011183377355337143,0.01997707597911358
0.010476362891495228,0.0013129974249750376,0.02360633760690689
0.008534525521099567,0.0010355125414207578,0.0188896507024765
0.010878260247409344,0.0013922001235187054,0.024800261482596397
0.009039591997861862,0.0011623402824625373,0.02066299505531788
0.009713706560432911,0.0012563331983983517,0.022277038544416428
0.008551121689379215,0.001015639747492969,0.01870751939713955
0.010448398068547249,0.0013926007086411119,0.024374404922127724
0.009244728833436966,0.0011801705695688725,0.021046433597803116
0.009105739183723927,0.0012155889999121428,0.021261628717184067
0.008560885675251484,0.0010146936401724815,0.018707823008298874
0.009991713799536228,0.0013801223831251264,0.023792937397956848
0.009424908086657524,0.0011961419368162751,0.02138632722198963
0.008619114756584167,0.0011664180783554912,0.020283296704292297
0.008549344725906849,0.0010121861705556512,0.018671207129955292
0.009550864808261395,0.001361411064863205,0.02316497638821602
0.00953441672027111,0.0012033847160637379,0.021568264812231064
0.008216752670705318,0.0011214322876185179,0.01943107694387436
0.00858683604747057,0.0010048829717561603,0.018635665997862816
0.009031292051076889,0.0013332611415535212,0.022363903000950813
0.00957290269434452,0.0011833285680040717,0.02140618860721588
0.007853108458220959,0.0011111070634797215,0.01896417886018753
0.008708327077329159,0.0010173860937356949,0.018882188946008682
0.008376541547477245,0.0012744572013616562,0.021121114492416382
0.009395730681717396,0.0011243040207773447,0.02063877135515213
0.007587299216538668,0.0011461268877610564,0.019048567861318588
0.008769060485064983,0.0010635367361828685,0.019404428079724312
0.007638251408934593,0.0011847598943859339,0.019485849887132645
0.008982978761196136,0.001042021787725389,0.01940319687128067
0.007350180763751268,0.0011943192221224308,0.019293373450636864
0.008587757125496864,0.0011020111851394176,0.019607868045568466
0.007100612390786409,0.0011248887749388814,0.018349500373005867
0.008539496921002865,0.0009973901323974133,0.018513398244976997
0.007090047467499971,0.001192018622532487,0.019010232761502266
0.008180409669876099,0.0010818432783707976,0.01899884268641472
0.006855296902358532,0.001129254582338035,0.018147842958569527
0.008190123364329338,0.0010043648071587086,0.018233772367239
0.006847737822681665,0.0011408596765249968,0.018256334587931633
0.007757599465548992,0.001022328739054501,0.01798088662326336
0.006753458175808191,0.0011640966404229403,0.01839442364871502
0.007889031432569027,0.0010298569686710835,0.01818760111927986
0.006658987607806921,0.0010857076849788427,0.017516065388917923
0.007419512141495943,0.0009681872325018048,0.017101384699344635
0.006689030677080154,0.001187502988614142,0.01856406033039093
0.007609877735376358,0.0010443695355206728,0.0180535726249218
0.006529065780341625,0.001051029423251748,0.017039358615875244
0.0071629551239311695,0.000936437223572284,0.0165273267775774
0.006650373339653015,0.0011861473321914673,0.018511846661567688
0.007336955517530441,0.0010399231687188148,0.01773618720471859
0.006472054868936539,0.0010367396753281355,0.01683945208787918
0.006937973201274872,0.0009222286171279848,0.016160259023308754
0.006675778888165951,0.0011719325557351112,0.01839510351419449
0.007105303928256035,0.0010283618466928601,0.017388921231031418
0.006484919227659702,0.001028155442327261,0.016766473650932312
0.0067476374097168446,0.0009131540427915752,0.015879178419709206
0.00676204776391387,0.0011554928496479988,0.018316976726055145
0.006924594286829233,0.0010162526741623878,0.017087120562791824
0.006558506283909082,0.0010168764274567366,0.016727270558476448
0.006585359573364258,0.0008986782049760222,0.015572141855955124
0.006914015859365463,0.0011483601992949843,0.01839761808514595
0.006798055954277515,0.0010109597351402044,0.01690765470266342
0.006662283558398485,0.0010011233389377594,0.016673516482114792
0.006454759277403355,0.0008793682209216058,0.015248441137373447
0.007101006805896759,0.0011476341169327497,0.018577348440885544
0.006713953800499439,0.001008773222565651,0.016801685094833374
0.006778861861675978,0.0009875798132270575,0.016654660925269127
0.006366221234202385,0.0008643742767162621,0.015009963884949684
0.007271533831954002,0.0011393725872039795,0.018665259703993797
0.006639307830482721,0.0009979058522731066,0.016618365421891212
0.006911587435752153,0.0009850998176261783,0.016762586310505867
0.006331990472972393,0.0008616611012257636,0.014948601834475994
0.007381877861917019,0.0011132819345220923,0.01851469650864601
0.006554294377565384,0.0009700835216790438,0.016255129128694534
0.00706919189542532,0.0009976619621738791,0.01704581081867218
0.006359996274113655,0.0008719996549189091,0.015079992823302746
0.0074297278188169,0.001072956481948495,0.01815929263830185
0.006473800633102655,0.0009323960402980447,0.01579776033759117
0.007229291833937168,0.001014299807138741,0.017372289672493935
0.006434376817196608,0.0008820549701340497,0.015254925936460495
0.007459064945578575,0.001039027119986713,0.017849337309598923
0.006461856421083212,0.000905728607904166,0.015519142150878906
0.007329212035983801,0.0010135166812688112,0.017464378848671913
0.006524169817566872,0.0008746280218474567,0.01527045015245676
0.007511339150369167,0.001026522135362029,0.01777656003832817
0.006562395021319389,0.0009008225752040744,0.015570621006190777
0.007338838651776314,0.0009899538708850741,0.017238378524780273
0.006643407512456179,0.0008531389175914228,0.015174796804785728
0.00756419263780117,0.0010223289718851447,0.01778748258948326
0.006753681693226099,0.0009013903327286243,0.01576758548617363
0.0073192063719034195,0.0009645893587730825,0.016965098679065704
0.006861325353384018,0.0008408482535742223,0.015269807539880276
0.007541481405496597,0.0010003614006564021,0.017545096576213837
0.0069704498164355755,0.0008883479167707264,0.01585392840206623
0.007333302404731512,0.0009502565371803939,0.01683586835861206
0.007188955321907997,0.0008444408886134624,0.015633363276720047
0.00743251945823431,0.0009647792903706431,0.017080312594771385
0.007213746663182974,0.0008738457690924406,0.015952205285429955
0.007316108327358961,0.0009317799704149365,0.016633907333016396
0.007537603843957186,0.0008473178604617715,0.01601078175008297
0.007274688221514225,0.0009413522784598172,0.016688210889697075
0.007507117930799723,0.0008753484580665827,0.016260601580142975
0.007173007354140282,0.0009082797914743423,0.016255805268883705
0.007847370579838753,0.000850146054290235,0.016348831355571747
0.007003200706094503,0.0009382309508509934,0.016385510563850403
0.007737386506050825,0.0008827126584947109,0.016564512625336647
0.006918981671333313,0.0009147163946181536,0.01606614515185356
0.008060331456363201,0.0008653178811073303,0.01671351119875908
0.006577674765139818,0.0009642968070693314,0.016220642253756523
0.007751853670924902,0.000887394358869642,0.016625797376036644
0.0065696146339178085,0.0009656850015744567,0.01622646488249302
0.007951430045068264,0.0008786962134763598,0.016738392412662506
0.00614109868183732,0.0010186349973082542,0.016327448189258575
0.007428388576954603,0.0008881252724677324,0.016309641301631927
0.006246523465961218,0.0010159105295315385,0.016405628994107246
0.007381019182503223,0.0008704159408807755,0.016085177659988403
0.005885199643671513,0.0010430376278236508,0.016315575689077377
0.006759670563042164,0.0008640342275612056,0.015400012955069542
0.006165049504488707,0.0010360726155340672,0.01652577519416809
0.00670875608921051,0.0008649597293697298,0.015358353033661842
0.005957442335784435,0.000999910058453679,0.015956543385982513
0.006076223682612181,0.0008284400682896376,0.014360625296831131
0.006373102311044931,0.0010395427234470844,0.016768530011177063
0.0062163639813661575,0.000895423348993063,0.015170597471296787
0.006194684188812971,0.0009323745034635067,0.01551842875778675
0.005538209807127714,0.0008288975222967565,0.013827184215188026
0.00645796675235033,0.001015317626297474,0.016611143946647644
0.005771082825958729,0.000910012167878449,0.014871204271912575
0.006145957857370377,0.0009139114408753812,0.015285071916878223
0.005194928962737322,0.0008495596703141928,0.01369052566587925
0.006140629295259714,0.0009877847041934729,0.016018476337194443
0.0053952825255692005,0.0008738249889574945,0.014133531600236893
0.00587457837536931,0.0009627678082324564,0.015502257272601128
0.0050691585056483746,0.0008665125351399183,0.013734284788370132
0.005818999372422695,0.0009465145994909108,0.015284145250916481
0.005157147534191608,0.0008152582449838519,0.013309730216860771
0.0057473452761769295,0.0009627161198295653,0.015374506823718548
0.004932853393256664,0.0008457793155685067,0.013390646316111088
0.005745325703173876,0.000907277746591717,0.014818103983998299
0.004934185184538364,0.0008002290269359946,0.012936475686728954
0.005640966352075338,0.0009288989240303636,0.014929955825209618
0.004704075865447521,0.000830558012239635,0.013009656220674515
0.00557195907458663,0.0008941959240473807,0.01451391912996769
0.004714371636509895,0.0007980880327522755,0.01269525196403265
0.00532709714025259,0.0009239445789717138,0.014566542580723763
0.004553166683763266,0.0008121462306007743,0.01267462968826294
0.005278334952890873,0.0009016648400574923,0.014294982887804508
0.004592002835124731,0.000783519062679261,0.01242719404399395
0.005076783709228039,0.000910748029127717,0.014184263534843922
0.004464433528482914,0.0007879406912252307,0.012343840673565865
0.005085856653749943,0.0008911316399462521,0.013997172936797142
0.004485549870878458,0.0007794489501975477,0.012280039489269257
0.0048745376989245415,0.0008974365773610771,0.013848903588950634
0.0043684570118784904,0.000787349883466959,0.01224195584654808
0.004846873227506876,0.000884293403942138,0.013689806684851646
0.004405495710670948,0.0007701419526711106,0.01210691500455141
0.0046297586522996426,0.0009063539910130203,0.013693299144506454
0.004330960102379322,0.0007858493481762707,0.012189453467726707
0.004655929747968912,0.0008737581665627658,0.01339351199567318
0.004375628661364317,0.0007570599555037916,0.011946228332817554
0.004484341014176607,0.0008990837377496064,0.013475177809596062
0.004284276627004147,0.0007844293140806258,0.01212857011705637
0.004520758055150509,0.0008632521494291723,0.013153279200196266
0.004315572790801525,0.0007532481104135513,0.011848053894937038
0.004334336146712303,0.0008975195814855397,0.013309531845152378
0.004247279372066259,0.0007745870971120894,0.011993150226771832
0.0044121574610471725,0.00086325773736462,0.013044734485447407
0.004282272420823574,0.0007491272408515215,0.011773545295000076
0.0042795706540346146,0.0008747255196794868,0.013026826083660126
0.004192860797047615,0.0007601887336932123,0.011794747784733772
0.004336901009082794,0.0008614034741185606,0.012950935401022434
0.0042259180918335915,0.0007496681646443903,0.01172260008752346
0.004200661089271307,0.000857750594150275,0.012778166681528091
0.004169080406427383,0.0007425543735735118,0.011594624258577824
0.0042769950814545155,0.0008543985313735902,0.012820979580283165
0.004199760966002941,0.0007478788029402494,0.011678548529744148
0.0041520856320858,0.0008344148518517613,0.01249623391777277
0.00414459640160203,0.0007308564963750541,0.011453161016106606
0.004203978460282087,0.000847542192786932,0.01267939992249012
0.0041826944798231125,0.0007403222261928022,0.011585917323827744
0.00411730632185936,0.0008164016180671751,0.012281322851777077
0.004116172436624765,0.0007283933809958398,0.011400106362998486
0.004149591084569693,0.0008318019099533558,0.012467609718441963
0.004155076574534178,0.0007255473174154758,0.011410549283027649
0.004113342147320509,0.0008092361968010664,0.012205705046653748
0.004086032975465059,0.0007455783197656274,0.011541815474629402
0.004101463593542576,0.0008145844331011176,0.012247308157384396
0.004209352657198906,0.000702899880707264,0.011238351464271545
0.004336322657763958,0.0008228308288380504,0.012564631178975105
0.0042207506485283375,0.0008805121760815382,0.01302587240934372
0.004183747805655003,0.0007607480511069298,0.0117912283167243
0.005351035390049219,0.0008827554993331432,0.014178590849041939
0.0049711912870407104,0.0007746595074422657,0.012717786245048046
0.004588281735777855,0.0008123552543111145,0.012711834162473679
0.0044793663546442986,0.0008779751369729638,0.013259117491543293
0.005204054992645979,0.0010499164927750826,0.015703219920396805
0.003875412279739976,0.0003914129047188908,0.007789541035890579
0.003949195146560669,0.00039069040212780237,0.007856098935008049
0.0052165198139846325,0.0012664254754781723,0.017880775034427643
0.004810630343854427,0.0007483026129193604,0.01229365635663271
0.01190241239964962,0.0016841546166688204,0.028743958100676537
0.008037012070417404,0.0010534306056797504,0.018571317195892334
0.0073951235972344875,0.0009590170811861753,0.016985295340418816
0.0068520535714924335,0.0008311541168950498,0.015163594856858253
0.007205697242170572,0.0016388404183089733,0.023594101890921593
0.007765078451484442,0.0014482669066637754,0.02224774844944477
0.006318825297057629,0.0013177079381421208,0.019495904445648193
0.0068757301196455956,0.001633256208151579,0.023208294063806534
0.004842790309339762,0.0012001227587461472,0.016844017431139946
0.0064543006010353565,0.0012322204420343041,0.018776504322886467
0.005233459174633026,0.0005725623923353851,0.010959083214402199
0.006399300415068865,0.0022984417155385017,0.029383717104792595
0.005487942136824131,0.0016550786094740033,0.02203872799873352
0.006162221543490887,0.0018004741286858916,0.02416696399450302
0.006748932413756847,0.0017260706517845392,0.024009637534618378
0.006538159213960171,0.0016863589407876134,0.02340174838900566
0.004259226843714714,0.0010573958279564977,0.014833184890449047
0.006021795328706503,0.0020527918823063374,0.02654971368610859
0.004483609925955534,0.0009432559600099921,0.013916170224547386
0.006503910291939974,0.002734116744250059,0.03384507820010185
0.004976424388587475,0.0026785493828356266,0.03176191821694374
0.0064951698295772076,0.0010571323800832033,0.01706649363040924
0.004917295183986425,0.0016136234626173973,0.021053530275821686
0.0058683049865067005,0.0013754144310951233,0.019622448831796646
0.006468272767961025,0.0010344113688915968,0.016812387853860855
0.005526739172637463,0.0015587401576340199,0.02111414074897766
0.00864306092262268,0.0016860486939549446,0.025503547862172127
0.0050735026597976685,0.0006229223217815161,0.011302726343274117
0.008847120217978954,0.000822989793960005,0.017077017575502396
0.006926433648914099,0.000783975119702518,0.014766184613108635
0.004893499426543713,0.000517645908985287,0.010069958865642548
0.015062225982546806,0.001551331952214241,0.030575545504689217
0.00989693682640791,0.001306374790146947,0.022960685193538666
0.009824607521295547,0.0008690482354722917,0.0185150895267725
0.006226544268429279,0.0008895416976884007,0.015121961012482643
0.009229116141796112,0.00107298931106925,0.019959010183811188
0.0041997116059064865,0.0007950871950015426,0.012150583788752556
0.008552387356758118,0.0015875902026891708,0.024428289383649826
0.0055352854542434216,0.0014090905897319317,0.01962619088590145
0.006651706527918577,0.0010723387822508812,0.017375094816088676
0.004962111823260784,0.001286979066208005,0.01783190295100212
0.00548084732145071,0.0009020899888128042,0.01450174767524004
0.004375769291073084,0.0008168875356204808,0.012544644996523857
0.006001190282404423,0.001014726934954524,0.016148459166288376
0.0045775603502988815,0.0007409547688439488,0.011987107805907726
0.0062177833169698715,0.0011499958345666528,0.017717741429805756
0.004802647978067398,0.0008760127238929272,0.01356277521699667
0.00583711639046669,0.0011479908134788275,0.017317024990916252
0.005317662842571735,0.0007356075220741332,0.012673737481236458
0.00696931779384613,0.0013091424480080605,0.020060742273926735
0.006202309392392635,0.0009176557650789618,0.015378867276012897
0.006170870736241341,0.0013426169753074646,0.019597040489315987
0.008186019025743008,0.0012127391528338194,0.020313411951065063
0.004652680363506079,0.0009192488505505025,0.013845168054103851
0.007419267203658819,0.0008818329079076648,0.016237596049904823
0.004329217132180929,0.0010366176720708609,0.014695394784212112
0.007559539750218391,0.0007678867550566792,0.01523840706795454
0.004751523490995169,0.0010303622111678123,0.01505514606833458
0.007669952232390642,0.0007732423255220056,0.015402374789118767
0.0042195310816168785,0.0010512261651456356,0.014731792733073235
0.00803074799478054,0.0006784610450267792,0.014815358445048332
0.0055552260018885136,0.0011343270307406783,0.016898496076464653
0.008935024030506611,0.0007477931794710457,0.016412954777479172
0.005007733125239611,0.0012162528000772,0.017170261591672897
0.010333342477679253,0.0009012550581246614,0.01934589259326458
0.004675534553825855,0.0009821165585890412,0.014496699906885624
0.0104084312915802,0.0007472236757166684,0.017880667001008987
0.004627131391316652,0.0011146480683237314,0.015773611143231392
0.011749877594411373,0.0008170665241777897,0.01992054283618927
0.004467769525945187,0.0009938082657754421,0.014405852183699608
0.01176566630601883,0.000750416424125433,0.019269831478595734
0.004349495284259319,0.0010290015488862991,0.01463951077312231
0.012616068124771118,0.0007053931476548314,0.019669998437166214
0.004877258092164993,0.001039245631545782,0.015269714407622814
0.013007242232561111,0.0007563080289401114,0.02057032287120819
0.004416140262037516,0.0010940481442958117,0.015356620773673058
0.014453883282840252,0.000797597982455045,0.02242986299097538
0.004907005466520786,0.0009674314642325044,0.014581319876015186
0.014767107553780079,0.0007418389432132244,0.022185496985912323
0.00506647489964962,0.0011058623204007745,0.01612509787082672
0.01649823971092701,0.0008415068150497973,0.024913307279348373
0.005973693449050188,0.0009866548934951425,0.01584024168550968
0.013542895205318928,0.0008388654096052051,0.021931549534201622
0.006886450573801994,0.0011397056514397264,0.018283506855368614
0.013772066682577133,0.001073235529474914,0.024504423141479492
0.005557554308325052,0.000793792714830488,0.01349548064172268
0.01136757992208004,0.00076344795525074,0.01900205947458744
0.0056294966489076614,0.0009608030086383224,0.015237526968121529
0.010944869369268417,0.0005912560736760497,0.016857430338859558
0.00742173520848155,0.0014729370595887303,0.022151105105876923
0.01305831503123045,0.0011976106325164437,0.02503442019224167
0.005069839768111706,0.0010295037645846605,0.015364876948297024
0.011692274361848831,0.0012152442941442132,0.02384471707046032
0.005665317643433809,0.0007240977138280869,0.01290629431605339
0.00842391885817051,0.0011727104429155588,0.02015102282166481
0.007818845100700855,0.0006615603342652321,0.014434448443353176
0.008802502416074276,0.001276219030842185,0.02156469225883484
0.015033001080155373,0.0008802048396319151,0.02383504994213581
0.004800908733159304,0.000962461344897747,0.014425521716475487
0.013842371292412281,0.0009553328272886574,0.02339569851756096
0.004881613422185183,0.0006294897175393999,0.011176510713994503
0.013501939363777637,0.0008552937651984394,0.022054877132177353
0.005419192370027304,0.0005008604493923485,0.010427797213196754
0.013982097618281841,0.0007876677555032074,0.02185877412557602
0.010128642432391644,0.0007323945756070316,0.01745258830487728
0.006930863484740257,0.0004924972890876234,0.0118558369576931
0.00610237056389451,0.001431936165317893,0.02042173221707344
0.006433608941733837,0.0009482480818405747,0.015916090458631516
0.005741627886891365,0.0019808304496109486,0.025549931451678276
0.008598122745752335,0.0025372193194925785,0.033970315009355545
0.005727780982851982,0.001064567593857646,0.01637345738708973
0.005561779718846083,0.0014061948750168085,0.019623728469014168
0.008068494498729706,0.0017995326779782772,0.026063822209835052
0.004762444645166397,0.0009196528699249029,0.013958973810076714
0.005868404638022184,0.0015554187120869756,0.02142259106040001
0.006511753890663385,0.0014023019466549158,0.02053477242588997
0.005135875660926104,0.0011705541983246803,0.01684141717851162
0.006448809057474136,0.0015810257755219936,0.022259067744016647
0.004803564865142107,0.001562952995300293,0.02043309435248375
0.004960441961884499,0.0013467902317643166,0.018428344279527664
0.006452921312302351,0.0012747286818921566,0.01920020766556263
0.004633049946278334,0.0012073125690221786,0.016706176102161407
0.004569349344819784,0.0007417809683829546,0.01198715902864933
0.004000196233391762,0.0007176194339990616,0.011176390573382378
0.005447689909487963,0.0007675790693610907,0.01312348060309887
0.004554253537207842,0.0006815816159360111,0.011370070278644562
0.0035472377203404903,0.0007757692947052419,0.011304930783808231
0.004348339978605509,0.0005581742152571678,0.0099300816655159
0.005322749260812998,0.0011616973206400871,0.016939722001552582
0.005274493247270584,0.0009325935388915241,0.014600428752601147
0.004794166423380375,0.0012766921427100897,0.017561089247465134
0.0048402342945337296,0.001438305014744401,0.019223283976316452
0.005184507463127375,0.0011813583550974727,0.016998091712594032
0.004971369635313749,0.0008963790023699403,0.013935159891843796
0.005446855444461107,0.0014415474142879248,0.019862329587340355
0.004620512947440147,0.0009308613371104002,0.013929126784205437
0.00465393764898181,0.0016260494012385607,0.020914431661367416
0.00658527621999383,0.0015457328408956528,0.02204260416328907
0.004749894142150879,0.0009708745055831969,0.014458639547228813
0.004710678942501545,0.0011533693177625537,0.016244372352957726
0.004648260306566954,0.0010766270570456982,0.015414530411362648
0.003924806602299213,0.0009099180460907519,0.013023987412452698
0.004793575033545494,0.0008777583716437221,0.013571158982813358
0.004156338982284069,0.0009123401250690222,0.013279740698635578
0.003712581004947424,0.0008292324491776526,0.012004906311631203
0.004516777116805315,0.0009362391429021955,0.013879168778657913
0.0045167324133217335,0.0009667561389505863,0.014184294268488884
0.00390967819839716,0.0006941207684576511,0.010850885882973671
0.0037216872442513704,0.0008601566660217941,0.01232325378805399
0.0043269251473248005,0.0006391761708073318,0.010718686506152153
0.003934459760785103,0.0007575390627607703,0.01150985062122345
0.0038155403453856707,0.0005090847844257951,0.008906387723982334
0.0044913748279213905,0.0015562193002551794,0.020053569227457047
0.0056303078308701515,0.0013193124905228615,0.01882343366742134
0.004243509843945503,0.0010047232499346137,0.014290742576122284
0.004469220992177725,0.0013674355577677488,0.018143577501177788
0.0043580615893006325,0.0006080710445530713,0.010438771918416023
0.0038801277987658978,0.0006462788442149758,0.0103429164737463
0.005130682606250048,0.0009096283465623856,0.014226965606212616
0.003976130858063698,0.0006405748426914215,0.010381879284977913
0.004168825224041939,0.0010699687991291285,0.014868512749671936
0.0049356818199157715,0.0011032035108655691,0.01596771739423275
0.004131849855184555,0.0006690804148092866,0.010822653770446777
0.0044758920557796955,0.0004163250559940934,0.008639141917228699
0.003853775095194578,0.0011259829625487328,0.015113605186343193
0.003862920915707946,0.0006432823720388114,0.010295744985342026
0.00428555766120553,0.0012717940844595432,0.01700349897146225
0.0043304902501404285,0.0011789826676249504,0.016120316460728645
0.004399270284920931,0.0005077888490632176,0.009477159008383751
0.004008793737739325,0.0005380246439017355,0.009389040060341358
0.003768705064430833,0.0007765499176457524,0.01153420377522707
0.004406789783388376,0.0004783628974109888,0.009190418757498264
0.004010241478681564,0.0014374401653185487,0.018384642899036407
0.005585269536823034,0.001573520596139133,0.02132047526538372
0.003973088227212429,0.0004218372341711074,0.008191460743546486
0.007207887247204781,0.0011091841151937842,0.018299728631973267
0.0059923469088971615,0.0005835454212501645,0.011827800422906876
0.006834712345153093,0.0013826129725202918,0.020660841837525368
0.01016815472394228,0.0012935451231896877,0.023103605955839157
0.004541303496807814,0.0008197873830795288,0.012739177793264389
0.007143857888877392,0.0010348954237997532,0.017492812126874924
0.1093917191028595,0.008458899334073067,0.19398070871829987
0.0447663851082325,0.0013869900722056627,0.05863628536462784
0.06997941434383392,0.0030125747434794903,0.1001051664352417
0.07033953070640564,0.003225517924875021,0.10259471088647842
0.045245781540870667,0.0018493132665753365,0.06373891234397888
0.03193379193544388,0.001079886220395565,0.04273265600204468
0.059585943818092346,0.0016213475028052926,0.07579942047595978
0.03893939033150673,0.0023708909284323454,0.06264829635620117
0.03370024263858795,0.0010529594728723168,0.04422983527183533
0.03488355875015259,0.001608604216016829,0.050969600677490234
0.03618861362338066,0.0010717788245528936,0.046906404197216034
0.02518315799534321,0.0016685681184753776,0.04186883941292763
0.04268947243690491,0.0014865845441818237,0.057555317878723145
0.04050680622458458,0.0008573804516345263,0.049080610275268555
0.01890360563993454,0.0016446239314973354,0.03534984588623047
0.025436392053961754,0.0007017370080575347,0.032453760504722595
0.022155648097395897,0.0013184330891817808,0.03533998131752014
0.024819305166602135,0.001071021775715053,0.035529524087905884
0.028163572773337364,0.0005293496651574969,0.03345707058906555
0.019111746922135353,0.0009486260241828859,0.028598006814718246
0.022198157384991646,0.0006219058996066451,0.02841721661388874
0.013650219887495041,0.0006409597117453814,0.020059816539287567
0.016031881794333458,0.0005761203938163817,0.02179308608174324
0.014166309498250484,0.00043787877075374126,0.01854509674012661
0.014894110150635242,0.0006615458405576646,0.021509569138288498
0.012034843675792217,0.00043825662578456104,0.016417410224676132
0.014728670008480549,0.00037704635178670287,0.018499134108424187
0.011631711386144161,0.00035628851037472486,0.015194596722722054
0.011463433504104614,0.000317918136715889,0.014642614871263504
0.012527596205472946,0.0004942516097798944,0.017470112070441246
0.01113050989806652,0.00020871643209829926,0.013217674568295479
0.010903923772275448,0.0005754772573709488,0.01665869727730751
0.01169242337346077,0.0004085478722117841,0.01577790267765522
0.010788138955831528,0.0005378799978643656,0.016166938468813896
0.010598737746477127,0.0005892474437132478,0.01649121195077896
0.009740044362843037,0.0002622945175971836,0.012362989597022533
0.0075773089192807674,0.0008384337997995317,0.015961647033691406
0.011497726663947105,0.0008417928474955261,0.019915655255317688
0.010056044906377792,0.0008421847596764565,0.018477892503142357
0.007982097566127777,0.0006118068122304976,0.014100166037678719
0.008709914050996304,0.0008483600104227662,0.017193514853715897
0.0086327213793993,0.0005893801571801305,0.01452652271836996
0.005392420571297407,0.0009523454355075955,0.014915874227881432
0.008144768886268139,0.0009682040545158088,0.017826810479164124
0.0080689312890172,0.0007971141021698713,0.016040071845054626
0.007788927294313908,0.0008511141641065478,0.01630006916821003
0.006795796100050211,0.0004458028415683657,0.011253824457526207
0.0072900159284472466,0.0006537119625136256,0.013827135786414146
0.0060118744149804115,0.0003430468786973506,0.0094423433765769
0.00664503825828433,0.0003826785832643509,0.010471824556589127
0.0055977036245167255,0.0005684039788320661,0.01128174364566803
0.0057433233596384525,0.000307517999317497,0.008818503469228745
0.006925199646502733,0.001223558560013771,0.019160784780979156
0.007794244680553675,0.0009073341498151422,0.016867585480213165
0.005489806178957224,0.0007209610193967819,0.012699415907263756
0.006019340828061104,0.0006881598965264857,0.012900939211249352
0.005844693165272474,0.0006179467309266329,0.012024160474538803
0.005431057885289192,0.0004203217104077339,0.009634274989366531
0.004595017060637474,0.0012055106926709414,0.0166501235216856
0.00566994771361351,0.0010218509705737233,0.015888456255197525
0.0053766327910125256,0.000418949406594038,0.009566126391291618
0.0049076746217906475,0.0004072593874298036,0.008980268612504005
0.0044283499009907246,0.0007544883992522955,0.01197323389351368
0.004566528368741274,0.000494800042361021,0.009514529258012772
0.004824595991522074,0.000900757615454495,0.013832172378897667
0.004957977216690779,0.0007971520535647869,0.01292949728667736
0.004513793624937534,0.0004937985795550048,0.009451779536902905
0.003926974721252918,0.0003448509960435331,0.007375484798103571
0.005252413917332888,0.0010492756264284253,0.015745170414447784
0.005179047584533691,0.0008781876531429589,0.013960923999547958
0.004204445518553257,0.0004755055997520685,0.00895950198173523
0.0038111996836960316,0.0004442037898115814,0.00825323723256588
0.005251883063465357,0.0007934195455163717,0.013186078518629074
0.004713213071227074,0.0006896335398778319,0.011609548702836037
0.004017821978777647,0.0005162536981515586,0.009180359542369843
0.003883538069203496,0.00046642718371003866,0.008547809906303883
0.004743274766951799,0.0006496062269434333,0.011239336803555489
0.003966641146689653,0.00045440171379595995,0.008510658517479897
0.004419156350195408,0.0007864253129810095,0.01228340994566679
0.004017781000584364,0.0006466121412813663,0.01048390194773674
0.004739903844892979,0.0005419252556748688,0.010159156285226345
0.00423458032310009,0.0004300048458389938,0.00853462889790535
0.004363765940070152,0.0008269426180049777,0.012633192352950573
0.00403960794210434,0.0007523635867983103,0.011563243344426155
0.004322884138673544,0.00041163418791256845,0.00843922607600689
0.003917474299669266,0.0003480026207398623,0.0073975007981061935
0.004434128757566214,0.0007770025404170156,0.012204153463244438
0.0038635076489299536,0.0006405044114217162,0.010268552228808403
0.004443665966391563,0.0004582442925311625,0.00902610830962658
0.0037906565703451633,0.0003295511705800891,0.007086168043315411
0.004530785605311394,0.0008541957940906286,0.013072744011878967
0.0039920806884765625,0.0007126866839826107,0.01111894752830267
0.004334081429988146,0.00043156067840754986,0.008649688214063644
0.0038921900559216738,0.0003731808392331004,0.007623998448252678
0.004343869164586067,0.0007475636666640639,0.01181950606405735
0.003918140195310116,0.0006662140949629247,0.010580280795693398
0.004167419392615557,0.00039902725256979465,0.008157691918313503
0.003733128309249878,0.00033001432893797755,0.007033271715044975
0.004353209864348173,0.0007293093949556351,0.011646304279565811
0.0038060874212533236,0.0005941835697740316,0.009747923351824284
0.004336691461503506,0.00045056489761918783,0.008842340670526028
0.0037519747857004404,0.00034259006497450173,0.007177875377237797
0.0044351546093821526,0.0007492470904253423,0.01192762516438961
0.003940559457987547,0.0006323375855572522,0.01026393473148346
0.0042182873003184795,0.0004182345583103597,0.008400632999837399
0.0037685020361095667,0.0003481766616459936,0.007250268943607807
0.004322526045143604,0.0007008142420090735,0.01133066788315773
0.003941558767110109,0.0006011821096763015,0.00995337963104248
0.004078530706465244,0.00040631007868796587,0.00814163126051426
0.00372550287283957,0.0003256800991948694,0.006982304155826569
0.004229798447340727,0.000699228432495147,0.011222083121538162
0.003884904785081744,0.0005858951481059194,0.009743856266140938
0.004030528943985701,0.0004071866278536618,0.00810239464044571
0.003660098183900118,0.0003189372946508229,0.006849471013993025
0.004194351844489574,0.000707954284735024,0.01127389445900917
0.0038398317992687225,0.0005986103788018227,0.00982593558728695
0.003940448630601168,0.0003924839838873595,0.00786528829485178
0.003574794391170144,0.0003192269941791892,0.006767064332962036
0.004106088075786829,0.0006815572269260883,0.010921660810709
0.0036871882621198893,0.0005810682196170092,0.009497870691120625
0.0039191166870296,0.00038686409243382514,0.007787757553160191
0.0034651856403797865,0.0003116980369668454,0.006582166068255901
0.004053880460560322,0.0006689426954835653,0.010743306949734688
0.0035393342841416597,0.0005652430700138211,0.009191764518618584
0.003919296432286501,0.0003888751962222159,0.007808048278093338
0.0033668221440166235,0.0003117184096481651,0.006484006531536579
0.004025569651275873,0.0006539993919432163,0.010565564036369324
0.003401966067031026,0.0005485411384142935,0.008887377567589283
0.003968152217566967,0.00039687397656962276,0.007936892099678516
0.0033153477124869823,0.0003225288528483361,0.006540636532008648
0.003979384899139404,0.0006223780219443142,0.010203165002167225
0.0032741341274231672,0.000521352980285883,0.00848766416311264
0.003995972219854593,0.0004125716513954103,0.008121688850224018
0.0032968155574053526,0.0003404629824217409,0.006701445206999779
0.003886608639732003,0.0005796292098239064,0.00968290027230978
0.003158465726301074,0.00048130378127098083,0.007971503771841526
0.004029190167784691,0.0004364012856967747,0.008393202908337116
0.0033105257898569107,0.0003587659157346934,0.006898185238242149
0.0037909860257059336,0.0005428169388324022,0.0092191556468606
0.0030798909720033407,0.0004439139738678932,0.0075190309435129166
0.004032071214169264,0.0004644389555323869,0.008676460944116116
0.003348395461216569,0.00037806268665008247,0.0071290223859250546
0.0036757863126695156,0.0005157554987818003,0.008833341300487518
0.0030590039677917957,0.00042218281305395067,0.007280832156538963
0.003946871031075716,0.000474493921501562,0.008691810071468353
0.003384156385436654,0.0003835570241790265,0.00721972668543458
0.0035221667494624853,0.000501150032505393,0.008533666841685772
0.0030665548983961344,0.00040930660907179117,0.007159620523452759
0.003806096501648426,0.00046963326167315245,0.008502429351210594
0.003389611141756177,0.0003698315704241395,0.007087926845997572
0.0033897957764565945,0.0005083312280476093,0.0084731075912714
0.003099068533629179,0.00041056645568460226,0.007204733323305845
0.0036748028360307217,0.0004555979394353926,0.008230782113969326
0.0033850150648504496,0.0003520249156281352,0.006905264221131802
0.0033086538314819336,0.000521048263181001,0.008519136346876621
0.0031303816940635443,0.0004188937018625438,0.007319319061934948
0.0035811918787658215,0.0004375105781946331,0.007956298068165779
0.0033513447269797325,0.0003379728295840323,0.006731072906404734
0.003280345816165209,0.0005255622672848403,0.008535968139767647
0.0031192381866276264,0.0004227207391522825,0.007346445694565773
0.003539856756106019,0.00042062296415679157,0.007746086455881596
0.0032773991115391254,0.00032586819725111127,0.006536080967634916
0.003296636277809739,0.0005266882944852114,0.008563519455492496
0.0030802327673882246,0.00042365287663415074,0.007316761650145054
0.0035264689940959215,0.0004077370394952595,0.007603839039802551
0.003204761305823922,0.0003175534075126052,0.006380295380949974
0.0032991324551403522,0.0005237230216152966,0.008536363020539284
0.0030402112752199173,0.000420719210524112,0.007247403264045715
0.003495237324386835,0.00039991026278585196,0.007494340185075998
0.0031518498435616493,0.0003135415317956358,0.006287265103310347
0.003258706070482731,0.0005145404138602316,0.008404109627008438
0.0030063739977777004,0.00041105676791630685,0.00711694173514843
0.003447197377681732,0.0003992681158706546,0.007439878769218922
0.003125242656096816,0.00031455064890906215,0.006270749494433403
0.003194911638274789,0.000499246409162879,0.008187375962734222
0.0029665944166481495,0.00039633415872231126,0.00692993588745594
0.003414517967030406,0.0004030577838420868,0.007445096038281918
0.0031085319351404905,0.0003186243411619216,0.006294775288552046
0.0031420292798429728,0.00048113209777511656,0.007953350432217121
0.002924590604379773,0.00038130953907966614,0.006737685762345791
0.003396520623937249,0.00040587439434602857,0.007455264218151569
0.0030940151773393154,0.00032183571602217853,0.006312372162938118
0.0031039691530168056,0.00046418746933341026,0.007745843846350908
0.002886731643229723,0.0003685474512167275,0.006572206038981676
0.0033820560202002525,0.00040576813626103103,0.00743973720818758
0.003077584318816662,0.0003225197142455727,0.006302781403064728
0.003078464651480317,0.0004510160651989281,0.007588624954223633
0.0028595447074621916,0.00036001764237880707,0.006459721364080906
0.003362692892551422,0.00040193862514570355,0.007382079027593136
0.0030573548283427954,0.00032071652822196484,0.0062645198777318
0.0030643921345472336,0.000442018557805568,0.0074845775961875916
0.0028406823985278606,0.0003558303287718445,0.006398985628038645
0.0033361229579895735,0.00039523193845525384,0.007288441993296146
0.0030286451801657677,0.000317132769851014,0.006199972704052925
0.003057268215343356,0.0004361164174042642,0.007418432272970676
0.0028257369995117188,0.0003540412290021777,0.0063661495223641396
0.0033015694934874773,0.00038797262823209167,0.0071812961250543594
0.0029981655534356833,0.0003121926565654576,0.006120092235505581
0.0030505680479109287,0.0004333272809162736,0.007383840624243021
0.0028181024827063084,0.00035370324621908367,0.006355134770274162
0.003260214114561677,0.0003814588126260787,0.007074802182614803
0.0029730796813964844,0.0003065676137339324,0.006038756109774113
0.003042523516342044,0.0004326666530687362,0.007369190454483032
0.0028159404173493385,0.00035439993371255696,0.0063599394634366035
0.003218048484995961,0.0003749566967599094,0.006967615336179733
0.002952571725472808,0.00030009541660547256,0.005953526124358177
0.003035095287486911,0.00043356779497116804,0.0073707737028598785
0.002816579071804881,0.0003559386823326349,0.006375965662300587
0.0031765822786837816,0.00036784663097932935,0.00685504823923111
0.0029326421208679676,0.0002930290065705776,0.005862932186573744
0.0030274081509560347,0.00043542811181396246,0.0073816897347569466
0.002817403757944703,0.00035811617271974683,0.006398565135896206
0.0031359547283500433,0.000360312988050282,0.006739084608852863
0.002909677801653743,0.00028603035025298595,0.005769981071352959
0.0030184658244252205,0.00043792452197521925,0.007397711277008057
0.0028171720914542675,0.00036068118060939014,0.006423983722925186
0.0030944833997637033,0.000352894829120487,0.006623432040214539
0.0028844412881881,0.0002794461906887591,0.005678903311491013
0.0030050561763346195,0.00044057847117073834,0.007410841062664986
0.002815097337588668,0.0003630935389082879,0.006446032784879208
0.0030525722540915012,0.00034593857708387077,0.0065119583159685135
0.002857816405594349,0.00027311910525895655,0.0055890073999762535
0.002989170141518116,0.000443164783064276,0.007420817855745554
0.0028105529490858316,0.00036525377072393894,0.006463090889155865
0.00301186996512115,0.00033906911266967654,0.006402561441063881
0.0028294380754232407,0.0002668992383405566,0.0054984306916594505
0.0029724936466664076,0.0004455376183614135,0.00742787029594183
0.0028031677938997746,0.00036728096893057227,0.006475977599620819
0.002971883863210678,0.0003320493851788342,0.006292377598583698
0.0027981209568679333,0.0002608282375149429,0.005406403448432684
0.002956043928861618,0.00044769642408937216,0.007433008402585983
0.002793583320453763,0.0003692575846798718,0.0064861588180065155
0.0029315657448023558,0.00032517308136448264,0.00618329644203186
0.0027656566817313433,0.0002550011267885566,0.005315667949616909
0.0029393627773970366,0.0004495098546613008,0.007434461265802383
0.0027821797411888838,0.0003709041920956224,0.006491221487522125
0.0028924900107085705,0.0003188409609720111,0.006080899387598038
0.0027348336298018694,0.00024952736566774547,0.005230107344686985
0.002922935178503394,0.0004506641998887062,0.0074295774102211
0.0027689747512340546,0.0003721244866028428,0.006490219384431839
0.002856867155060172,0.0003128843382000923,0.005985710769891739
0.0027056962717324495,0.0002444756682962179,0.005150453187525272
0.0029074368067085743,0.000451261003036052,0.007420046720653772
0.0027547411154955626,0.0003730674216058105,0.006485415622591972
0.002824719762429595,0.0003072234394494444,0.0058969538658857346
0.002677474869415164,0.00023981572303455323,0.005075632128864527
0.002892721677199006,0.0004516768967732787,0.007409490644931793
0.0027402895502746105,0.00037380476715043187,0.006478337105363607
0.002794944681227207,0.0003018779098056257,0.005813723895698786
0.002650168025866151,0.00023537140805274248,0.005003882106393576
0.0028782046865671873,0.0004519395297393203,0.007397600449621677
0.0027255527675151825,0.0003742530825547874,0.006468083709478378
0.0027675414457917213,0.0002967703912872821,0.005735245533287525
0.002623216714709997,0.00023122504353523254,0.004935467150062323
0.0028636774513870478,0.0004519134818110615,0.007382811978459358
0.002710514236241579,0.0003743882989510894,0.006454396992921829
0.0027411621995270252,0.00029202408040873706,0.005661402828991413
0.00259686098434031,0.00022744678426533937,0.004871328826993704
0.002848550444468856,0.00045156199485063553,0.007364170625805855
0.0026951730251312256,0.0003740577958524227,0.006435750983655453
0.002714951755478978,0.000287845847196877,0.005593410227447748
0.002572316210716963,0.0002240459871245548,0.004812776111066341
0.00283233099617064,0.0004506754921749234,0.007339085452258587
0.0026787056121975183,0.0003732331097126007,0.006411036476492882
0.0026895604096353054,0.0002841416862793267,0.00553097715601325
0.002549398923292756,0.0002210925886174664,0.004760324954986572
0.0028152046725153923,0.0004492381413001567,0.007307586260139942
0.002661356935277581,0.00037188344867900014,0.006380191072821617
0.0026654524262994528,0.00028101669158786535,0.005475619342178106
0.002528485143557191,0.00021850416669622064,0.004713526926934719
0.0027973868418484926,0.00044736266136169434,0.007271013222634792
0.0026430990546941757,0.00037001361488364637,0.0063432352617383
0.002642747014760971,0.0002782959782052785,0.005425706505775452
0.0025092160794883966,0.0002163297322113067,0.004672513343393803
0.002779310801997781,0.0004451175918802619,0.0072304867208004
0.0026237191632390022,0.0003675802145153284,0.006299521308392286
0.0026201484724879265,0.0002757996553555131,0.005378144793212414
0.0024920059368014336,0.00021446160099003464,0.004636622034013271
0.0027622682973742485,0.0004428839311003685,0.0071911076083779335
0.0026035632472485304,0.00036495254607871175,0.00625308882445097
0.002591779688373208,0.0002720703196246177,0.005312482826411724
0.002476589987054467,0.00021200318587943912,0.0045966217294335365
0.002753528067842126,0.00044296233681961894,0.0071831513196229935
0.002591585274785757,0.00036685686791315675,0.006260153837502003
0.002525667194277048,0.00025629179435782135,0.005088585428893566
0.0024492780212312937,0.00020070656319148839,0.004456343594938517
0.0028064115904271603,0.0004630658368114382,0.007437069900333881
0.0026937341317534447,0.00042160117300227284,0.006909745745360851
0.002240448724478483,0.00015186774544417858,0.003759126178920269
0.0021492252126336098,8.519389666616917e-05,0.0030011641792953014
0.003977013751864433,0.0008638950530439615,0.012615963816642761
0.0036109781358391047,0.0008656964055262506,0.012267941609025002
0.0025451774708926678,0.0002199802256654948,0.004744979552924633
0.004704984836280346,0.0011301503982394934,0.016006488353013992
0.004737380426377058,0.0011643754551187158,0.01638113521039486
0.002814964856952429,0.00029307304066605866,0.005745694972574711
0.0029685096815228462,0.0005365679389797151,0.008334189653396606
0.0029506750870496035,0.00045113597298040986,0.007462034933269024
0.0028858648147433996,0.00031503624632023275,0.006036227568984032
0.0029331869445741177,0.00042047502938658,0.007137937005609274
0.0020626545883715153,6.813988147769123e-05,0.002744053490459919
0.006204911042004824,0.0014021557290107012,0.02022646740078926
0.005228839349001646,0.0009758538799360394,0.01498737744987011
0.0028238745871931314,0.0004869819968007505,0.007693694904446602
0.0035411252174526453,0.00043177942279726267,0.007858918979763985
0.004071811214089394,0.0008225062629207969,0.012296874076128006
0.003986777737736702,0.0005044226418249309,0.009031004272401333
0.0037923024501651525,0.0008886807481758296,0.012679110281169415
0.005027195438742638,0.001040568109601736,0.015432876534759998
0.0021607016678899527,0.0001989065349334851,0.004149767104536295
0.0029666596092283726,0.00019289918418508023,0.004895651713013649
0.004316434264183044,0.000878865655977279,0.013105090707540512
0.0039765359833836555,0.0005091117927804589,0.009067653678357601
0.0037165237590670586,0.0007176471990533173,0.01089299563318491
0.004536898341029882,0.0007150552119128406,0.011687450110912323
0.0023013881873339415,0.0002738016191869974,0.005039404146373272
0.0028690577019006014,0.00013893417781218886,0.004258399363607168
0.006300904788076878,0.0013053619768470526,0.019354525953531265
0.00812363252043724,0.0012506268685683608,0.020629901438951492
0.0020927193108946085,0.00015390050248242915,0.003631724277511239
0.0070712631568312645,0.000306134665152058,0.010132609866559505
0.0028668066952377558,0.0004778050642926246,0.007644857279956341
0.005711673758924007,0.000199520742171444,0.007706881500780582
0.003933030646294355,0.0010692495852708817,0.01462552696466446
0.008958149701356888,0.0011067615123465657,0.020025763660669327
0.0028147732373327017,0.0001336767163593322,0.004151540342718363
0.012405402958393097,0.00027411768678575754,0.015146579593420029
0.0033661979250609875,0.00042868018499575555,0.007652999833226204
0.008018980734050274,0.0001468726695748046,0.009487707167863846
0.008749939501285553,0.0007754624239169061,0.01650456339120865
0.015144114382565022,0.0003854313399642706,0.01899842731654644
0.009907888248562813,0.0010969636496156454,0.020877525210380554
0.03642399609088898,0.001212458242662251,0.04854857921600342
0.010116868652403355,0.0005873588961549103,0.01599045842885971
0.011629513464868069,0.0009475075639784336,0.021104589104652405
0.030486054718494415,0.0004772394895553589,0.035258449614048004
0.004076564218848944,0.0009170010453090072,0.013246575370430946
0.019415097311139107,0.000758483016397804,0.026999928057193756
0.01976376213133335,0.0005963648436591029,0.02572740986943245
0.0036951827351003885,0.0009561449405737221,0.013256631791591644
0.013935953378677368,0.0003694832557812333,0.017630785703659058
0.004212167579680681,0.0010815933346748352,0.015028100460767746
0.012349171563982964,0.001220055390149355,0.024549726396799088
0.009105635806918144,0.0004928782000206411,0.014034418389201164
0.003923146519809961,0.0009241309016942978,0.013164455071091652
0.009949062019586563,0.0007217542151920497,0.017166603356599808
0.00424014450982213,0.00048542587319388986,0.009094403125345707
0.0060412222519516945,0.0008038392988964915,0.014079615473747253
0.00585410138592124,0.00030496023828163743,0.008903703652322292
0.003180556930601597,0.0007582472171634436,0.010763028636574745
0.00641850009560585,0.00011711807746905833,0.007589681074023247
0.0041639795526862144,0.0008140747086144984,0.012304726988077164
0.009765597991645336,0.00040406774496659636,0.013806276023387909
0.003409068565815687,0.0005336945177987218,0.008746013045310974
0.007155249826610088,0.000549719319678843,0.012652442790567875
0.004740789998322725,0.0002890713221859187,0.0076315030455589294
0.006299132015556097,0.0005561293801292777,0.011860426515340805
0.004873715341091156,0.00013932035653851926,0.0062669189646840096
0.010384645313024521,0.001224219799041748,0.022626843303442
0.02015044540166855,0.0014176636468619108,0.034327082335948944
0.008661081083118916,0.0004989409353584051,0.01365048997104168
0.006389575079083443,0.0007052108412608504,0.01344168372452259
0.015329523012042046,0.000967322732321918,0.025002751499414444
0.006235437002032995,0.0008982302970252931,0.015217740088701248
0.004172688815742731,0.0002612167736515403,0.00678485631942749
0.004890816286206245,0.0013290133792907,0.018180949613451958
0.006382816005498171,0.0014903179835528135,0.021285995841026306
0.005522516556084156,0.0002055499644484371,0.007578016258776188
0.00540347071364522,0.001317569287493825,0.018579162657260895
0.015421763062477112,0.0017014318145811558,0.032436080276966095
0.01017870381474495,0.0005275827134028077,0.015454530715942383
0.004115724004805088,0.0007749057840555906,0.011864781379699707
0.012741465121507645,0.0008877625223249197,0.02161909081041813
0.009588247165083885,0.0003019104478880763,0.012607351876795292
0.0049713230691850185,0.0009578587487339973,0.01454991102218628
0.014134593307971954,0.0006711683818139136,0.020846277475357056
0.008537070825695992,0.0006729375454597175,0.015266446396708488
0.004473498091101646,0.0007332719396799803,0.011806217953562737
0.007635738700628281,0.0006384190637618303,0.014019928872585297
0.008039714768528938,0.0008005236741155386,0.01604495197534561
0.004633061122149229,0.00052980164764449,0.009931078180670738
0.004714509006589651,0.0004142330144532025,0.008856838569045067
0.005740184802561998,0.0006057873251847923,0.011798057705163956
0.004488624166697264,0.0003285428392700851,0.0077740526758134365
0.003463078523054719,0.0008284119539894164,0.011747198179364204
0.004953860770910978,0.0006511347601190209,0.011465208604931831
0.0044768075458705425,0.0005071148043498397,0.00954795628786087
0.00327510223723948,0.0005004729027859867,0.008279831148684025
0.0037377714179456234,0.0006306197610683739,0.010043969377875328
0.004249305929988623,0.0005787197733297944,0.01003650389611721
0.003662021132186055,0.0007587661384604871,0.011249682866036892
0.0034520658664405346,0.0006924540502950549,0.01037660613656044
0.0033895373344421387,0.00020471130846999586,0.005436650477349758
0.0031923011410981417,0.0001542256068205461,0.004734557121992111
0.0027511287480592728,0.0007256119279190898,0.010007248260080814
0.003981534391641617,0.0005091657512821257,0.00907319225370884
0.002984090708196163,0.0005796729819849133,0.008780820295214653
0.0024152735713869333,0.0005555794923566282,0.00797106884419918
0.002658677287399769,0.00026011659065261483,0.005259843077510595
0.0026080450043082237,0.0001949468714883551,0.004557513631880283
0.002478575799614191,0.0007414681022055447,0.009893257170915604
0.003125560935586691,0.0006508199730888009,0.009633760899305344
0.003450747113674879,0.00028164550894871354,0.006267202086746693
0.0020560845732688904,0.00021745772392023355,0.004230661783367395
0.0037074442952871323,0.0005484906141646206,0.009192350320518017
0.003724396927282214,0.0003817956312559545,0.007542353123426437
0.0026199256535619497,0.0005240517784841359,0.00786044355481863
0.00262700067833066,0.0003902698226738721,0.006529699079692364
0.002881483407691121,0.00048236007569357753,0.0077050840482115746
0.0026573643554002047,0.00041189248440787196,0.0067762890830636024
0.0022352011874318123,0.0004709370550699532,0.0069445716217160225
0.0026873904280364513,0.00047772721154615283,0.0074646626599133015
0.0028611032757908106,0.0003025961050298065,0.005887064151465893
0.002317163860425353,0.00025097676552832127,0.004826931282877922
0.002446565078571439,0.0004984499537386,0.007431064732372761
0.0028718519024550915,0.0003965898649767041,0.006837750319391489
0.0023007788695394993,0.0003775916120503098,0.006076694931834936
0.0021560019813477993,0.00025649715098552406,0.0047209737822413445
0.0024862175341695547,0.0005657584988512099,0.008143802173435688
0.0023847094271332026,0.000468684418592602,0.0070715537294745445
0.002347085392102599,0.0003346901503391564,0.005693987011909485
0.0022114429157227278,0.0002932203933596611,0.0051436470821499825
0.002612117910757661,0.0004812110564671457,0.007424228824675083
0.0022417400032281876,0.00041842961218208075,0.006426036357879639
0.002247975906357169,0.0003081316826865077,0.005329292733222246
0.0023198071867227554,0.0002164431643905118,0.004484239034354687
0.0023072981275618076,0.0005693026469089091,0.008000324480235577
0.002252279780805111,0.00043879097211174667,0.006640189327299595
0.002185887424275279,0.0003428726049605757,0.0056146131828427315
0.002150414977222681,0.0002818054344970733,0.004968469031155109
0.002164349192753434,0.0005095553933642805,0.007259903475642204
0.002189923543483019,0.0004479398485273123,0.006669322028756142
0.002181260148063302,0.0002959895646199584,0.005141155794262886
0.0021105604246258736,0.0002464599965605885,0.0045751603320240974
0.002177109010517597,0.0004886030801571906,0.007063139695674181
0.002177053363993764,0.00039522541919723153,0.006129307672381401
0.0021018506959080696,0.0003342576965223998,0.005444427952170372
0.002050959737971425,0.00025750728673301637,0.004626032896339893
0.002144515048712492,0.0004948845016770065,0.007093360181897879
0.0020503373816609383,0.0004033223958685994,0.006083561107516289
0.0021679499186575413,0.000332932744640857,0.005497277248650789
0.002053851028904319,0.00027435904485173523,0.00479744141921401
0.002210675971582532,0.00045973469968885183,0.00680802296847105
0.0020761394407600164,0.000384187645977363,0.005918015725910664
0.0021609540563076735,0.0003268320579081774,0.0054292744025588036
0.002105177380144596,0.0002569813223090023,0.00467499066144228
0.0021476950496435165,0.0004655691736843437,0.006803386844694614
0.002090269001200795,0.00037053992855362594,0.0057956683449447155
0.0021218867041170597,0.0003518650191836059,0.005640537012368441
0.002076150383800268,0.0002824618713930249,0.004900769330561161
0.0021005563903599977,0.0004484965174924582,0.006585521623492241
0.0020608408376574516,0.00038046101690270007,0.005865450948476791
0.0021057126577943563,0.0003239568031858653,0.00534528074786067
0.0020413179881870747,0.0002630016242619604,0.0046713342890143394
0.0021203579381108284,0.00044249161146581173,0.006545274052768946
0.0020543253049254417,0.0003577622410375625,0.005631947889924049
0.002099649515002966,0.0003400975256226957,0.005500624887645245
0.0020353065337985754,0.00026614731177687645,0.0046967798843979836
0.0020987007301300764,0.0004515952605288476,0.006614653393626213
0.0020277677103877068,0.0003712141187861562,0.005739908665418625
0.002097146585583687,0.0003294755588285625,0.005391902290284634
0.002012047916650772,0.0002671315742190927,0.00468336371704936
0.0021175050642341375,0.00043918073060922325,0.006509312428534031
0.0020249492954462767,0.0003639973292592913,0.005664922297000885
0.0021064900793135166,0.00032364469370804727,0.00534293707460165
0.0020194228272885084,0.0002566427574492991,0.004585850052535534
0.002118445700034499,0.000443927914602682,0.006557724438607693
0.0020368739496916533,0.0003607872349675745,0.005644746124744415
0.0020894163753837347,0.00032975629437714815,0.005386979319155216
0.002017352497205138,0.0002627032226882875,0.004644384607672691
0.0021050020586699247,0.0004399128956720233,0.006504131481051445
0.0020305479411035776,0.0003667045384645462,0.005697593092918396
0.0020727075170725584,0.00031674711499363184,0.005240178667008877
0.001999802188947797,0.0002551994111854583,0.004551796242594719
0.002107176696881652,0.000434846238931641,0.006455639377236366
0.0020220207516103983,0.00035669998032972217,0.005589020438492298
0.002075952012091875,0.00031961817876435816,0.005272133741527796
0.0019970140419900417,0.0002520113193895668,0.0045171272940933704
0.0021060167346149683,0.00044037497718818486,0.006509766913950443
0.002024794230237603,0.0003620882343966514,0.005645676515996456
0.0020598454866558313,0.00031510868575423956,0.005210932344198227
0.0019807524513453245,0.00025199330411851406,0.0045006852596998215
0.0021056481637060642,0.00043562083737924695,0.006461856421083212
0.0020143757574260235,0.00036072134389542043,0.005621589254587889
0.0020646960474550724,0.00030923407757654786,0.005157036706805229
0.001971578923985362,0.00024662900250405073,0.004437868949025869
0.002114909701049328,0.00043490127427503467,0.006463922560214996
0.0020152402576059103,0.0003570054250303656,0.005585294216871262
0.002063760068267584,0.0003092748229391873,0.005156508181244135
0.001969283912330866,0.00024395657237619162,0.004408849403262138
0.0021211944986134768,0.00043825196917168796,0.006503714248538017
0.0020214759279042482,0.00036107946652919054,0.005632270593196154
0.002055359771475196,0.0003046405327040702,0.005101765040308237
0.0019627970177680254,0.00024300279619637877,0.0043928250670433044
0.002121426397934556,0.00043430639198049903,0.006464490666985512
0.0020186195615679026,0.0003593119326978922,0.005611739121377468
0.0020549215842038393,0.00030024719308130443,0.0050573935732245445
0.0019566533155739307,0.00023808983678463846,0.00433755200356245
0.0021306879352778196,0.00043547956738620996,0.006485483609139919
0.0020232154056429863,0.00035873596789315343,0.005610574968159199
0.036996424198150635,0.0006443881429731846,0.043440304696559906
0.012098576873540878,0.000425333360908553,0.016351910308003426
0.00708058662712574,0.00034993625013157725,0.010579949244856834
0.005043843295425177,0.0003110749239567667,0.008154592476785183
0.004365541506558657,0.00025088354595936835,0.006874376907944679
0.003944487310945988,0.00019285549933556467,0.005873042158782482
0.0036927771288901567,0.00015318238001782447,0.005224600899964571
0.0034004379995167255,0.00012851768406108022,0.004685614723712206
0.0030846574809402227,0.00010449892579345033,0.004129646811634302
0.0028406858909875154,8.270874241134152e-05,0.003667773213237524
0.002580750035122037,6.211092113517225e-05,0.0032018593046814203
0.002437463030219078,5.1620005251606926e-05,0.0029536630026996136
0.00233829440549016,4.160907701589167e-05,0.002754385117441416
0.002185952151194215,2.8172753445687704e-05,0.0024676797911524773
0.0020523229613900185,2.032843440247234e-05,0.002255607396364212
0.0019152722088620067,1.901604082377162e-05,0.0021054325625300407
0.0018157541053369641,1.8260676370118745e-05,0.0019983609672635794
0.0017195428954437375,1.915766370075289e-05,0.001911119557917118
0.0016187927685678005,1.9681765479617752e-05,0.0018156104488298297
0.0015398997347801924,1.968049764400348e-05,0.0017367047257721424
0.0014772220747545362,1.843413156166207e-05,0.001661563408561051
0.0014004393015056849,1.743992652336601e-05,0.0015748385339975357
0.0013336363481357694,1.5921719750622287e-05,0.0014928535092622042
0.0012817675014957786,1.443861037841998e-05,0.0014261535834521055
0.0012237259652465582,1.3862564628652763e-05,0.0013623515842482448
0.0011731674894690514,1.2817538845411036e-05,0.0013013428542762995
0.0011315648443996906,1.3176788343116641e-05,0.001263332786038518
0.0011032626498490572,1.3112738997733686e-05,0.0012343900743871927
0.0010744460159912705,1.2773533853760455e-05,0.0012021813308820128
0.0010420179460197687,1.3141289855411742e-05,0.0011734308209270239
0.0010033834259957075,1.284104564547306e-05,0.0011317938333377242
0.000961052777711302,1.30923290271312e-05,0.001091976067982614
0.0009354819194413722,1.2655677892325912e-05,0.0010620387038215995
0.0009064717451110482,1.2279285328986589e-05,0.001029264647513628
0.0008805207326076925,1.191107185150031e-05,0.0009996314765885472
0.0008591989753767848,1.1742004971893039e-05,0.0009766190778464079
0.0008386295521631837,1.1437226930866018e-05,0.0009530018432997167
0.0008184539037756622,1.0913255209743511e-05,0.0009275864576920867
0.0007946833502501249,9.896358278638218e-06,0.0008936469093896449
0.0007735445396974683,9.13062467589043e-06,0.0008648507646284997
0.0007558708311989903,8.224701559811365e-06,0.0008381178486160934
0.0007302590529434383,7.784569788782392e-06,0.0008081047562882304
0.0007161473040468991,7.436241958203027e-06,0.0007905097445473075
0.0006966010550968349,6.783480785088614e-06,0.0007644358556717634
0.0006788320606574416,6.18680451225373e-06,0.0007407001103274524
0.0006575662409886718,5.547843556996668e-06,0.0007130446610972285
0.0006368013564497232,5.142589543538634e-06,0.0006882272427901626
0.0006238105706870556,4.987888132745866e-06,0.0006736894720233977
0.0006111121037974954,4.815965439775027e-06,0.0006592717836610973
0.0006057641585357487,4.340204668551451e-06,0.0006491661770269275
0.0005973310326226056,4.036408881802345e-06,0.0006376951350830495
0.0005899204988963902,3.71268924936885e-06,0.0006270473822951317
0.000582955835852772,3.430214746913407e-06,0.0006172579596750438
0.0005750113632529974,3.214938942619483e-06,0.0006071607349440455
0.0005673459963873029,2.803524012051639e-06,0.0005953812506049871
0.0005606842460110784,2.7152118491358124e-06,0.0005878363735973835
0.0005522565916180611,2.6133880055567715e-06,0.0005783904925920069
0.0005447592702694237,2.518712335586315e-06,0.0005699463654309511
0.0005363293457776308,2.501869403204182e-06,0.0005613480461761355
0.0005293141002766788,2.579961346782511e-06,0.0005551137146539986
0.0005228717927820981,2.6248148969898466e-06,0.000549119955394417
0.0005168926436454058,2.489109647285659e-06,0.0005417837528511882
0.0005116913816891611,2.4887497147574322e-06,0.0005365788820199668
0.0005051413900218904,2.4926589503593277e-06,0.00053006800590083
0.0004979453515261412,2.441909600747749e-06,0.0005223644548095763
0.0004919202183373272,2.450314923407859e-06,0.0005164233734831214
0.0004879125626757741,2.282547484355746e-06,0.0005107380566187203
0.0004825962532777339,2.2294873360806378e-06,0.0005048911552876234
0.00047878455370664597,2.1265382201818284e-06,0.0005000499077141285
0.00047357237781398,2.1294724774634233e-06,0.0004948670975863934
0.00047009807894937694,2.0514630705292802e-06,0.000490612699650228
0.00046805827878415585,1.969532377188443e-06,0.0004877535975538194
0.00046448176726698875,2.0079442037967965e-06,0.0004845611983910203
0.00046127670793794096,1.982996764127165e-06,0.00048110669013112783
0.0004584204580169171,1.7744545175446547e-06,0.00047616500523872674
0.0004539630899671465,1.7718972458169446e-06,0.00047168205492198467
0.00045046349987387657,1.728432266645541e-06,0.00046774782822467387
0.00044765876373276114,1.6016952031350229e-06,0.00046367570757865906
0.00044330081436783075,1.5476199450858985e-06,0.00045877700904384255
0.00043997407192364335,1.5317107227019733e-06,0.00045529118506237864
0.00043595771421678364,1.444572035325109e-06,0.0004504034295678139
0.00043038991861976683,1.5605514818162192e-06,0.0004459954216144979
0.00042598211439326406,1.5534659496552194e-06,0.00044151677866466343
0.00042174773989245296,1.584477786309435e-06,0.00043759250547736883
0.00041777145816013217,1.640172854422417e-06,0.00043417318374849856
0.00041573704220354557,1.5845399730096688e-06,0.0004315824480727315
0.00041246708133257926,1.5824621186766308e-06,0.00042829170706681907
0.00040798887494020164,1.5885407265159301e-06,0.0004238742694724351
0.00040217593777924776,1.5959999473125208e-06,0.00041813592542894185
0.00039845018181949854,1.6348404869859223e-06,0.0004147985891904682
0.0003950315003748983,1.6021626834117342e-06,0.00041105312993749976
0.00039279687916859984,1.5641826394130476e-06,0.0004084387037437409
0.0003897752030752599,1.4914810435584513e-06,0.0004046900139655918
0.00038640431012026966,1.4787591453568893e-06,0.00040119190816767514
0.00038327640504576266,1.4183590337779606e-06,0.0003974599821958691
0.00038073613541200757,1.4097886378294788e-06,0.0003948340308852494
0.00037800363497808576,1.4079141692491248e-06,0.0003920827875845134
0.0003756461082957685,1.3557422562371357e-06,0.00038920354563742876
0.00037355083622969687,1.3393747622103547e-06,0.00038694459362886846
0.0003715138300321996,1.3617166132462444e-06,0.0003851309884339571
0.0003693423932418227,1.4046700016479008e-06,0.00038338909507729113
0.00036737226764671504,1.3980734365759417e-06,0.00038135299109853804
0.0003643506788648665,1.4376983017427847e-06,0.0003787276509683579
0.0003616631147451699,1.455308392905863e-06,0.000376216194126755
0.00035839146585203707,1.5230725693982095e-06,0.0003736221988219768
0.000355409923940897,1.5314076335926075e-06,0.0003707240102812648
0.0003530052781570703,1.5047496617626166e-06,0.0003680527734104544
0.0003504117776174098,1.5497013237109059e-06,0.0003659087815321982
0.0003485666529741138,1.5366123307103408e-06,0.00036393277696333826
0.00034656922798603773,1.5319192243623547e-06,0.00036188840749673545
0.0003453566459938884,1.5264465673681116e-06,0.00036062111030332744
0.00034369761124253273,1.5091678733369918e-06,0.00035878928611055017
0.00034177472116425633,1.4971849395806203e-06,0.0003567465755622834
0.0003403896698728204,1.495099013482104e-06,0.00035534065682440996
0.0003389724006410688,1.495548644925293e-06,0.0003539278986863792
0.00033757436904124916,1.4458447594734025e-06,0.000352032802766189
0.00033605165663175285,1.4131819625617936e-06,0.0003501834871713072
0.0003348102036397904,1.3525922213375452e-06,0.00034833612153306603
0.0003328941820655018,1.350068941974314e-06,0.00034639486693777144
0.0003308510349597782,1.3688206763617927e-06,0.00034453923581168056
0.00032892508897930384,1.3680155461770482e-06,0.00034260525717400014
0.0003270282759331167,1.3239739473647205e-06,0.00034026801586151123
0.0003253319882787764,1.2994225926377112e-06,0.00033832620829343796
0.0003240995283704251,1.2786960041921702e-06,0.00033688650000840425
0.00032276433194056153,1.2450627764337696e-06,0.0003352149506099522
0.0003211271541658789,1.2642643696381128e-06,0.0003337697999086231
0.00031943866633810103,1.2596282203958253e-06,0.00033203494967892766
0.0003180673811584711,1.2493380836531287e-06,0.00033056075335480273
0.0003167209797538817,1.2125665307394229e-06,0.00032884665415622294
0.00031588930869475007,1.1947399798373226e-06,0.0003278367221355438
0.00031507344101555645,1.166092260973528e-06,0.0003267343563493341
0.0003138502361252904,1.1577146779018221e-06,0.0003254273906350136
0.00031258666422218084,1.1212309800612275e-06,0.0003237989731132984
0.0003108481760136783,1.1036987643819884e-06,0.0003218851634301245
0.0003099410969298333,1.0734294164649327e-06,0.00032067540450952947
0.0003089903621003032,1.0543641337790177e-06,0.0003195340104866773
0.0003084695781581104,1.0017940894613275e-06,0.0003184875240549445
0.00030783115653321147,9.609400422050385e-07,0.000317440542858094
0.0003066696517635137,9.764150945557049e-07,0.0003164338122587651
0.0003056809364352375,9.571192549628904e-07,0.0003152521385345608
0.000304898974718526,9.196378414344508e-07,0.000314095348585397
0.00030388677259907126,8.890191338650766e-07,0.0003127769741695374
0.0003026316699106246,9.027420446727774e-07,0.0003116590960416943
0.0003016613773070276,8.582365467191266e-07,0.00031024374766275287
0.0003008846251759678,8.186942750398885e-07,0.00030907156178727746
0.00029993391945026815,8.066555210461956e-07,0.00030800048261880875
0.0002985590836033225,7.96868505403836e-07,0.0003065277705900371
0.00029757918673567474,7.680628186790273e-07,0.0003052598040085286
0.0002967088657896966,7.308690328500234e-07,0.0003040175652131438
0.0002955246018245816,7.072109156069928e-07,0.0003025967162102461
0.00029420206556096673,7.097808065736899e-07,0.0003012998786289245
0.00029325849027372897,6.817467692599166e-07,0.000300075946142897
0.00029235551482997835,6.631646556343185e-07,0.0002989871718455106
0.00029128658934496343,6.631080395891331e-07,0.00029791766428388655
0.00028984868549741805,6.759888719898299e-07,0.00029660857398994267
0.0002888689923565835,6.574293252015195e-07,0.0002954432857222855
0.0002876575163099915,6.546146096297889e-07,0.00029420366627164185
0.0002863016852643341,6.352021841848909e-07,0.00029265371267683804
0.0002850600576493889,6.028818120284996e-07,0.00029108888702467084
0.0002836843195836991,6.018621547809744e-07,0.0002897029335144907
0.0002826819254551083,5.911856533202808e-07,0.0002885937865357846
0.0002818524371832609,5.830311238241848e-07,0.00028768274933099747
0.00028072690474800766,5.870954282727325e-07,0.0002865978458430618
0.0002796344633679837,5.914793064221158e-07,0.00028554926393553615
0.00027880986453965306,5.924661081735394e-07,0.00028473453130573034
0.00027757565840147436,5.971133987259236e-07,0.00028354680398479104
0.00027681104256771505,5.741020459026913e-07,0.00028255206416361034
0.00027583070914261043,5.569251015913323e-07,0.0002813999599311501
0.0002748367260210216,5.562742444453761e-07,0.00028039945755153894
0.0002739558112807572,5.468440349432058e-07,0.0002794242464005947
0.00027292108279652894,5.450178832688835e-07,0.0002783712698146701
0.0002716713643167168,5.572513828155934e-07,0.0002772438747342676
0.00027059006970375776,5.406026843957079e-07,0.00027599610621109605
0.00026940894895233214,5.397686209107633e-07,0.00027480663266032934
0.00026818469632416964,5.534698743758781e-07,0.00027371940086595714
0.00026723879273049533,5.496825110640202e-07,0.00027273560408502817
0.00026613325462676585,5.54741632186051e-07,0.00027168067754246294
0.00026478839572519064,5.707153718503832e-07,0.0002704955404624343
0.00026383373187854886,5.669534175467561e-07,0.0002695032744668424
0.000262717338046059,5.660219812853029e-07,0.0002683775674086064
0.00026151491329073906,5.945097427684232e-07,0.00026746001094579697
0.0002606367052067071,6.00542421125283e-07,0.00026664213510230184
0.0002595782862044871,6.043597977622994e-07,0.0002656218712218106
0.00025905625079758465,5.742824669141555e-07,0.00026479907683096826
0.0002581167209427804,5.83619907956745e-07,0.0002639529120642692
0.00025754066882655025,5.665224875883723e-07,0.0002632059040479362
0.0002566241892054677,5.508641152118798e-07,0.00026213281671516597
0.000255443446803838,5.599873702522018e-07,0.00026104331482201815
0.00025440403260290623,5.696117000297818e-07,0.0002601001469884068
0.00025316333631053567,5.747480713580444e-07,0.00025891081895679235
0.000252602796535939,5.509125458047492e-07,0.000258111918810755
0.0002518394903745502,5.548795911636262e-07,0.0002573882811702788
0.0002508793550077826,5.591271587945812e-07,0.000256470637395978
0.00024969869991764426,5.784413588116877e-07,0.00025548311532475054
0.0002489269245415926,5.820921842314419e-07,0.0002547478361520916
0.00024813454365357757,5.900940323044779e-07,0.0002540354907978326
0.00024738043430261314,5.885162863705773e-07,0.00025326560717076063
0.00024660269264131784,5.840823291691777e-07,0.0002524435112718493
0.00024576729629188776,5.6635394685145e-07,0.0002514308434911072
0.0002449741878081113,5.704509362658428e-07,0.0002506786840967834
0.0002442477853037417,5.713484938496549e-07,0.0002499612746760249
0.00024355993082281202,5.708623120881384e-07,0.00024926854530349374
0.00024287796986754984,5.746809392803698e-07,0.0002486247685737908
0.00024223467335104942,5.771819360234076e-07,0.00024800648679956794
0.00024173015845008194,5.784761469840305e-07,0.0002475149231031537
0.00024101378221530467,5.904511226617615e-07,0.00024691829457879066
0.00024063899763859808,5.856763891642913e-07,0.0002464957651682198
0.00023989565670490265,5.940590881436947e-07,0.00024583624326623976
0.00023902731481939554,5.945307179899828e-07,0.00024497261620126665
0.00023819258785806596,5.99038344262226e-07,0.00024418297107331455
0.00023765953665133566,5.939878633398621e-07,0.00024359941016882658
0.00023700464225839823,5.988226234876493e-07,0.00024299287179019302
0.0002367099077673629,5.855284825884155e-07,0.00024256519100163132
0.00023605259775649756,5.886822691536509e-07,0.00024193941499106586
0.00023555323423352093,5.839024197484832e-07,0.00024139226297847927
0.0002349084970774129,5.849727813256322e-07,0.0002407582214800641
0.00023445740225724876,5.767659558841842e-07,0.0002402250684099272
0.0002341600484214723,5.768167739006458e-07,0.0002399282093392685
0.00023369297559838742,5.69817416362639e-07,0.0002393911563558504
0.00023303291527554393,5.768374649051111e-07,0.00023880129447206855
0.00023239418806042522,5.743635824728699e-07,0.00023813782900106162
0.00023192712978925556,5.714884991903091e-07,0.0002376420161454007
0.00023150314518716186,5.663164301950019e-07,0.0002371663140365854
0.00023119914112612605,5.549712227548298e-07,0.000236748848692514
0.0002309493866050616,5.451801143863122e-07,0.0002364011888857931
0.0002303560613654554,5.366860591493605e-07,0.0002357229241169989
0.00022980145877227187,5.319919864632539e-07,0.00023512137704528868
0.00022960343630984426,5.127873237142921e-07,0.0002347313129575923
0.0002290987758897245,5.016801196688903e-07,0.00023411557776853442
0.00022847650689072907,5.142511554367957e-07,0.00023361902276519686
0.00022796078701503575,5.085638576929341e-07,0.00023304641945287585
0.0002276689192513004,4.948063860865659e-07,0.00023261697788257152
0.00022731140779796988,4.902225896330492e-07,0.00023221362789627165
0.00022676507069263607,4.99801274145284e-07,0.00023176308604888618
0.00022630927560385317,4.857449766859645e-07,0.00023116671945899725
0.00022571416047867388,4.797059318661923e-07,0.00023051121388562024
0.00022521798382513225,4.654207828025392e-07,0.00022987219563219696
0.0002245844661956653,4.561807429581677e-07,0.00022914627334102988
0.00022387245553545654,4.447046535460686e-07,0.00022831950627733022
0.00022317987168207765,4.4218839434506663e-07,0.00022760176216252148
0.0002225906791863963,4.2174477243861475e-07,0.0002268081298097968
0.0002217378350906074,4.0719982052905834e-07,0.0002258098393213004
0.00022087851539254189,4.1595220068302297e-07,0.00022503803484141827
0.00022037159942556173,4.111283828933665e-07,0.00022448287927545607
0.00021964266488794237,4.098813519703981e-07,0.000223741473746486
0.00021911114163231105,4.0253695487990626e-07,0.0002231365069746971
0.00021860362903680652,3.915267825504998e-07,0.00022251889458857477
0.0002182347816415131,3.724031216734147e-07,0.00022195880592335016
0.00021773863409180194,3.766317888675985e-07,0.00022150494623929262
0.00021722215751651675,3.723805832578364e-07,0.00022094596351962537
0.00021666812244802713,3.7625883919645275e-07,0.00022043070930521935
0.00021629405091516674,3.730191338036093e-07,0.0002200242452090606
0.00021609845862258226,3.578850851226889e-07,0.00021967731299810112
0.000215664433198981,3.582459839890362e-07,0.00021924689644947648
0.00021518343419302255,3.54328449247987e-07,0.00021872672368772328
0.00021491688676178455,3.3094647733378224e-07,0.00021822635608259588
0.00021442754950840026,3.274744244663452e-07,0.0002177022979594767
0.0002138875424861908,3.382015165698249e-07,0.00021726955310441554
0.00021343925618566573,3.3496138485133997e-07,0.00021678887424059212
0.00021310265583451837,3.3789524422900286e-07,0.00021648161055054516
0.00021257612388581038,3.4511302260398224e-07,0.00021602725610136986
0.000211955004488118,3.4877098187280353e-07,0.0002154427202185616
0.00021155655849725008,3.313669196813862e-07,0.0002148702333215624
0.00021101650781929493,3.26620181567705e-07,0.00021428271429613233
0.00021037439000792801,3.3094227092078654e-07,0.00021368381567299366
0.0002095615054713562,3.4243004165546154e-07,0.0002129858039552346
0.00020911132742185146,3.3125704135272827e-07,0.00021242389630060643
0.0002085948653984815,3.375942867478443e-07,0.000211970807868056
0.00020809208217542619,3.42426375254945e-07,0.0002115163515554741
0.0002075404772767797,3.4376887469989015e-07,0.00021097816352266818
0.00020700371533166617,3.470540832495317e-07,0.0002104742598021403
0.000206509925192222,3.5303753520565806e-07,0.00021004030713811517
0.00020607837359420955,3.561046355571307e-07,0.0002096394164254889
0.00020565881277434528,3.5244661944489053e-07,0.0002091832720907405
0.00020497596415225416,3.601402909225726e-07,0.000208577373996377
0.00020457732898648828,3.632400762398902e-07,0.00020820973441004753
0.00020422360103111714,3.6436580330700963e-07,0.00020786725508514792
0.00020384920935612172,3.723096142493887e-07,0.00020757230231538415
0.0002035132929449901,3.681559519463917e-07,0.00020719485473819077
0.00020324619254097342,3.63815757964403e-07,0.00020688434597104788
0.00020282917830627412,3.622588451435149e-07,0.00020645176118705422
0.00020242440223228186,3.5901129535886867e-07,0.00020601451979018748
0.00020192054216749966,3.7141359143788577e-07,0.00020563467114698142
0.0002014149067690596,3.739367571142793e-07,0.00020515426876954734
0.0002010239113587886,3.6373370448927744e-07,0.00020466124988161027
0.00020054378546774387,3.6721303331432864e-07,0.00020421591761987656
0.00020011952437926084,3.59809547489931e-07,0.0002037176163867116
0.00019976259500253946,3.5450358382149716e-07,0.0002033076307270676
0.00019921436614822596,3.615120363065216e-07,0.0002028294838964939
0.00019874006102327257,3.556692149686569e-07,0.00020229675283189863
0.00019838147272821516,3.5190905123272387e-07,0.00020190056238789111
0.0001979382650461048,3.5493798122843145e-07,0.0002014876517932862
0.00019760489522013813,3.5440410783849075e-07,0.00020114894141443074
0.00019708344188984483,3.586787045151141e-07,0.00020067022705916315
0.00019684163271449506,3.4052771979986574e-07,0.00020024691184516996
0.00019649657770060003,3.365172176472697e-07,0.00019986175175290555
0.00019609197624959052,3.400494392735709e-07,0.00019949246780015528
0.00019570658332668245,3.3698970014484075e-07,0.0001990764867514372
0.0001953051396412775,3.3878126259878627e-07,0.00019869295647367835
0.00019483956566546112,3.3063921023313014e-07,0.00019814596453215927
0.00019447413797024637,3.196754505552235e-07,0.00019767088815569878
0.00019409199012443423,3.145109417346248e-07,0.00019723709556274116
0.00019373884424567223,3.092252143233054e-07,0.00019683109712786973
0.00019345399050507694,3.081442230268294e-07,0.00019653543131425977
0.00019330641953274608,2.95234229952257e-07,0.00019625875575002283
0.0001928493584273383,2.9549431701525464e-07,0.00019580429943744093
0.00019244334544055164,2.935568943485123e-07,0.0001953789178514853
0.0001920305221574381,2.9052182526356773e-07,0.0001949357392732054
0.00019175377383362502,2.813512196553347e-07,0.00019456728477962315
0.0001913748710649088,2.801856169298844e-07,0.000194176725926809
0.0001910998544190079,2.759177561983961e-07,0.0001938590285135433
0.0001906315010273829,2.8624324954762415e-07,0.0001934939355123788
0.00019013736164197326,2.975108372993418e-07,0.0001931124716065824
0.00018985990027431399,2.847862106136745e-07,0.0001927077682921663
0.00018946755153592676,2.8618194392038276e-07,0.00019232937484048307
0.00018901038856711239,2.9209388685558224e-07,0.00019193132175132632
0.00018853416258934885,3.0022201258361747e-07,0.00019153638277202845
0.00018816045485436916,2.989011420595489e-07,0.0001911494618980214
0.00018771279428619891,2.9763708653263166e-07,0.00019068917026743293
0.00018715843907557428,2.95098658398274e-07,0.0001901094219647348
0.00018661405192688107,3.016597815985733e-07,0.0001896306494018063
0.00018614063446875662,3.0227630531953764e-07,0.00018916340195573866
0.00018568245286587626,3.0711970566699165e-07,0.0001887536491267383
0.0001852513523772359,2.972233801301627e-07,0.00018822358106262982
0.00018484728934708983,2.9838307114005147e-07,0.00018783111590892076
0.00018436256505083293,2.93417144803243e-07,0.00018729674047790468
0.00018389539036434144,2.923831914358743e-07,0.00018681921937968582
0.00018352929328102618,2.9090696784805914e-07,0.000186438366654329
0.00018315910710953176,2.905445057876932e-07,0.00018606455705594271
0.0001827957312343642,2.9324723982426804e-07,0.00018572820408735424
0.00018246343825012445,2.9404668566712644e-07,0.00018540390010457486
0.0001820013567339629,2.92088259357115e-07,0.00018492224626243114
0.00018172594718635082,2.8745859026457765e-07,0.0001846005325205624
0.00018138140148948878,2.936037333256536e-07,0.00018431743956170976
0.0001810996764106676,2.869807644856337e-07,0.00018396948871668428
0.00018067735072690994,2.828993501680088e-07,0.00018350634491071105
0.00018053558596875519,2.696058061246731e-07,0.00018323164840694517
0.00018022519361693412,2.685256390577706e-07,0.00018291044398210943
0.00017982072313316166,2.7218607101531234e-07,0.00018254258611705154
0.00017949882021639496,2.679543911199289e-07,0.00018217836623080075
0.0001792333641787991,2.6736336167232366e-07,0.00018190700211562216
0.00017903395928442478,2.6255418106302386e-07,0.0001816595031414181
0.00017874830518849194,2.6839893507712986e-07,0.00018143228953704238
0.0001784964551916346,2.686711013666354e-07,0.00018118316074833274
0.0001783109619282186,2.662098665950907e-07,0.00018097306019626558
0.00017807551193982363,2.661809617166e-07,0.00018073731916956604
0.00017784589726943523,2.6166199518229405e-07,0.00018046252080239356
0.00017755472799763083,2.6396685370855266e-07,0.0001801944017643109
0.00017720938194543123,2.5652050794633396e-07,0.00017977459356188774
0.00017676022252999246,2.519232964459661e-07,0.00017927945009432733
0.00017643222236074507,2.515110395506781e-07,0.00017894733173307031
0.0001760886370902881,2.399272602815472e-07,0.00017848791321739554
0.00017559653497301042,2.399206380232499e-07,0.00017799573834054172
0.00017516333900857717,2.450096019401826e-07,0.00017761343042366207
0.00017478289373684675,2.4925446950874175e-07,0.0001772754330886528
0.0001745454064803198,2.4095410822155827e-07,0.00017695494170766324
0.00017416919581592083,2.3662910564326012e-07,0.00017653548275120556
0.0001739208964863792,2.3289814521376684e-07,0.0001762498723110184
0.00017371910507790744,2.2376565311788e-07,0.00017595676763448864
0.0001733964163577184,2.293318459578586e-07,0.0001756897399900481
0.00017309073882643133,2.267403829137038e-07,0.00017535814549773932
0.00017280933388974518,2.2510694464017433e-07,0.0001750603987602517
0.00017256457067560405,2.1894447854720056e-07,0.00017475400818511844
0.00017228502838406712,2.178300491095797e-07,0.0001744633336784318
0.00017205215408466756,2.11985479836585e-07,0.0001741720043355599
0.0001717738778097555,2.0963628344361496e-07,0.00017387024126946926
0.00017157095135189593,2.0883308593511174e-07,0.00017365928215440363
0.00017137265240307897,2.068474458383207e-07,0.00017344111984129995
0.0001710564538370818,2.0088666019546508e-07,0.00017306531663052738
0.0001707758055999875,1.9508476611918013e-07,0.0001727266499074176
0.00017048361769411713,1.916058636197704e-07,0.00017239968292415142
0.00017017828940879554,1.9241163329297706e-07,0.00017210240184795111
0.00016982168017420918,1.9402884277042176e-07,0.0001717619743430987
0.00016949056589510292,1.9062662204305525e-07,0.00017139683768618852
0.00016911124112084508,1.8967763537602877e-07,0.00017100801051128656
0.0001686934265308082,1.9192503941667383e-07,0.00017061267863027751
0.00016852052067406476,1.8331174089780689e-07,0.00017035363998729736
0.00016825628699734807,1.7877454183690134e-07,0.00017004403343889862
0.00016801926540210843,1.743015900501632e-07,0.00016976227925624698
0.00016781216254457831,1.6789384460480505e-07,0.00016949110431596637
0.00016751822840888053,1.7237240967915568e-07,0.00016924194642342627
0.0001673358492553234,1.6384325363105745e-07,0.0001689742784947157
0.000167054109624587,1.611664117717737e-07,0.0001686657778918743
0.00016669172327965498,1.6171591710190114e-07,0.0001683088776189834
0.00016636503278277814,1.5749820647670276e-07,0.00016794001567177474
0.00016604739357717335,1.577781318928828e-07,0.0001676251704338938
0.0001658554101595655,1.497820107942971e-07,0.00016735322424210608
0.0001654879451962188,1.56024057673676e-07,0.00016704818699508905
0.00016533539746887982,1.4476785281658522e-07,0.00016678308020345867
0.00016505902749486268,1.4459691044521605e-07,0.00016650499310344458
0.00016467411478515714,1.4599780229218595e-07,0.00016613409388810396
0.0001643749710638076,1.4779300272493856e-07,0.00016585290723014623
0.00016420226893387735,1.4781784329898073e-07,0.00016568045248277485
0.0001639283582335338,1.5594810065522324e-07,0.0001654878433328122
0.0001636528759263456,1.5386004292849975e-07,0.00016519147902727127
0.00016340837464667857,1.5301112910037773e-07,0.00016493847942911088
0.00016313484229613096,1.5526039476299047e-07,0.00016468744433950633
0.00016293086810037494,1.4908113143974333e-07,0.00016442168271169066
0.00016268623585347086,1.5282046206266386e-07,0.00016421443433500826
0.00016233723727054894,1.6429682148100255e-07,0.00016398020670749247
0.00016208444139920175,1.6014396919672436e-07,0.00016368587967008352
0.00016180773673113436,1.5951520992985024e-07,0.00016340288857463747
0.00016149970178958029,1.6379662781673687e-07,0.00016313766536768526
0.000161190124345012,1.6647609868414293e-07,0.0001628548779990524
0.00016083312220871449,1.704083132381129e-07,0.00016253720968961716
0.0001605294382898137,1.6753480736042548e-07,0.00016220478573814034
0.00016022640920709819,1.6617349274383741e-07,0.0001618881506146863
0.00015994795830920339,1.70946208299938e-07,0.00016165741544682533
0.00015959155280143023,1.7782787153919344e-07,0.0001613698259461671
0.0001593772612977773,1.7632387994126475e-07,0.00016114050231408328
0.0001591440086485818,1.7739674262884364e-07,0.0001609179744264111
0.00015893140516709536,1.6963605276032467e-07,0.00016062776558101177
0.00015865675231907517,1.6625401144665375e-07,0.00016031929408200085
0.00015842805441934615,1.6271104641418788e-07,0.00016005516226869076
0.0001582545810379088,1.6200979757741152e-07,0.00015987467486411333
0.00015801734116394073,1.620626051135332e-07,0.00015963797341100872
0.00015776343934703618,1.6347067344213428e-07,0.00015939814329613
0.00015758065273985267,1.6010648096198565e-07,0.0001591817126609385
0.00015729186998214573,1.6036469219216087e-07,0.0001588955201441422
0.00015711388550698757,1.5576861756017024e-07,0.00015867156616877764
0.0001569210144225508,1.5367196226634405e-07,0.00015845774032641202
0.00015671667642891407,1.514021334969584e-07,0.00015823070134501904
0.000156488356878981,1.5571963274396694e-07,0.00015804555732756853
0.00015622041246388108,1.566895377891342e-07,0.0001577873044880107
0.00015597089077346027,1.5719501789135393e-07,0.00015754284686408937
0.0001556891220388934,1.6247926737378293e-07,0.0001573139161337167
0.000155533169163391,1.6019437509839918e-07,0.00015713511675130576
0.00015526982315350324,1.6232937127824698e-07,0.00015689311840105802
0.0001551733585074544,1.564097544815013e-07,0.00015673745656386018
0.00015503304894082248,1.502975521816552e-07,0.00015653602895326912
0.00015485496260225773,1.528831319319579e-07,0.00015638378681614995
0.00015456756227649748,1.5928844732115977e-07,0.00015616044402122498
0.00015433314547408372,1.5642345374544675e-07,0.00015589737449772656
0.0001541835517855361,1.5122772367703874e-07,0.00015569583047181368
0.00015403598081320524,1.5055039170874807e-07,0.0001555414783069864
0.000153872519149445,1.4683763538414496e-07,0.00015534089470747858
0.00015366385923698545,1.4772581380384509e-07,0.00015514111146330833
0.00015338731463998556,1.513117240392603e-07,0.00015490043733734637
0.00015310916933231056,1.5369636230389006e-07,0.00015464612806681544
0.00015280087245628238,1.5410290643558255e-07,0.0001543419057270512
0.00015255330072250217,1.5655182039608917e-07,0.00015411882486660033
0.00015232476289384067,1.597511953832509e-07,0.00015392227214761078
0.00015212925791274756,1.5798876518147154e-07,0.00015370914479717612
0.00015195774903986603,1.5135580611058685e-07,0.0001534713082946837
0.0001518233766546473,1.434610794603941e-07,0.00015325799176935107
0.00015152797277551144,1.4776576051644952e-07,0.00015300563245546073
0.00015140784671530128,1.4112805502008996e-07,0.00015281912055797875
0.00015115660789888352,1.418650867890392e-07,0.00015257525956258178
0.00015094214177224785,1.408503607081002e-07,0.00015235065075103194
0.00015078051364980638,1.4136810477793915e-07,0.00015219418855849653
0.0001506101543782279,1.4106709045336174e-07,0.000152020831592381
0.00015046822954900563,1.332220165295439e-07,0.00015180044283624738
0.00015014888776931912,1.3577911772699736e-07,0.00015150668332353234
0.00014977293903939426,1.4285072325037618e-07,0.00015120144234970212
0.00014941903646104038,1.4816149018770375e-07,0.00015090065426193178
0.0001492980372859165,1.3808124776915065e-07,0.000150678853970021
0.00014911414473317564,1.3546741683967412e-07,0.00015046881162561476
0.000148931096191518,1.3335028370420332e-07,0.0001502646045992151
0.00014867006393615156,1.3843781232480978e-07,0.00015005444583948702
0.00014846515841782093,1.3935527931607794e-07,0.00014985870802775025
0.00014826752885710448,1.414381785025398e-07,0.00014968191680964082
0.00014807572006247938,1.429341409675544e-07,0.00014950506738387048
0.00014784408267587423,1.4537906167788606e-07,0.000149297877214849
0.00014767174434382468,1.4020905325651256e-07,0.00014907383592799306
0.0001474872842663899,1.4016417537732195e-07,0.0001488889247411862
0.00014724620268680155,1.39996615189375e-07,0.00014864616969134659
0.0001469954295316711,1.3552616451306676e-07,0.0001483506930526346
0.0001466924586566165,1.3824850952914858e-07,0.00014807494881097227
0.00014643138274550438,1.4327693520499452e-07,0.00014786414976697415
0.00014619683497585356,1.4355236999108456e-07,0.0001476323523093015
0.00014598053530789912,1.4824284733094828e-07,0.0001474629680160433
0.00014576074318028986,1.482370777239339e-07,0.00014724311768077314
0.00014547449245583266,1.4865477737657784e-07,0.00014696104335598648
0.00014523544814437628,1.464054264488368e-07,0.00014669950178358704
0.0001450586860300973,1.4289398109212925e-07,0.00014648762589786202
0.00014482808182947338,1.4592454533612909e-07,0.00014628733333665878
0.00014460680540651083,1.4441295093092776e-07,0.00014605093747377396
0.00014440604718402028,1.434886627293963e-07,0.0001458409387851134
0.0001442572829546407,1.3808985954710806e-07,0.00014563818695023656
0.00014403411478269845,1.3491487038663763e-07,0.00014538326649926603
0.00014379255298990756,1.3341286830836907e-07,0.00014512668712995946
0.0001434830919606611,1.3517909280835738e-07,0.00014483487757388502
0.00014332507271319628,1.312889423843444e-07,0.00014463796105701476
0.0001430810516467318,1.3280229893553042e-07,0.00014440907398238778
0.00014276729780249298,1.3719989055971382e-07,0.0001441392960259691
0.0001425848458893597,1.3630679518428224e-07,0.0001439479092368856
0.00014237183495424688,1.3654808128649165e-07,0.00014373731391970068
0.00014212583482731134,1.3330105730346986e-07,0.00014345884846989065
0.0001418722386006266,1.3007408483645122e-07,0.0001431729760952294
0.00014152062067296356,1.353451324348498e-07,0.0001428740652045235
0.0001412743586115539,1.2389310199978354e-07,0.00014251329412218183
0.0001410689001204446,1.2241940794410766e-07,0.00014229309454094619
0.00014084037684369832,1.264362765596161e-07,0.0001421047345502302
0.000140667543746531,1.2820041206396127e-07,0.0001419495529262349
0.00014042276598047465,1.3438105384011578e-07,0.00014176657714415342
0.0001402083580614999,1.2859524645136844e-07,0.00014149431081023067
0.00013988357386551797,1.2828721196456172e-07,0.00014116644160822034
0.00013966549886390567,1.284363975173619e-07,0.00014094986545387655
0.0001393883430864662,1.3158802403268055e-07,0.00014070422912482172
0.00013908282562624663,1.334473864744723e-07,0.00014041729446034878
0.22576124966144562,0.018216565251350403,0.40792691707611084
0.0959315225481987,0.011797583661973476,0.2139073610305786
0.05357000604271889,0.008363673463463783,0.13720673322677612
0.03795953840017319,0.0075196754187345505,0.11315629631280899
0.033335983753204346,0.0073047117330133915,0.10638310015201569
0.02520623244345188,0.0069921729154884815,0.09512796252965927
0.01711122691631317,0.00682665454223752,0.0853777751326561
0.012375947088003159,0.006601265631616116,0.07838860154151917
0.01409928873181343,0.005413770209997892,0.06823699176311493
0.015311026014387608,0.0034792448859661818,0.05010347440838814
0.009073601104319096,0.0025460352189838886,0.03453395143151283
0.006458906456828117,0.002430687891319394,0.03076578490436077
0.005187900736927986,0.00239091576077044,0.0290970578789711
0.004415744915604591,0.002377839293330908,0.028194138780236244
0.0037855482660233974,0.002372385933995247,0.027509408071637154
0.003354644402861595,0.0023711128160357475,0.02706577256321907
0.002970279660075903,0.002361156279221177,0.026581842452287674
0.002705153077840805,0.002347123809158802,0.026176391169428825
0.0024833562783896923,0.002333494834601879,0.02581830509006977
0.0023113456554710865,0.002319038612768054,0.025501731783151627
0.002169084269553423,0.0023114511277526617,0.02528359554708004
0.002097757998853922,0.0022994314786046743,0.025092072784900665
0.0019686438608914614,0.0022865065839141607,0.024833710864186287
0.0018854755908250809,0.0022630912717431784,0.024516388773918152
0.0019259913824498653,0.002231474034488201,0.024240732192993164
0.0019291560165584087,0.0021834680810570717,0.023763837292790413
0.002110869623720646,0.0021030153147876263,0.02314102277159691
0.002208872465416789,0.0020007442217320204,0.02221631444990635
0.002553867641836405,0.0018509372603148222,0.021063240244984627
0.002895728452131152,0.0016946441028267145,0.01984216831624508
0.0037303362041711807,0.001433146302588284,0.018061798065900803
0.004284158814698458,0.0012191410642117262,0.01647556945681572
0.004592900164425373,0.0009459789143875241,0.01405268907546997
0.0050596571527421474,0.0006442463491111994,0.011502120643854141
0.004845053423196077,0.000373464310541749,0.008579696528613567
0.004217040259391069,0.00020810458227060735,0.006298086140304804
0.0032054814510047436,0.00012543299817480147,0.004459811374545097
0.0025604101829230785,8.202432218240574e-05,0.0033806534484028816
0.0021301768720149994,6.287024734774604e-05,0.0027588792145252228
0.0017880956875160336,5.309466359904036e-05,0.0023190423380583525
0.0015282593667507172,4.438464384293184e-05,0.0019721058197319508
0.0013230547774583101,3.751849726540968e-05,0.0016982397064566612
0.0011947184102609754,3.4351294743828475e-05,0.0015382313868030906
0.001124875620007515,3.2145129807759076e-05,0.0014463269617408514
0.0010741414735093713,2.8885204301332124e-05,0.0013629934983327985
0.0010167865548282862,2.577314808149822e-05,0.0012745179701596498
0.0009833412477746606,2.366163971601054e-05,0.0012199576012790203
0.0009510770905762911,2.1457250113599002e-05,0.0011656496208161116
0.0009106710203923285,1.9084898667642847e-05,0.0011015200288966298
0.0008764927624724805,1.6783526007202454e-05,0.0010443279752507806
0.0008382647065445781,1.3798508916806895e-05,0.0009762498084455729
0.0008042037370614707,1.1561716746655293e-05,0.0009198209154419601
0.000776158703956753,1.0673960787244141e-05,0.0008828983409330249
0.0007442116620950401,9.406270692124963e-06,0.0008382743690162897
0.0007075088215060532,8.129696652758867e-06,0.0007888057734817266
0.0006832027575001121,7.128540346457157e-06,0.0007544881664216518
0.0006564304931089282,6.5508406805747654e-06,0.0007219389081001282
0.0006312674377113581,5.894100922887446e-06,0.0006902084569446743
0.0006055085104890168,5.314218014973449e-06,0.0006586507079191506
0.0005854029441252351,4.9865029723150656e-06,0.0006352679920382798
0.0005683994968421757,4.57075748272473e-06,0.000614107062574476
0.0005546655738726258,3.9765982364770025e-06,0.000594431534409523
0.0005327402614057064,3.8124449019960593e-06,0.0005708647076971829
0.0005159274442121387,3.7099357541592326e-06,0.0005530267953872681
0.0004980282974429429,3.39377857017098e-06,0.0005319660995155573
0.0004865140072070062,2.9518666906369617e-06,0.0005160326836630702
0.0004719138378277421,2.7665560082823504e-06,0.0004995794151909649
0.0004576375358738005,2.3945976863615215e-06,0.00048158352728933096
0.0004421139892656356,2.3423065158567624e-06,0.00046553704305551946
0.0004284285241737962,2.198014954046812e-06,0.0004504086682572961
0.0004123302351217717,2.0526945263554808e-06,0.00043285719584673643
0.00039924526936374605,2.0167590264463797e-06,0.00041941285599023104
0.0003883690806105733,2.1044181721663335e-06,0.0004094132746104151
0.00037952366983518004,1.9862338831444504e-06,0.0003993860154878348
0.0003700496454257518,1.9655353753478266e-06,0.0003897050046361983
0.00036079008714295924,1.8904115677287336e-06,0.0003796942182816565
0.0003509144007693976,1.8044788703264203e-06,0.0003689591831061989
0.0003424068563617766,1.7478840845797095e-06,0.00035988568561151624
0.00033541550510562956,1.747842588883941e-06,0.0003528939269017428
0.00032912337337620556,1.7371918374919915e-06,0.00034649530425667763
0.0003239249053876847,1.6374751794501208e-06,0.0003402996517252177
0.0003169186820741743,1.6075408666438307e-06,0.0003329940955154598
0.0003127442905679345,1.5281927971955156e-06,0.0003280262171756476
0.0003084162308368832,1.5280347724910825e-06,0.0003236965858377516
0.0003032269887626171,1.5098617041076068e-06,0.0003183256194461137
0.0002988869964610785,1.459087570765405e-06,0.00031347788171842694
0.0002933689102064818,1.433000193173939e-06,0.00030769890872761607
0.0002869981399271637,1.331773432866612e-06,0.0003003158781211823
0.0002832040481735021,1.2490033896028763e-06,0.0002956940734293312
0.00027758372016251087,1.2216155482747126e-06,0.0002897998783737421
0.0002733358123805374,1.2080466831321246e-06,0.00028541628853417933
0.00026890364824794233,1.2374248399282806e-06,0.00028127789846621454
0.000266011047642678,1.1710252465491067e-06,0.00027772129396907985
0.00026328724925406277,1.184570692203124e-06,0.00027513294480741024
0.000259257823927328,1.1594395346037345e-06,0.00027085220790468156
0.00025530860875733197,1.1278521014901344e-06,0.0002665871288627386
0.00025074873701669276,1.1501665539981332e-06,0.0002622503961902112
0.0002467558078933507,1.1719342865035287e-06,0.0002584751637186855
0.00024363350530620664,1.2144796528446022e-06,0.0002557783154770732
0.00024075004330370575,1.2064303973602364e-06,0.000252814352279529
0.0002381352096563205,1.183312065222708e-06,0.00024996831780299544
0.00023548655735794455,1.1498062804093934e-06,0.00024698462220840156
0.00023223611060529947,1.1701913535944186e-06,0.00024393801868427545
0.00023031192540656775,1.109671075028018e-06,0.00024140863388311118
0.00022817013086751103,1.1185511539224535e-06,0.00023935563513077796
0.00022593667381443083,1.1397755770303775e-06,0.0002373344323132187
0.00022320967400446534,1.1308876537441392e-06,0.00023451854940503836
0.00022092789004091173,1.1029451343347318e-06,0.00023195733956526965
0.00021852766803931445,1.0854253105208045e-06,0.00022938192705623806
0.00021739279327448457,1.0625171853462234e-06,0.000228017961489968
0.00021659955382347107,1.0322835350962123e-06,0.00022692239144816995
0.00021496895351447165,1.0058420230052434e-06,0.00022502736828755587
0.00021358250523917377,9.863258583209245e-07,0.00022344576427713037
0.0002120542776538059,9.285529358749045e-07,0.00022133981110528111
0.0002109106135321781,8.918209459807258e-07,0.00021982882753945887
0.00020959757966920733,8.774117077336996e-07,0.0002183717006118968
0.00020848035637754947,8.595328608862474e-07,0.00021707569248974323
0.00020736501028295606,8.391240271521383e-07,0.00021575625578407198
0.00020621147996280342,8.163056577359384e-07,0.00021437453688122332
0.0002046036097453907,8.074119932643953e-07,0.00021267772535793483
0.00020317488815635443,8.236683015638846e-07,0.00021141157776582986
0.0002020081301452592,8.002496088010957e-07,0.0002100106212310493
0.00020058271184097975,7.807540214344044e-07,0.00020839025091845542
0.00019902082567568868,7.741120953141944e-07,0.00020676194981206208
0.00019812950631603599,7.520300755459175e-07,0.00020564980513881892
0.00019722836441360414,7.240025183818943e-07,0.00020446839334908873
0.0001963365648407489,7.002974484748847e-07,0.0002033395430771634
0.00019547382544260472,6.936048748684698e-07,0.00020240987942088395
0.0001943535462487489,6.744172083017475e-07,0.00020109771867282689
0.00019310864445287734,6.610731588807539e-07,0.0001997193758143112
0.00019155445625074208,6.724141030645114e-07,0.0001982785906875506
0.00019035449076909572,6.674024461972294e-07,0.00019702850840985775
0.00018937034474220127,6.493593218692695e-07,0.00019586393318604678
0.00018831106717698276,6.327990149657126e-07,0.00019463905482552946
0.00018740797531791031,6.203990778885782e-07,0.0001936119660967961
0.00018628676480147988,6.233043450265541e-07,0.00019251980120316148
0.00018541050667408854,6.187949566083262e-07,0.00019159846124239266
0.0001845299411797896,6.18750505054777e-07,0.00019071744463872164
0.00018372532213106751,6.264563694458047e-07,0.000189989892533049
0.00018307799473404884,6.067651838748134e-07,0.00018914564861916006
0.0001820986217353493,6.003150474498398e-07,0.00018810176698025316
0.00018111165263690054,5.911377911616e-07,0.00018702303350437433
0.00018064334290102124,5.522884407582751e-07,0.0001861662312876433
0.00017992818902712315,5.57065334305662e-07,0.00018549883679952472
0.00017932598711922765,5.413012331700884e-07,0.00018473899399396032
0.00017833382298704237,5.229227326708497e-07,0.000183563053724356
0.00017729753744788468,5.018786737309711e-07,0.00018231631838716567
0.00017661637684796005,5.08672940213728e-07,0.0001817031006794423
0.00017601600848138332,5.081484459878993e-07,0.00018109749362338334
0.0001754860277287662,5.017146804675576e-07,0.0001805031788535416
0.00017495591600891203,4.972515057488636e-07,0.00017992843640968204
0.00017417391063645482,4.931618491355039e-07,0.0001791055256035179
0.00017343359650112689,4.887668865194428e-07,0.0001783212646842003
0.00017280464817304164,4.742851444916596e-07,0.00017754749569576234
0.0001721966837067157,4.741175416711485e-07,0.00017693785775918514
0.00017172751540783793,4.7340358833025675e-07,0.00017646154446993023
0.00017107283929362893,4.7544614290018217e-07,0.00017582729924470186
0.00017054026830010116,4.6814531629024714e-07,0.00017522172129247338
0.00017010765441227704,4.63311152998358e-07,0.00017474076594226062
0.00016956838953774422,4.635153914023249e-07,0.00017420353833585978
0.00016892713028937578,4.574025638248713e-07,0.0001735011610435322
0.0001682219299254939,4.6247987484093755e-07,0.00017284673231188208
0.00016741883882787079,4.650303253583843e-07,0.00017206913616973907
0.00016672101628500968,4.551082497528114e-07,0.00017127209866885096
0.00016631276230327785,4.435416940395953e-07,0.00017074818606488407
0.0001658556575421244,4.3432709162516403e-07,0.00017019892402458936
0.00016532200970686972,4.3046668452007e-07,0.00016962666995823383
0.00016470956325065345,4.19511025029351e-07,0.0001689046766841784
0.00016414752462878823,4.1958585939028126e-07,0.00016834338020998985
0.00016351151862181723,4.25486462063418e-07,0.00016776638221926987
0.0001631752820685506,4.1426983443670906e-07,0.00016731797950342298
0.00016282417345792055,3.9870258206065046e-07,0.00016681119450367987
0.00016245516599155962,3.919462301382737e-07,0.00016637462249491364
0.00016212573973461986,3.8969332649685384e-07,0.00016602266987320036
0.00016171250899787992,3.852367171930382e-07,0.00016556488117203116
0.00016138117644004524,3.8193999785107735e-07,0.000165200573974289
0.000161053249030374,3.747485095573211e-07,0.00016480073099955916
0.0001607510494068265,3.6692043181574263e-07,0.00016442025662399828
0.0001604992721695453,3.642423962446628e-07,0.00016414168931078166
0.00016026610683184117,3.6163800132271717e-07,0.000163882490596734
0.00016000642790459096,3.5713793522518245e-07,0.00016357780259568244
0.00015960111340973526,3.535671453391842e-07,0.00016313677770085633
0.0001590907049831003,3.589904622458562e-07,0.00016268060426227748
0.00015875700046308339,3.5472794479574077e-07,0.0001623042771825567
0.00015836920647416264,3.4904667245427845e-07,0.0001618596725165844
0.00015783673734404147,3.5552119470594334e-07,0.00016139194485731423
0.00015742033428978175,3.561072503543983e-07,0.00016098140622489154
0.00015717081259936094,3.4787257163770846e-07,0.0001606495352461934
0.00015676430484745651,3.543767661540187e-07,0.00016030807455535978
0.0001562373508932069,3.552245573246182e-07,0.00015978958981577307
0.00015598360914736986,3.4217043776152423e-07,0.00015940531739033759
0.0001555378985358402,3.4489511335777934e-07,0.00015898684796411544
0.00015523201727773994,3.42610348980088e-07,0.00015865812019910663
0.00015498018183279783,3.3498821494504227e-07,0.00015833006182219833
0.0001546975690871477,3.295103851996828e-07,0.00015799267566762865
0.00015437892579939216,3.254590410506353e-07,0.00015763351984787732
0.0001540347293484956,3.226281251045293e-07,0.00015726100536994636
0.0001535855990368873,3.347566917000222e-07,0.00015693316527176648
0.00015333604824263602,3.2769457902759314e-07,0.00015661299403291196
0.00015306210843846202,3.1921760523800913e-07,0.0001562542893225327
0.00015261855151038617,3.176764664658549e-07,0.00015579532191623002
0.00015228689881041646,3.109090584985097e-07,0.00015539598825853318
0.0001518668868811801,3.1550536050417577e-07,0.00015502194582950324
0.00015153373533394188,3.0923376925784396e-07,0.00015462607552763075
0.00015128165250644088,2.9806773227392114e-07,0.0001542623358545825
0.00015085180348251015,3.0555906960216817e-07,0.0001539074000902474
0.00015051563968881965,3.0934182859709836e-07,0.00015360905672423542
0.00015021050057839602,3.073405423492659e-07,0.0001532839087303728
0.00014989424380473793,3.0476101642307185e-07,0.0001529418514110148
0.00014956820814404637,3.0162149755597056e-07,0.00015258442726917565
0.00014932379417587072,2.9400342782537336e-07,0.0001522638340247795
0.0001490642171120271,2.883846264012391e-07,0.00015194805746432394
0.00014872822794131935,2.85726713400436e-07,0.00015158549649640918
0.00014833953173365444,2.912465220106242e-07,0.00015125199570320547
0.00014801985525991768,2.896610453717585e-07,0.000150916472193785
0.00014770147390663624,2.889665609018266e-07,0.00015059113502502441
0.00014747366367373616,2.912128138632397e-07,0.00015038579294923693
0.00014715007273480296,2.930616460616875e-07,0.00015008068294264376
0.00014694262063130736,2.9152374736440834e-07,0.000149857864016667
0.00014665718481410295,2.9532699841183785e-07,0.00014961045235395432
0.00014646536146756262,2.868700903491117e-07,0.00014933406782802194
0.00014628162898588926,2.7877828756572853e-07,0.00014906941214576364
0.00014603015733882785,2.792314717225963e-07,0.00014882246614433825
0.0001455861929571256,2.872840241252561e-07,0.0001484590320615098
0.00014524681319016963,2.899978426285088e-07,0.00014814679161645472
0.00014493803610093892,2.8754917025253235e-07,0.00014781352365389466
0.0001445608795620501,2.92433355753019e-07,0.00014748521789442748
0.00014427602582145482,2.905841256506392e-07,0.00014718186866957694
0.00014398590428754687,2.859693211121339e-07,0.00014684560301247984
0.00014356273459270597,2.877531812828238e-07,0.00014644025941379368
0.00014329177793115377,2.8426512699297746e-07,0.00014613443636335433
0.00014303222997114062,2.8496145887402236e-07,0.00014588184421882033
0.0001428544637747109,2.8497714765762794e-07,0.00014570423809345812
0.0001426100789103657,2.8511530558716913e-07,0.00014546123566105962
0.00014243766781874,2.7732420448955963e-07,0.00014521091361530125
0.00014210196968633682,2.8099628934796783e-07,0.00014491192996501923
0.00014181990991346538,2.8300127041802625e-07,0.00014464992273133248
0.00014182169979903847,2.827796947713068e-07,0.00014464950072579086
0.0001417063467670232,2.7759747922573297e-07,0.00014448232832364738
0.00014154320524539798,2.738511284405831e-07,0.00014428171562030911
0.000141338532557711,2.758514767720044e-07,0.00014409705181606114
0.00014118957915343344,2.761566975095775e-07,0.0001439511397620663
0.00014100551197770983,2.774517895431927e-07,0.00014378002379089594
0.0001408648386131972,2.782324486361176e-07,0.00014364716480486095
0.0001406077208230272,2.791146016534185e-07,0.00014339886547531933
0.00014037935761734843,2.7365857135919214e-07,0.00014311594713944942
0.00014013134932611138,2.7745153374780784e-07,0.00014290586113929749
0.00013994383334647864,2.7591414664129843e-07,0.0001427029783371836
0.0001397147570969537,2.780741397145903e-07,0.00014249549712985754
0.00013946944091003388,2.7529057433639537e-07,0.00014222234312910587
0.00013928720727562904,2.7196068685952923e-07,0.00014200681471265852
0.000139036332257092,2.717697498155758e-07,0.00014175403339322656
0.00013863298227079213,2.7605935315477836e-07,0.00014139358245301992
0.0001383766793878749,2.80032850241696e-07,0.00014117700629867613
0.00013819675950799137,2.7684410497386125e-07,0.00014096520317252725
0.00013791656238026917,2.7767757160290785e-07,0.0001406933442922309
0.00013759433932136744,2.860695076378761e-07,0.00014045502757653594
0.00013736225082539022,2.856975811482698e-07,0.00014021922834217548
0.00013714490341953933,2.866749184704531e-07,0.00014001165982335806
0.00013684002624358982,2.9175427584959834e-07,0.00013975756883155555
0.0001366611395496875,2.940434740139608e-07,0.00013960157230030745
0.00013652260531671345,2.8989103384446935e-07,0.00013942152145318687
0.00013642519479617476,2.8332945589681913e-07,0.00013925849634688348
0.0001362317125312984,2.8166292054265796e-07,0.0001390483375871554
0.00013604486593976617,2.8115726991018164e-07,0.00013885644148103893
0.00013589506852440536,2.7906034461011586e-07,0.00013868567475583404
0.00013567264250013977,2.836033274888905e-07,0.00013850867981091142
0.0001355426065856591,2.8551596642500954e-07,0.0001383977651130408
0.00013536047481466085,2.8473496627157147e-07,0.00013820781896356493
0.0001352332765236497,2.8472325652728614e-07,0.00013808050425723195
0.00013506530376616865,2.877328029171622e-07,0.00013794262486044317
0.00013489497359842062,2.9077187946313643e-07,0.0001378026936436072
0.0001347431680187583,2.931009817075392e-07,0.00013767417112831026
0.0001345808559563011,2.893833936923329e-07,0.0001374746934743598
0.0001344061311101541,2.8915059147038846e-07,0.00013729764032177627
0.00013422341726254672,2.9270327672747953e-07,0.00013715044769924134
0.00013407871301751584,2.907420082465251e-07,0.00013698612747248262
0.00013394946290645748,2.8770611493200704e-07,0.0001368265220662579
0.0001337791618425399,2.8673812835222634e-07,0.00013664654397871345
0.00013364094775170088,2.8253657546883915e-07,0.00013646631850861013
0.00013346689229365438,2.786314894365205e-07,0.0001362532057100907
0.00013319842400960624,2.7669659630191745e-07,0.00013596538337878883
0.0001329735532635823,2.767461637631641e-07,0.00013574102194979787
0.00013280563871376216,2.744783387242933e-07,0.00013555042096413672
0.0001326619676547125,2.67873701886856e-07,0.0001353406987618655
0.00013241657870821655,2.690114513370645e-07,0.00013510668941307813
0.00013226253213360906,2.634754707742104e-07,0.00013489728735294193
0.00013201696856413037,2.6494092253415147e-07,0.0001346663775620982
0.00013176539505366236,2.713647972996114e-07,0.0001344790362054482
0.00013163546100258827,2.644970322762674e-07,0.00013428043166641146
0.0001314187393290922,2.6102810579686775e-07,0.00013402901822701097
0.00013121064694132656,2.645689960445452e-07,0.00013385633064899594
0.00013103631499689072,2.6662624463824613e-07,0.000133702575112693
0.0001308422943111509,2.701337677990523e-07,0.0001335436390945688
0.00013066227256786078,2.671798995379504e-07,0.00013333407696336508
0.0001304641191381961,2.643686514147703e-07,0.0001331078092334792
0.0001302073069382459,2.6557367505120055e-07,0.00013286304601933807
0.00013004725042264909,2.632006328440184e-07,0.0001326792553300038
0.00012984602653887123,2.6750299753075524e-07,0.00013252106145955622
0.00012968813825864345,2.6679509801397217e-07,0.00013235608639661223
0.00012951497046742588,2.6669283670344157e-07,0.00013218189997132868
0.00012943381443619728,2.5952036253329425e-07,0.00013202901754993945
0.00012935296399518847,2.5358417587995064e-07,0.00013188880984671414
0.0001292324741370976,2.448835516588588e-07,0.00013168131408747286
0.00012895492545794696,2.4658345409989124e-07,0.00013142076204530895
0.00012870843056589365,2.445810878271004e-07,0.0001311542437179014
0.00012856921239290386,2.414349751234113e-07,0.0001309835643041879
0.00012835820962209255,2.399607410552562e-07,0.00013075782044325024
0.00012817543756682426,2.3637269919163373e-07,0.0001305391633650288
0.00012799921387340873,2.385562538620434e-07,0.00013038478209637105
0.00012777344090864062,2.385354207490309e-07,0.00013015879085287452
0.00012753585178870708,2.419464237846114e-07,0.00012995531142223626
0.00012739414523821324,2.400269920599385e-07,0.0001297944108955562
0.0001272436638828367,2.379517383133134e-07,0.00012962317850906402
0.00012708947178907692,2.3418169803335331e-07,0.00012943128240294755
0.00012693148164544255,2.296542476187824e-07,0.00012922802125103772
0.00012674235040321946,2.2652628217656456e-07,0.00012900761794298887
0.00012657901970669627,2.228509572432813e-07,0.00012880752910859883
0.00012636119208764285,2.2492488938041788e-07,0.00012861043796874583
0.00012612578575499356,2.2888247031005449e-07,0.0001284146128455177
0.0001259402633877471,2.2962123580327898e-07,0.00012823648285120726
0.00012566603254526854,2.3314038344324217e-07,0.00012799743853975087
0.00012549181701615453,2.2890228024152748e-07,0.00012778083328157663
0.000125275066238828,2.293429588462459e-07,0.0001275684917345643
0.00012516204151324928,2.1854991416603298e-07,0.00012734753545373678
0.00012500208686105907,2.133806589199594e-07,0.00012713589239865541
0.0001247989566763863,2.108015593194068e-07,0.00012690697622019798
0.0001246928150067106,2.0594728766809567e-07,0.00012675228936132044
0.00012454444367904216,2.0337206763088034e-07,0.0001265781611436978
0.00012435161625035107,2.0070456230314448e-07,0.0001263586600543931
0.0001242013240698725,1.9606886780820787e-07,0.0001261620200239122
0.000124053331092,1.8951610059048107e-07,0.00012594848521985114
0.0001238807599293068,1.8699195436511218e-07,0.00012575068103615195
0.00012372113997116685,1.818125099362078e-07,0.00012553927081171423
0.00012352480553090572,1.792655694998757e-07,0.00012531745596788824
0.00012325361603870988,1.7877511027108994e-07,0.00012504136248026043
0.0001230735215358436,1.7528959972423763e-07,0.00012482641614042222
0.0001229042245540768,1.7392758877576853e-07,0.00012464349856600165
0.0001226925669470802,1.7480270741998538e-07,0.00012444060121197253
0.00012253026943653822,1.707496153358079e-07,0.00012423776206560433
0.00012234595487825572,1.7149622522083519e-07,0.000124060912639834
0.00012213857553433627,1.7230382809430012e-07,0.00012386160960886627
0.00012200915807625279,1.691845739060227e-07,0.0001237010001204908
0.0001218393153976649,1.7024021303768677e-07,0.00012354171485640109
0.00012165044608991593,1.6578366057729e-07,0.00012330828758422285
0.00012143232743255794,1.6539247837954463e-07,0.00012308625446166843
0.00012120836618123576,1.6470310981731018e-07,0.00012285540287848562
0.00012103222979931161,1.6367683031148772e-07,0.00012266899284441024
0.00012079421867383644,1.6533576285837626e-07,0.0001224475709022954
0.00012061974848620594,1.6189054008464154e-07,0.00012223864905536175
0.00012045164476148784,1.5973310496519844e-07,0.00012204897939227521
0.00012023974704788998,1.595941654386479e-07,0.00012183569197077304
0.00012007376790279523,1.6206973896260024e-07,0.00012169446563348174
0.0001198289537569508,1.673467551199792e-07,0.00012150242400821298
0.00011965968587901443,1.6344166908766056e-07,0.0001212941060657613
0.00011952939530601725,1.5737828107376117e-07,0.00012110317766200751
0.0001192889321828261,1.6037074601626955e-07,0.0001208926405524835
0.00011914679635083303,1.591085379004653e-07,0.00012073788093402982
0.00011900202662218362,1.570489871483005e-07,0.00012057251296937466
0.00011883858678629622,1.5424797084051534e-07,0.00012038106797263026
0.00011867722787428647,1.5338392245212162e-07,0.00012021106522297487
0.00011848759459098801,1.543290863992297e-07,0.00012003088340861723
0.00011832672316813841,1.522081163329858e-07,0.00011984880256932229
0.00011816659389296547,1.5064478020576644e-07,0.00011967304453719407
0.00011798530613305047,1.5198943970062828e-07,0.00011950520274695009
0.0001178431193693541,1.5396564378988842e-07,0.00011938277748413384
0.00011768190597649664,1.5196089009350544e-07,0.00011920151155209169
0.0001174966455437243,1.5275915643542248e-07,0.00011902424012077972
0.00011729676771210507,1.5565861133381986e-07,0.00011885335698025301
0.00011710268154274672,1.5732226188447385e-07,0.00011867590365000069
0.00011696305591613054,1.5815533060958842e-07,0.00011854460899485275
0.0001168458184110932,1.5896696936579247e-07,0.00011843549145851284
0.00011663213081192225,1.6268879221570387e-07,0.00011825902038253844
0.0001164759014500305,1.6178920247966744e-07,0.00011809379066107795
0.00011636999988695607,1.5629576921583066e-07,0.00011793295561801642
0.00011621256271610036,1.547635690712923e-07,0.00011776019528042525
0.00011605754843913019,1.5660623375879368e-07,0.0001176236110040918
0.00011587757035158575,1.5837991895750747e-07,0.00011746137170121074
0.00011573899973882362,1.5857216340009472e-07,0.00011732472194125876
0.00011555473611224443,1.575577073253953e-07,0.00011713031562976539
0.00011537600948940963,1.5801062147602352e-07,0.00011695611465256661
0.00011525324953254312,1.5997881064322428e-07,0.00011685303616104648
0.00011510019248817116,1.5938314845698187e-07,0.00011669402738334611
0.0001149741729022935,1.560019882163033e-07,0.00011653419642243534
0.00011479288514237851,1.578114847688994e-07,0.00011637099669314921
0.0001145934293163009,1.5739891523480765e-07,0.00011616741539910436
0.00011441380047472194,1.5534276087691978e-07,0.00011596722470130771
0.0001142711189459078,1.5020674482002505e-07,0.00011577318946365267
0.00011407658166717738,1.5187664814675372e-07,0.0001155953505076468
0.00011395313049433753,1.48185478110463e-07,0.0001154349884018302
0.00011376579641364515,1.5136018305383914e-07,0.0001152793993242085
0.00011366143735358492,1.463760668229952e-07,0.00011512519995449111
0.00011352670844644308,1.4660292890766868e-07,0.0001149927411461249
0.0001133964688051492,1.459204383991164e-07,0.00011485567665658891
0.00011323773651383817,1.473082420488936e-07,0.00011471081961644813
0.0001130922173615545,1.50050865954654e-07,0.00011459272354841232
0.00011297260061837733,1.489932373033298e-07,0.00011446253483882174
0.00011283512139925733,1.4850978402591863e-07,0.00011432021710788831
0.00011273700511083007,1.4795412539569952e-07,0.00011421654926380143
0.00011257844016654417,1.4908641787769739e-07,0.0001140693057095632
0.00011242079926887527,1.530526105852914e-07,0.00011395132605684921
0.00011230514792259783,1.5101289818630903e-07,0.00011381528020137921
0.00011218251165701076,1.474148234592576e-07,0.0001136566570494324
0.00011203462054254487,1.4803313774791604e-07,0.00011351495049893856
0.00011186246410943568,1.4769059930586081e-07,0.00011333936708979309
0.00011175501276738942,1.441827350845415e-07,0.00011319683835608885
0.00011161963630001992,1.4076215393288294e-07,0.00011302725761197507
0.00011145630560349673,1.423930768851278e-07,0.00011288023961242288
0.00011135367822134867,1.3946893773209013e-07,0.00011274837015662342
0.00011123110016342252,1.376584748413734e-07,0.00011260768224019557
0.00011101442214567214,1.4160630712467537e-07,0.00011243048356845975
0.0001108094074879773,1.4134735693005496e-07,0.00011222287866985425
0.00011065215221606195,1.4104428203154384e-07,0.00011206259659957141
0.00011049507884308696,1.4089245325976663e-07,0.00011190400255145505
0.00011032592010451481,1.4044724139239406e-07,0.00011173039092682302
0.00011016346979886293,1.4141213000584685e-07,0.00011157758854096755
0.00011001843813573942,1.4048384855414042e-07,0.00011142328003188595
0.00010988095891661942,1.3747185789725336e-07,0.00011125567834824324
0.00010975063923979178,1.3625840722397697e-07,0.00011111322237411514
0.00010964377725031227,1.3589323089036043e-07,0.00011100270785391331
0.00010951639706036076,1.3676810795004712e-07,0.00011088408064097166
0.0001094033577828668,1.3325325198820792e-07,0.00011073589121224359
0.00010921942885033786,1.342753535027441e-07,0.00011056218500016257
0.00010907543764915317,1.336349129132941e-07,0.00011041178368031979
0.00010898491746047512,1.2996331122394622e-07,0.00011028454900952056
0.00010881996422540396,1.3028520129410026e-07,0.00011012281902367249
0.0001086057091015391,1.326452263583633e-07,0.00010993215983035043
0.00010847242083400488,1.3060707715339959e-07,0.00010977849160553887
0.00010828596714418381,1.341285837952455e-07,0.00010962725355057046
0.00010814372944878414,1.348826828007077e-07,0.00010949255374725908
0.0001079763169400394,1.3457477621159342e-07,0.00010932206350844353
0.00010787935025291517,1.2919745984163455e-07,0.0001091713274945505
0.00010777734860312194,1.2882462385732651e-07,0.00010906559327850118
0.00010763564932858571,1.2784883551830717e-07,0.00010891413694480434
0.00010757152631413192,1.236128213122356e-07,0.00010880765330512077
0.0001074716928997077,1.2181600084204547e-07,0.00010868985555134714
0.0001072813684004359,1.2501291735134146e-07,0.00010853149433387443
0.00010721739090513438,1.2117780556764046e-07,0.00010842917254194617
0.00010713662049965933,1.1666747923300136e-07,0.0001083032984752208
0.0001070477519533597,1.1494054774630058e-07,0.00010819715680554509
0.00010695922537706792,1.1086325457654311e-07,0.00010806785576278344
0.0001068335332092829,1.0792727778152766e-07,0.00010791280510602519
0.00010668490722309798,1.0854230936274689e-07,0.00010777032730402425
0.00010657533857738599,1.0851867671135551e-07,0.00010766052582766861
0.00010644479334587231,1.0627151425524062e-07,0.00010750750516308472
0.00010635490616550669,1.0036548303560267e-07,0.00010735855903476477
0.00010620972898323089,1.0139417838672671e-07,0.00010722367005655542
0.0001061004659277387,1.0020562513091136e-07,0.00010710252536227927
0.0001059230780811049,1.0243466164183701e-07,0.00010694742377381772
0.00010579542868072167,1.007936063501802e-07,0.0001068033670890145
0.00010566234414000064,1.0151836704608286e-07,0.0001066775294020772
0.00010549327998887748,1.0311693188214122e-07,0.00010652445052983239
0.00010531171574257314,1.0350026968808379e-07,0.00010634672071319073
0.00010511057189432904,1.0547849171871349e-07,0.0001061653601936996
0.00010494098387425765,1.0368564318241624e-07,0.00010597783693810925
0.0001048120902851224,1.0258491300874084e-07,0.00010583794210106134
0.00010463312355568632,1.0364190927703021e-07,0.00010566954006208107
0.00010448047396494076,1.0459424970576947e-07,0.00010552641469985247
0.00010436902812216431,9.991163096856326e-08,0.00010536814806982875
0.00010422729246784002,9.795554234415249e-08,0.00010520684736547992
0.0001041014475049451,9.887706653444184e-08,0.00010509022104088217
0.00010395820572739467,9.946329981858071e-08,0.00010495283640921116
0.00010384593770140782,9.61768620300063e-08,0.00010480770288268104
0.00010370778909418732,9.494662833731127e-08,0.00010465725790709257
0.0001035141249303706,9.783287424625087e-08,0.0001044924501911737
0.00010338610445614904,9.7650016073203e-08,0.00010436260345159099
0.00010316866973880678,1.0188771426555832e-07,0.00010418754391139373
0.0001029237246257253,1.0686172657869975e-07,0.00010399234452052042
0.00010277885303366929,1.0308565379091306e-07,0.0001038097107084468
0.00010263641161145642,1.0267469718883149e-07,0.00010366315837018192
0.00010251870844513178,1.015132653492401e-07,0.00010353384277550504
0.00010234805813524872,1.0466226285643643e-07,0.00010339468281017616
0.00010219012619927526,1.0309899778349063e-07,0.00010322111484128982
0.00010201668919762596,1.0322043664245939e-07,0.0001030488929245621
0.00010186877625528723,1.0322376198246275e-07,0.00010290101636201143
0.00010170103632844985,1.0639224257147362e-07,0.0001027649559546262
0.000101577075838577,1.0619782386811494e-07,0.00010263905278407037
0.00010147458669962361,1.0563621088977015e-07,0.00010253094660583884
0.00010138799552805722,1.0490693114206806e-07,0.00010243706492474303
0.0001012314241961576,1.0800454219861422e-07,0.00010231146734440699
0.00010112860763911158,1.068620534283582e-07,0.0001021972275339067
0.00010098768689204007,1.0904342673256906e-07,0.00010207812010776252
0.0001008670951705426,1.0818096995990345e-07,0.00010194890637649223
0.00010074578312924132,1.0428091457015398e-07,0.00010178859520237893
0.0001005931626423262,1.0490934698736964e-07,0.00010164225386688486
0.00010046464012702927,1.0610744993755361e-07,0.00010152571485377848
0.0001003016295726411,1.0724163956865596e-07,0.00010137404751731083
0.000100179277069401,1.0532647110039761e-07,0.00010123254469363019
0.00010008770186686888,1.02375707911051e-07,0.00010111145820701495
9.988279634853825e-05,1.0516288284634356e-07,0.00010093442688230425
9.977984154829755e-05,1.0004338690805525e-07,0.00010078027844429016
9.96606977423653e-05,9.645970067140297e-08,0.00010062529327115044
9.945793863153085e-05,9.855774862899125e-08,0.0001004435180220753
9.929905354510993e-05,9.667316192008002e-08,0.00010026578820543364
9.912333189276978e-05,9.852080040673172e-08,0.0001001085402094759
9.894729009829462e-05,9.954123925126623e-08,9.994269930757582e-05
9.882870654109865e-05,9.795556366043456e-08,9.980826143873855e-05
9.867956396192312e-05,9.830921499087708e-08,9.966265497496352e-05
9.846605826169252e-05,1.0225511459793779e-07,9.948860679287463e-05
9.835961100179702e-05,1.0047677534430477e-07,9.936437709257007e-05
