pde_loss,bc_loss,total_loss
14.636144638061523,63.166133880615234,646.2974853515625
3.8638598918914795,23.30495834350586,236.9134521484375
2.1428489685058594,6.493411540985107,67.07696533203125
2.1466012001037598,3.117177963256836,33.318382263183594
2.344787836074829,1.3463094234466553,15.807882308959961
2.6409833431243896,0.397105872631073,6.612042427062988
2.9895682334899902,0.4096596837043762,7.086164951324463
2.8513197898864746,0.46397942304611206,7.491114139556885
2.461005687713623,0.39234113693237305,6.3844170570373535
1.9781856536865234,0.30359965562820435,5.014182090759277
1.5248795747756958,0.21009773015975952,3.625856876373291
1.1996104717254639,0.11735539138317108,2.373164415359497
1.0366499423980713,0.12868623435497284,2.323512315750122
0.9042043089866638,0.1387777030467987,2.2919814586639404
0.779726505279541,0.12198077887296677,1.999534249305725
0.6594423651695251,0.06748928129673004,1.3343350887298584
0.5164015293121338,0.040311213582754135,0.9195137023925781
0.3444901406764984,0.05492350831627846,0.8937252759933472
0.23811183869838715,0.06109929829835892,0.8491048216819763
0.18357430398464203,0.054184749722480774,0.7254217863082886
0.15561334788799286,0.044749654829502106,0.6031098961830139
0.13884109258651733,0.03286674991250038,0.46750858426094055
0.1419285237789154,0.03458576649427414,0.487786203622818
0.15173505246639252,0.032164670526981354,0.47338175773620605
0.13714958727359772,0.02987557277083397,0.4359053373336792
0.11090544611215591,0.023493731394410133,0.34584274888038635
0.10567670315504074,0.023655345663428307,0.3422301709651947
0.09620842337608337,0.028594840317964554,0.3821568191051483
0.10185889899730682,0.02196945995092392,0.321553498506546
0.08686893433332443,0.016733650118112564,0.2542054355144501
0.09872659295797348,0.01653461903333664,0.2640727758407593
0.10413145273923874,0.017748424783349037,0.2816157042980194
0.10317765921354294,0.012228251434862614,0.22546017169952393
0.08844202756881714,0.014214343391358852,0.23058545589447021
0.08094147592782974,0.016574677079916,0.24668824672698975
0.08263208717107773,0.015424941666424274,0.23688149452209473
0.08062637597322464,0.013981247320771217,0.22043883800506592
0.08300334215164185,0.010738403536379337,0.19038736820220947
0.08977409452199936,0.009068245999515057,0.18045654892921448
0.08448988944292068,0.014647619798779488,0.23096609115600586
0.08522423356771469,0.012905115261673927,0.21427538990974426
0.07589339464902878,0.008759910240769386,0.16349250078201294
0.06542183458805084,0.015121483244001865,0.21663667261600494
0.06895259022712708,0.01215292327105999,0.19048182666301727
0.07824361324310303,0.013431917876005173,0.21256279945373535
0.07181026041507721,0.008714555762708187,0.15895581245422363
0.06225159019231796,0.015954578295350075,0.221797376871109
0.06028662621974945,0.016702894121408463,0.22731555998325348
0.06505484133958817,0.014364905655384064,0.2087039053440094
0.0681130439043045,0.011155448853969574,0.17966753244400024
0.06776341050863266,0.012802265584468842,0.19578605890274048
0.06732538342475891,0.011971311643719673,0.18703849613666534
0.06573662906885147,0.00850217416882515,0.15075837075710297
0.06005706638097763,0.009417486377060413,0.1542319357395172
0.058727625757455826,0.009045959450304508,0.14918722212314606
0.0575643815100193,0.008514808490872383,0.14271245896816254
0.05640605464577675,0.008140617050230503,0.13781222701072693
0.05977758392691612,0.006730412133038044,0.1270817071199417
0.058386966586112976,0.0074066282249987125,0.13245324790477753
0.06015782430768013,0.005977812223136425,0.11993594467639923
0.057316239923238754,0.008546283468604088,0.14277908205986023
0.050084494054317474,0.0061280084773898125,0.11136458069086075
0.052658360451459885,0.01546753104776144,0.20733366906642914
0.054432712495326996,0.013695805333554745,0.1913907527923584
0.055329352617263794,0.006593514233827591,0.1212644949555397
0.056655775755643845,0.008849924430251122,0.14515502750873566
0.0500110425055027,0.005213356576859951,0.10214461386203766
0.04848065972328186,0.010800180956721306,0.15648247301578522
0.05034177005290985,0.007396409288048744,0.124305859208107
0.052069369703531265,0.009630231186747551,0.14837168157100677
0.05077771842479706,0.010004381649196148,0.1508215367794037
0.04766658693552017,0.007952407002449036,0.12719064950942993
0.047296907752752304,0.007099428679794073,0.11829119920730591
0.050017066299915314,0.008212950080633163,0.13214656710624695
0.048753272742033005,0.006700997706502676,0.11576324701309204
0.04430099576711655,0.008812511339783669,0.13242611289024353
0.04423452913761139,0.007477398030459881,0.11900851130485535
0.04975387826561928,0.008129972964525223,0.1310536116361618
0.05115826427936554,0.007229155395179987,0.12344981729984283
0.04540320858359337,0.00832069106400013,0.12861011922359467
0.041452035307884216,0.007510200142860413,0.11655403673648834
0.04242963716387749,0.009523322805762291,0.137662872672081
0.04434472694993019,0.008310693316161633,0.12745165824890137
0.04447619244456291,0.00694792065769434,0.11395539343357086
0.043730489909648895,0.006583818234503269,0.10956867039203644
0.043398451060056686,0.007416244596242905,0.11756089329719543
0.042940858751535416,0.005732916295528412,0.10027001798152924
0.04207848012447357,0.009250975213944912,0.13458824157714844
0.041610270738601685,0.008035986684262753,0.12197013944387436
0.04193641245365143,0.006687415763735771,0.10881057381629944
0.04100509360432625,0.005871170200407505,0.09971679747104645
0.040092259645462036,0.007762204855680466,0.1177143082022667
0.040541812777519226,0.00597845483571291,0.10032635927200317
0.04200638830661774,0.007857374846935272,0.12058013677597046
0.04089963436126709,0.007446781266480684,0.11536744982004166
0.038254059851169586,0.005648420192301273,0.09473825991153717
0.03831189125776291,0.004969798028469086,0.08800987154245377
0.040871329605579376,0.008667007088661194,0.12754139304161072
0.04115092754364014,0.008067367598414421,0.12182460725307465
0.03870664909482002,0.005237038712948561,0.0910770371556282
0.037312060594558716,0.005309130996465683,0.09040337055921555
0.037872590124607086,0.007499777711927891,0.11287036538124084
0.037945456802845,0.006428400054574013,0.10222945362329483
0.03717941790819168,0.0068191904574632645,0.10537131875753403
0.037503939121961594,0.006621078122407198,0.103714719414711
0.0379820354282856,0.005606309976428747,0.09404513239860535
0.03662813454866409,0.005076992325484753,0.08739805966615677
0.035455889999866486,0.007733620703220367,0.11279209703207016
0.035572201013565063,0.00693677831441164,0.10493998229503632
0.03637559339404106,0.005588577128946781,0.09226135909557343
0.0359642431139946,0.005339347291737795,0.08935771882534027
0.03471085801720619,0.006577288266271353,0.10048374533653259
0.035489968955516815,0.005649001337587833,0.09197998046875
0.03647235408425331,0.006244223099201918,0.09891458600759506
0.03483305871486664,0.0058840978890657425,0.09367403388023376
0.03277572989463806,0.006017970386892557,0.09295543283224106
0.03365534543991089,0.0051877847872674465,0.08553319424390793
0.035901788622140884,0.006515015847980976,0.1010519415140152
0.035212598741054535,0.0059282719157636166,0.09449531883001328
0.03236471861600876,0.005528698209673166,0.08765169978141785
0.032291218638420105,0.004964965395629406,0.08194087445735931
0.03467259183526039,0.006514358799904585,0.09981617331504822
0.0344812236726284,0.0059112864546477795,0.09359408915042877
0.03202784061431885,0.005267020780593157,0.08469805121421814
0.03182021155953407,0.004781236872076988,0.07963258028030396
0.03361859172582626,0.006467851810157299,0.0982971116900444
0.03350699692964554,0.005759209860116243,0.0910990983247757
0.031101301312446594,0.005314286798238754,0.08424416929483414
0.03063097968697548,0.004795159678906202,0.07858257740736008
0.03321198374032974,0.006228024140000343,0.09549222886562347
0.032923903316259384,0.005584143102169037,0.08876533806324005
0.03058442287147045,0.0053972406312823296,0.08455683290958405
0.030013373121619225,0.005001789424568415,0.08003126829862595
0.03139981999993324,0.005972983781248331,0.09112966060638428
0.03220421448349953,0.005065509583801031,0.08285930752754211
0.02994944155216217,0.005671026185154915,0.08665969967842102
0.02938266098499298,0.005099634174257517,0.08037900179624557
0.030959850177168846,0.005644114688038826,0.08740099519491196
0.030751017853617668,0.004988047294318676,0.08063149452209473
0.02962249331176281,0.005785410292446613,0.08747659623622894
0.02867974527180195,0.005108814686536789,0.07976789027452469
0.030215054750442505,0.005518222227692604,0.08539727330207825
0.030081046745181084,0.004776165820658207,0.07784270495176315
0.028595488518476486,0.005869523622095585,0.08729071915149689
0.028240442276000977,0.0051533011719584465,0.07977345585823059
0.029114633798599243,0.005547354929149151,0.0845881849527359
0.02954123355448246,0.004764368291944265,0.07718491554260254
0.028036929666996002,0.005625731777399778,0.08429424464702606
0.027856221422553062,0.004889101721346378,0.07674723863601685
0.02832772769033909,0.005675657652318478,0.08508430421352386
0.028587672859430313,0.004851177334785461,0.07709944248199463
0.027488544583320618,0.005477454978972673,0.08226309716701508
0.027315160259604454,0.004766474943608046,0.07497990876436234
0.02773393876850605,0.005597574636340141,0.08370968699455261
0.02775254100561142,0.00480446545407176,0.0757972002029419
0.026929879561066628,0.005482967477291822,0.08175955712795258
0.026797132566571236,0.00483564892783761,0.07515361905097961
0.0269588902592659,0.005404014606028795,0.08099903166294098
0.027120444923639297,0.004679423291236162,0.07391467690467834
0.026320673525333405,0.005457314662635326,0.08089382201433182
0.02653762884438038,0.004873562138527632,0.07527325302362442
0.025915563106536865,0.005388620309531689,0.0798017680644989
0.02688736282289028,0.004714134149253368,0.07402870804071426
0.025439703837037086,0.005264349281787872,0.07808319479227066
0.026932796463370323,0.0049768188036978245,0.07670098543167114
0.024619273841381073,0.005438639782369137,0.07900567352771759
0.027673067525029182,0.00526029895991087,0.08027605712413788
0.02467866986989975,0.004370853770524263,0.06838721036911011
0.027461646124720573,0.004600411280989647,0.0734657570719719
0.023544050753116608,0.006831968203186989,0.0918637290596962
0.026677202433347702,0.004787467885762453,0.07455188035964966
0.025606708601117134,0.003233089577406645,0.057937607169151306
0.02301553636789322,0.005734981037676334,0.08036534488201141
0.028755607083439827,0.006777985021471977,0.09653545916080475
0.025123102590441704,0.0032096148934215307,0.0572192519903183
0.02344142273068428,0.009447146207094193,0.1179128885269165
0.024950509890913963,0.007283234968781471,0.09778285771608353
0.02560005895793438,0.004721124656498432,0.0728113055229187
0.0245379451662302,0.00916073564440012,0.1161452978849411
0.025076502934098244,0.003350519808009267,0.058581702411174774
0.028064008802175522,0.016814738512039185,0.19621139764785767
0.022875221446156502,0.017264455556869507,0.19551977515220642
0.02109532244503498,0.008700637146830559,0.10810169577598572
0.027443936094641685,0.008899733424186707,0.1164412721991539
0.03271767497062683,0.01108471304178238,0.14356480538845062
0.02495681494474411,0.0037798485718667507,0.06275530159473419
0.02341197431087494,0.021899746730923653,0.24240943789482117
0.02500898949801922,0.027701757848262787,0.30202656984329224
0.022894008085131645,0.009152701124548912,0.11442102491855621
0.03689226508140564,0.01633419282734394,0.20023418962955475
0.04002305120229721,0.02520657517015934,0.2920888066291809
0.029914746060967445,0.016594400629401207,0.19585876166820526
0.025114936754107475,0.013023766689002514,0.1553526073694229
0.0234869085252285,0.011717528104782104,0.14066219329833984
0.02962118200957775,0.01659773848950863,0.1955985724925995
0.03157718479633331,0.012117334641516209,0.15275052189826965
0.02562738209962845,0.00561055913567543,0.08173297345638275
0.025379905477166176,0.009344937279820442,0.11882927268743515
0.025158440694212914,0.006600578315556049,0.09116422384977341
0.028132349252700806,0.006211669649928808,0.09024904668331146
0.025299469009041786,0.007283498533070087,0.09813445061445236
0.023104436695575714,0.005605105310678482,0.07915548980236053
0.02489543706178665,0.006246320903301239,0.08735864609479904
0.02549498900771141,0.005800812970846891,0.0835031196475029
0.02171354554593563,0.005948791280388832,0.0812014564871788
0.022960791364312172,0.005198037717491388,0.07494116574525833
0.02527078241109848,0.0069390712305903435,0.09466149657964706
0.02344263158738613,0.005557714961469173,0.07901978492736816
0.02023410238325596,0.00774149876087904,0.09764908999204636
0.021076595410704613,0.00736639928072691,0.09474059194326401
0.025280673056840897,0.005104772746562958,0.07632839679718018
0.022956203669309616,0.005684319883584976,0.07979939877986908
0.01911270059645176,0.006001263856887817,0.07912533730268478
0.020657679066061974,0.005032238084822893,0.07098005712032318
0.02649170346558094,0.006216066889464855,0.08865237236022949
0.024018961936235428,0.0056726946495473385,0.08074590563774109
0.019464289769530296,0.005974101833999157,0.07920531183481216
0.0197294969111681,0.005310216918587685,0.0728316679596901
0.02622894197702408,0.0056341951712965965,0.08257089555263519
0.02427404560148716,0.004502416588366032,0.06929820775985718
0.0196492038667202,0.0067460741847753525,0.08710995316505432
0.019189877435564995,0.005768075585365295,0.0768706351518631
0.025519583374261856,0.004992467816919088,0.07544426620006561
0.024846326559782028,0.004407460801303387,0.06892094016075134
0.01993347890675068,0.006102635990828276,0.08095984160900116
0.019301537424325943,0.005355135537683964,0.07285289466381073
0.025371378287672997,0.0053249248303473,0.07862062752246857
0.025390135124325752,0.004911803640425205,0.0745081678032875
0.020005328580737114,0.00514915632084012,0.0714968889951706
0.019447188824415207,0.004716063383966684,0.06660781800746918
0.024973616003990173,0.005346275866031647,0.07843637466430664
0.02494296059012413,0.004855243023484945,0.07349538803100586
0.019584769383072853,0.005066342186182737,0.07024819403886795
0.019318560138344765,0.004835096653550863,0.06766952574253082
0.024248629808425903,0.005027879029512405,0.07452742010354996
0.024678893387317657,0.004522469360381365,0.06990358233451843
0.01923496648669243,0.00543458154425025,0.0735807865858078
0.019114194437861443,0.005244732368737459,0.07156151533126831
0.02305001951754093,0.004607462789863348,0.06912464648485184
0.024220025166869164,0.004330393858253956,0.06752396374940872
0.01903512515127659,0.005259339231997728,0.07162851840257645
0.019119521602988243,0.004950724076479673,0.0686267614364624
0.02291996404528618,0.004863491281867027,0.07155487686395645
0.02401769906282425,0.004611657932400703,0.07013428211212158
0.018710028380155563,0.004989661276340485,0.06860664486885071
0.018782231956720352,0.00475371303036809,0.06631936132907867
0.022555265575647354,0.004857473075389862,0.07112999260425568
0.023620832711458206,0.004320851992815733,0.06682935357093811
0.018338914960622787,0.005287725478410721,0.0712161660194397
0.018175391480326653,0.0048792436718940735,0.06696783006191254
0.022011343389749527,0.00485564861446619,0.07056783139705658
0.02332776039838791,0.004290805198252201,0.06623581051826477
0.018329091370105743,0.005181290674954653,0.07014200091362
0.017824556678533554,0.0046514347195625305,0.06433890759944916
0.021752601489424706,0.005113984923809767,0.0728924497961998
0.02286115288734436,0.0044099390506744385,0.06696054339408875
0.018260929733514786,0.0051115634851157665,0.06937656551599503
0.01757173426449299,0.004640950821340084,0.06398124247789383
0.02148093655705452,0.005038436036556959,0.07186529785394669
0.022323956713080406,0.004356779158115387,0.06589175015687943
0.017985843122005463,0.005209464579820633,0.07008048892021179
0.017300577834248543,0.004829850047826767,0.06559907644987106
0.021261634305119514,0.0048069157637655735,0.06933078914880753
0.021950596943497658,0.004330448340624571,0.06525508314371109
0.017719920724630356,0.005168008618056774,0.06940001249313354
0.017117345705628395,0.004865827038884163,0.06577561795711517
0.021218013018369675,0.004746436141431332,0.06868237257003784
0.021758388727903366,0.004451108165085316,0.06626947224140167
0.017478272318840027,0.004958941601216793,0.0670676901936531
0.017019731923937798,0.004774556495249271,0.06476529687643051
0.021305281668901443,0.004754646215587854,0.06885173916816711
0.02165316604077816,0.004566327668726444,0.0673164427280426
0.01719364896416664,0.004797093570232391,0.06516458094120026
0.016924412921071053,0.0047118752263486385,0.06404316425323486
0.021433910354971886,0.0047318958677351475,0.06875286996364594
0.0215467382222414,0.004605257883667946,0.06759931892156601
0.01683875173330307,0.004781464114785194,0.06465339660644531
0.016768723726272583,0.004786106292158365,0.06462978571653366
0.021466167643666267,0.004568887408822775,0.06715504080057144
0.021371925249695778,0.004525250289589167,0.06662442535161972
0.016494324430823326,0.0048673199489712715,0.06516752392053604
0.01662229374051094,0.0049096643924713135,0.06571893393993378
0.02146567963063717,0.004390150308609009,0.0653671845793724
0.02115524932742119,0.004456133581697941,0.06571657955646515
0.01621268130838871,0.004907415248453617,0.06528683006763458
0.01656237803399563,0.0049519166350364685,0.06608154624700546
0.021490320563316345,0.00430193729698658,0.06450968980789185
0.020945727825164795,0.004458703100681305,0.06553275883197784
0.01603628136217594,0.004837872926145792,0.06441500782966614
0.016609663143754005,0.0048775626346468925,0.06538528949022293
0.0214723851531744,0.004282266367226839,0.06429504603147507
0.020700249820947647,0.004463794641196728,0.06533819437026978
0.01592513732612133,0.004781180527061224,0.0637369453907013
0.01667940244078636,0.004844501614570618,0.06512442231178284
0.021258942782878876,0.004187637008726597,0.0631353110074997
0.020383279770612717,0.004415528848767281,0.06453856825828552
0.01591457985341549,0.004713359754532576,0.06304817646741867
0.016782080754637718,0.00478828139603138,0.06466489285230637
0.020904872566461563,0.004135460127145052,0.06225947290658951
0.020090341567993164,0.004407987929880619,0.0641702190041542
0.016023265197873116,0.004601569380611181,0.062038958072662354
0.01687733083963394,0.004717086907476187,0.06404820084571838
0.020462138578295708,0.004105858970433474,0.06152072548866272
0.019809439778327942,0.00437160674482584,0.06352550536394119
0.016222435981035233,0.0045386492274701595,0.0616089291870594
0.016902271658182144,0.004658817313611507,0.06349045038223267
0.02005024068057537,0.004096892196685076,0.061019159853458405
0.01954910345375538,0.004317224957048893,0.06272134929895401
0.01645284704864025,0.004441709257662296,0.060869939625263214
0.016918083652853966,0.004521739669144154,0.0621354803442955
0.01971968077123165,0.003971604164689779,0.05943572521209717
0.019084271043539047,0.004099871031939983,0.06008298322558403
0.01655900664627552,0.004186777397990227,0.05842678248882294
0.017283370718359947,0.004104411229491234,0.058327481150627136
0.019242478534579277,0.0035741557367146015,0.05498403310775757
0.017880696803331375,0.0034172553569078445,0.05205325037240982
0.016978846862912178,0.004066453315317631,0.05764337629079819
0.017814598977565765,0.0026972030755132437,0.04478663206100464
0.018710583448410034,0.00844244472682476,0.10313503444194794
0.01888091117143631,0.008726987987756729,0.1061507910490036
0.018002960830926895,0.0024899644777178764,0.04290260374546051
0.016575321555137634,0.008106268011033535,0.09763800352811813
0.016219165176153183,0.0068651530891656876,0.08487069606781006
0.018005484715104103,0.0029651587828993797,0.0476570725440979
0.019600415602326393,0.0037084578070789576,0.05668499320745468
0.01610991731286049,0.003649276914075017,0.05260268598794937
0.017347872257232666,0.00306546944193542,0.048002567142248154
0.01888114959001541,0.004033156204968691,0.059212710708379745
0.017939453944563866,0.0030029132030904293,0.04796858876943588
0.016781292855739594,0.006847532000392675,0.08525661379098892
0.016605641692876816,0.007599709555506706,0.09260274469852448
0.017062345519661903,0.0032312532421201468,0.04937487840652466
0.020614610984921455,0.008203595876693726,0.10265056788921356
0.020370710641145706,0.007833931595087051,0.09871003031730652
0.017038699239492416,0.0031421843450516462,0.048460543155670166
0.016811717301607132,0.006237336900085211,0.07918508350849152
0.016886170953512192,0.004537910223007202,0.06226527318358421
0.01820734143257141,0.004818519577383995,0.06639254093170166
0.019156524911522865,0.0056231822818517685,0.0753883495926857
0.017928292974829674,0.003327636979520321,0.05120466649532318
0.01661624014377594,0.0062515269964933395,0.07913151383399963
0.016064848750829697,0.0049179489724338055,0.06524433940649033
0.018476974219083786,0.005200441926717758,0.07048138976097107
0.019990243017673492,0.00594412162899971,0.0794314593076706
0.018070651218295097,0.004531761631369591,0.06338826566934586
0.01610526628792286,0.004256747663021088,0.058672741055488586
0.01713833026587963,0.005639387760311365,0.07353220880031586
0.017833691090345383,0.002942108316347003,0.0472547747194767
0.01806771010160446,0.010534700006246567,0.12341471016407013
0.01776164025068283,0.01075122132897377,0.12527385354042053
0.016984179615974426,0.0030475598759949207,0.04745977744460106
0.01990061067044735,0.008168001659214497,0.10158062726259232
0.018686002120375633,0.0066696954891085625,0.08538296073675156
0.01569577306509018,0.004799867048859596,0.06369444727897644
0.016883617267012596,0.0055238488130271435,0.07212210446596146
0.01999885030090809,0.0047809891402721405,0.06780873984098434
0.01790895126760006,0.003939444199204445,0.05730339139699936
0.01525728590786457,0.005269450135529041,0.06795178353786469
0.016040727496147156,0.003604878904297948,0.05208951607346535
0.021022692322731018,0.004386667162179947,0.06488936394453049
0.017681803554296494,0.0030790383461862803,0.04847218841314316
0.014561278745532036,0.005982445552945137,0.07438573241233826
0.015550713986158371,0.005224720109254122,0.06779791414737701
0.019397785887122154,0.004096639342606068,0.06036417931318283
0.020383087918162346,0.005222124047577381,0.07260432839393616
0.01611475646495819,0.004061280749738216,0.056727565824985504
0.015807317569851875,0.004426733125001192,0.06007464975118637
0.01749850995838642,0.004524261690676212,0.06274112313985825
0.01842549443244934,0.003799370490014553,0.05641920119524002
0.016956456005573273,0.004996458999812603,0.06692104786634445
0.016689255833625793,0.005083851516246796,0.06752777099609375
0.01682286150753498,0.0033694638404995203,0.050517499446868896
0.017273303121328354,0.003911900334060192,0.056392308324575424
0.016813648864626884,0.0035309968516230583,0.052123621106147766
0.016940288245677948,0.0031754695810377598,0.04869498312473297
0.017853708937764168,0.005322113633155823,0.07107484340667725
0.017129486426711082,0.003969679586589336,0.056826286017894745
0.01712213270366192,0.00609096884727478,0.07803182303905487
0.01660234108567238,0.006083482410758734,0.07743716239929199
0.017842575907707214,0.0034396699629724026,0.052239276468753815
0.018437210470438004,0.004252015147358179,0.06095736101269722
0.016092320904135704,0.00346796284429729,0.05077195167541504
0.016019077971577644,0.005846840795129538,0.07448748499155045
0.01860443875193596,0.005359556060284376,0.0722000002861023
0.021192507818341255,0.004648413509130478,0.06767664104700089
0.01804206520318985,0.004417083691805601,0.062212903052568436
0.01432357169687748,0.005967411678284407,0.07399769127368927
0.014892743900418282,0.004496284294873476,0.059855587780475616
0.021129118278622627,0.0045713381841778755,0.06684249639511108
0.02185642346739769,0.004575757309794426,0.06761399656534195
0.016209980472922325,0.00409961910918355,0.0572061687707901
0.01471048966050148,0.004230401944369078,0.05701451003551483
0.019085263833403587,0.005085068754851818,0.06993595510721207
0.020161179825663567,0.0043450649827718735,0.06361182779073715
0.01711338944733143,0.004136784467846155,0.058481231331825256
0.015996191650629044,0.003994206432253122,0.05593825504183769
0.018328167498111725,0.004052155651152134,0.058849722146987915
0.017961876466870308,0.003532161470502615,0.05328349024057388
0.015810586512088776,0.005138369742780924,0.06719428300857544
0.016071906313300133,0.004558534827083349,0.06165725737810135
0.019394967705011368,0.004068320617079735,0.060078173875808716
0.019554607570171356,0.003778719576075673,0.0573418028652668
0.015311546623706818,0.004482141695916653,0.060132965445518494
0.0151689937338233,0.004240266978740692,0.057571664452552795
0.018756220117211342,0.004086238332092762,0.05961859971284866
0.020519297569990158,0.003919580951333046,0.05971510708332062
0.01621931791305542,0.0041452390141785145,0.05767170712351799
0.015513736754655838,0.004237452521920204,0.05788826197385788
0.017500702291727066,0.003947549033910036,0.05697619169950485
0.019391082227230072,0.003746567526832223,0.05685675889253616
0.016097569838166237,0.003990896977484226,0.0560065358877182
0.016092760488390923,0.0040084002539515495,0.056176766753196716
0.01796135865151882,0.0037197063211351633,0.05515842139720917
0.01885886676609516,0.0036640458274632692,0.05549932271242142
0.015154837630689144,0.004009901080280542,0.05525384843349457
0.015601740218698978,0.0038886095862835646,0.05448783561587334
0.01895998977124691,0.003675619373098016,0.05571618676185608
0.019528616219758987,0.0035722043830901384,0.055250659584999084
0.014695036225020885,0.004059859085828066,0.055293627083301544
0.015085138380527496,0.004136576782912016,0.05645090714097023
0.018938589841127396,0.003404661314561963,0.05298520252108574
0.019556913524866104,0.0034981099888682365,0.05453801527619362
0.014791993424296379,0.003956034779548645,0.05435234308242798
0.015200144611299038,0.0037600493524223566,0.05280064046382904
0.019689956679940224,0.003954158630222082,0.05923154205083847
0.01905808597803116,0.003381666261702776,0.05287474766373634
0.01504206657409668,0.005064575932919979,0.06568782776594162
0.015543393790721893,0.004714788869023323,0.06269128620624542
0.018531542271375656,0.003470722120255232,0.05323876440525055
0.0185475442558527,0.0033760899677872658,0.05230844020843506
0.014949481934309006,0.003931315615773201,0.054262638092041016
0.016138490289449692,0.0032815812155604362,0.048954304307699203
0.01958838291466236,0.0038505077827721834,0.05809345841407776
0.01784329116344452,0.003402038011699915,0.051863670349121094
0.015318671241402626,0.004410177934914827,0.059420451521873474
0.016400620341300964,0.004280807450413704,0.059208694845438004
0.01847212202847004,0.0030521999578922987,0.04899412393569946
0.01718060113489628,0.0034267031587660313,0.05144762992858887
0.015293166972696781,0.0034891925752162933,0.05018509179353714
0.016635384410619736,0.003025728277862072,0.046892665326595306
0.018550226464867592,0.004129249136894941,0.05984272062778473
0.017004644498229027,0.0034056988079100847,0.05106163024902344
0.016744188964366913,0.004710693843662739,0.06385112553834915
0.0169462189078331,0.004828742239624262,0.06523364037275314
0.0163026824593544,0.002787119708955288,0.04417388141155243
0.017596349120140076,0.0031616934575140476,0.04921328276395798
0.015697883442044258,0.0027503063902258873,0.04320094734430313
0.015572631731629372,0.0031958017498254776,0.0475306510925293
0.01736585609614849,0.0026676354464143515,0.04404221102595329
0.01472330279648304,0.0029278926085680723,0.0440022274851799
0.01681498810648918,0.0025890376418828964,0.042705364525318146
0.015532131306827068,0.0028259200043976307,0.043791331350803375
0.015577605925500393,0.0026031993329524994,0.04160960018634796
0.01731300540268421,0.002858520485460758,0.045898210257291794
0.014689911156892776,0.00286868866533041,0.04337679594755173
0.017080258578062057,0.003434875514358282,0.05142901465296745
0.016267020255327225,0.0023834090679883957,0.04010111093521118
0.013778206892311573,0.005202358588576317,0.06580179184675217
0.014221742749214172,0.0038324035704135895,0.05254577845335007
0.018157407641410828,0.004904214292764664,0.06719955056905746
0.019249223172664642,0.0058906483463943005,0.07815571129322052
0.0159646887332201,0.0031029130332171917,0.04699382185935974
0.013993600383400917,0.004881107248365879,0.06280466914176941
0.015546965412795544,0.004175824113190174,0.05730520561337471
0.01751851849257946,0.0032559423707425594,0.05007794499397278
0.01560251135379076,0.0038041695952415466,0.05364420637488365
0.014761613681912422,0.00291250878944993,0.043886698782444
0.018422307446599007,0.005054636858403683,0.06896867603063583
0.017302334308624268,0.00324650458060205,0.049767378717660904
0.014175227843225002,0.007137080188840628,0.08554603159427643
0.014216074720025063,0.007826657965779305,0.09248264878988266
0.01600528694689274,0.002452010754495859,0.040525391697883606
0.01855826936662197,0.006617150269448757,0.08472977578639984
0.017372269183397293,0.0067847841419279575,0.08522011339664459
0.014063072390854359,0.0029665897600352764,0.04372896999120712
0.017787011340260506,0.005516428034752607,0.0729512944817543
0.018549462780356407,0.0043013934046030045,0.0615633949637413
0.015463676303625107,0.004065284039825201,0.05611651763319969
0.01425404567271471,0.0045840684324502945,0.06009472906589508
0.015903515741229057,0.0035720979794859886,0.05162449926137924
0.017737017944455147,0.003638908267021179,0.05412609875202179
0.01596469059586525,0.0037335101515054703,0.05329979211091995
0.0149630606174469,0.003615724854171276,0.05112031102180481
0.015583109110593796,0.004039446823298931,0.055977579206228256
0.01626979373395443,0.0034716578666120768,0.05098637193441391
0.016683118417859077,0.003947739023715258,0.05616050958633423
0.015771225094795227,0.0037527764216065407,0.053298987448215485
0.014957784675061703,0.003578255884349346,0.05074034631252289
0.015484881587326527,0.003359811846166849,0.04908299818634987
0.017030471935868263,0.0034754469525069,0.0517849400639534
0.015756841748952866,0.0031709913164377213,0.04746675491333008
0.014995463192462921,0.004135253373533487,0.05634799599647522
0.015323197469115257,0.0038853054866194725,0.05417625606060028
0.01666785031557083,0.003097914159297943,0.04764699190855026
0.01547438558191061,0.003301229327917099,0.048486679792404175
0.01514541357755661,0.003324240678921342,0.04838782176375389
0.01575307361781597,0.0029959643725305796,0.04571271687746048
0.015409355983138084,0.003618992166593671,0.051599279046058655
0.01566273905336857,0.003148098010569811,0.04714372009038925
0.016115721315145493,0.003975379280745983,0.05586951598525047
0.016513103619217873,0.00533201452344656,0.06983324885368347
0.015936778858304024,0.0038202372379601,0.0541391521692276
0.018857723101973534,0.0042078811675310135,0.06093653291463852
0.017392929643392563,0.0036057396791875362,0.0534503273665905
0.0161441657692194,0.004307501018047333,0.05921917408704758
0.01739531010389328,0.003658846952021122,0.05398377776145935
0.018249938264489174,0.0038198386318981647,0.056448325514793396
0.01773225888609886,0.003629551734775305,0.054027777165174484
0.017121439799666405,0.003663435345515609,0.05375578999519348
0.017289526760578156,0.003282708115875721,0.050116606056690216
0.01834462769329548,0.003784467466175556,0.05618929862976074
0.018358934670686722,0.003534798976033926,0.053706925362348557
0.01697321981191635,0.003315952606499195,0.05013274401426315
0.017818596214056015,0.0037377222906798124,0.05519581958651543
0.01790563389658928,0.003243455197662115,0.050340186804533005
0.0179861132055521,0.0039538065902888775,0.0575241819024086
0.01734146475791931,0.003065219847485423,0.04799366369843483
0.018807578831911087,0.00484420545399189,0.06724963337182999
0.018778318539261818,0.0037423530593514442,0.05620184540748596
0.018954725936055183,0.005167696159332991,0.07063169032335281
0.018450003117322922,0.006121427286416292,0.07966427505016327
0.01659441739320755,0.0032362621277570724,0.048957038670778275
0.022272398695349693,0.00640652934089303,0.08633769303560257
0.023016978055238724,0.005673486739397049,0.07975184917449951
0.01742524467408657,0.003923366311937571,0.05665890872478485
0.016771553084254265,0.006196564994752407,0.07873720675706863
0.01711534522473812,0.0044306060299277306,0.061421409249305725
0.021023066714406013,0.004600565880537033,0.0670287236571312
0.022058987990021706,0.005258488468825817,0.07464387267827988
0.018606388941407204,0.004312525503337383,0.061731643974781036
0.01762903667986393,0.004276864230632782,0.0603976771235466
0.01797407865524292,0.004103858023881912,0.05901265889406204
0.01845851168036461,0.004269569180905819,0.06115420535206795
0.019467925652861595,0.004192118067294359,0.06138910353183746
0.01930389553308487,0.003943698480725288,0.05874088034033775
0.018824249505996704,0.004387449473142624,0.06269874423742294
0.016991568729281425,0.003655842039734125,0.05354999005794525
0.018404975533485413,0.005345241166651249,0.07185738533735275
0.020392585545778275,0.005060137249529362,0.07099395990371704
0.019684908911585808,0.004886426031589508,0.06854917109012604
0.018716633319854736,0.003970981575548649,0.058426447212696075
0.017332032322883606,0.006750218570232391,0.08483421802520752
0.016530625522136688,0.005767400376498699,0.07420463114976883
0.017329223453998566,0.004634883254766464,0.06367805600166321
0.019094614312052727,0.00456565897911787,0.06475120782852173
0.020428350195288658,0.004293887875974178,0.06336723268032074
0.019108034670352936,0.0038043763488531113,0.05715179815888405
0.017711158841848373,0.005338410381227732,0.07109525799751282
0.017038309946656227,0.005190739408135414,0.06894570589065552
0.01716196909546852,0.004357610363513231,0.06073807179927826
0.018557731062173843,0.003581159980967641,0.054369330406188965
0.019399913027882576,0.005163113586604595,0.07103104889392853
0.019124696031212807,0.004816335625946522,0.06728804856538773
0.018257759511470795,0.003979946486651897,0.05805722624063492
0.017764758318662643,0.0039850096218287945,0.05761485546827316
0.017653033137321472,0.004964908584952354,0.06730212271213531
0.017633430659770966,0.004645507782697678,0.06408850848674774
0.018039723858237267,0.0035961512476205826,0.05400123447179794
0.01923486590385437,0.003409166354686022,0.053326528519392014
0.018834037706255913,0.004504213109612465,0.06387616693973541
0.017515208572149277,0.004117821343243122,0.05869342014193535
0.01672998070716858,0.004482457414269447,0.06155455484986305
0.017631055787205696,0.004098367411643267,0.05861473083496094
0.01907922327518463,0.003788225818425417,0.056961480528116226
0.018797382712364197,0.003583999816328287,0.05463737994432449
0.017464788630604744,0.0044248066842556,0.061712853610515594
0.017184503376483917,0.004248063545674086,0.05966513976454735
0.01809754967689514,0.003679221495985985,0.05488976463675499
0.01824505627155304,0.0034209645818918943,0.05245470255613327
0.017720187082886696,0.004319710657000542,0.06091729551553726
0.017963944002985954,0.003951979801058769,0.0574837401509285
0.018670985475182533,0.0036893226206302643,0.05556420981884003
0.018125342205166817,0.003459202591329813,0.05271736532449722
0.017028944566845894,0.004332390613853931,0.06035284698009491
0.017261803150177002,0.003930096980184317,0.05656277388334274
0.018700063228607178,0.003715704195201397,0.055857107043266296
0.018719185143709183,0.003507513552904129,0.05379432067275047
0.01747252605855465,0.004009932745248079,0.05757185071706772
0.017264286056160927,0.0037453887052834034,0.054718174040317535
0.0183295588940382,0.0037723921705037355,0.05605348199605942
0.018293846398591995,0.0035564901772886515,0.05385874956846237
0.01734660565853119,0.0038110706955194473,0.05545731261372566
0.017599057406187057,0.0034770560450851917,0.0523696169257164
0.018695611506700516,0.003874722635373473,0.057442836463451385
0.018292788416147232,0.0036061694845557213,0.054354485124349594
0.01699652150273323,0.003778191516175866,0.054778438061475754
0.017272265627980232,0.003433742094784975,0.05160968750715256
0.018802065402269363,0.003931446000933647,0.058116525411605835
0.018610328435897827,0.00370891229249537,0.05569945275783539
0.017163481563329697,0.003551995847374201,0.05268343910574913
0.01722893863916397,0.0033106061164289713,0.050335001200437546
0.018650081008672714,0.003957764711230993,0.05822772905230522
0.018437694758176804,0.003712754463776946,0.0555652379989624
0.017111405730247498,0.003456513397395611,0.051676541566848755
0.017386188730597496,0.0031685796566307545,0.04907198250293732
0.018845660611987114,0.004024051129817963,0.05908617377281189
0.01848486252129078,0.003760864492505789,0.05609350651502609
0.016911733895540237,0.003396472195163369,0.05087645724415779
0.017216235399246216,0.003114145714789629,0.04835769161581993
0.01892039179801941,0.004057272337377071,0.05949311703443527
0.01865537092089653,0.0037840488366782665,0.05649586021900177
0.016977937892079353,0.0033107048366218805,0.05008498579263687
0.017110157757997513,0.0030754420440644026,0.047864578664302826
0.018787601962685585,0.004073623567819595,0.05952383577823639
0.01857464388012886,0.003817439079284668,0.05674903467297554
0.016972701996564865,0.0032214666716754436,0.049187369644641876
0.01718941703438759,0.002993933856487274,0.04712875559926033
0.018822118639945984,0.004067262168973684,0.0594947412610054
0.01849515363574028,0.003791030030697584,0.056405454874038696
0.016853611916303635,0.0032130791805684566,0.048984404653310776
0.017171159386634827,0.002958158031105995,0.04675273969769478
0.018897859379649162,0.004083274397999048,0.05973060429096222
0.018563373014330864,0.003814574796706438,0.05670911818742752
0.016809707507491112,0.0031614028848707676,0.04842373728752136
0.017088977620005608,0.0029431101866066456,0.04652007669210434
0.01884038932621479,0.004033522680401802,0.05917561799287796
0.01854122057557106,0.003759714076295495,0.05613836273550987
0.01682906039059162,0.003156104125082493,0.04839009791612625
0.017087750136852264,0.0029376468155533075,0.0464642196893692
0.018758434802293777,0.003988936077803373,0.058647796511650085
0.01840747520327568,0.003728434443473816,0.05569181963801384
0.016739798709750175,0.0031563276425004005,0.04830307513475418
0.017102915793657303,0.002942404244095087,0.0465269573032856
0.018759548664093018,0.0038788625970482826,0.057548172771930695
0.01833188347518444,0.003609287552535534,0.05442476272583008
0.016663677990436554,0.003227235982194543,0.048936039209365845
0.017041029408574104,0.0029917950741946697,0.046958982944488525
0.01873955689370632,0.0037842560559511185,0.05658211559057236
0.01829374209046364,0.003538678865879774,0.053680531680583954
0.016595210880041122,0.003262534737586975,0.04922055825591087
0.01696792058646679,0.003051712177693844,0.04748504236340523
0.018676768988370895,0.0036248171236366034,0.05492493882775307
0.018210353329777718,0.0033851005136966705,0.052061356604099274
0.016554029658436775,0.003357198089361191,0.050126008689403534
0.016918126493692398,0.0031161941587924957,0.048080068081617355
0.018640143796801567,0.003520714119076729,0.053847283124923706
0.018126236274838448,0.003307166276499629,0.051197901368141174
0.016452474519610405,0.0034052743576467037,0.050505220890045166
0.01685388758778572,0.0031662180554121733,0.04851606860756874
0.018642442300915718,0.0034002948086708784,0.05264539271593094
0.018086127936840057,0.003195897676050663,0.05004510283470154
0.01638389192521572,0.003471481380984187,0.05109870433807373
0.016765804961323738,0.003201137762516737,0.04877718538045883
0.01863022893667221,0.0033539789728820324,0.05217001959681511
0.01807418465614319,0.0031686918810009956,0.049761101603507996
0.01632440648972988,0.003463305067270994,0.05095745623111725
0.016704648733139038,0.003204831387847662,0.04875296354293823
0.018613168969750404,0.0033005396835505962,0.05161856859922409
0.018046818673610687,0.003121292917057872,0.04925974830985069
0.016284413635730743,0.003458071732893586,0.05086513236165047
0.016667727380990982,0.003175912657752633,0.048426855355501175
0.018617747351527214,0.0033088515046983957,0.051706261932849884
0.018032832071185112,0.003132343990728259,0.04935627430677414
0.01622726581990719,0.0034163277596235275,0.050390541553497314
0.016635363921523094,0.0031436257995665073,0.04807162284851074
0.018625637516379356,0.0032967072911560535,0.05159270763397217
0.018022721633315086,0.003119078930467367,0.04921351373195648
0.01618579775094986,0.003387540578842163,0.05006120353937149
0.016597112640738487,0.0031061843037605286,0.04765895754098892
0.01861686259508133,0.003309523221105337,0.051712095737457275
0.01800752803683281,0.003127539763227105,0.04928292706608772
0.016150381416082382,0.0033547193743288517,0.049697574228048325
0.016570165753364563,0.00308655621483922,0.04743572697043419
0.018587734550237656,0.003286959370598197,0.051457326859235764
0.017964299768209457,0.00310530886054039,0.04901738837361336
0.01611887663602829,0.0033419369719922543,0.04953824728727341
0.01654770039021969,0.0030688978731632233,0.04723668098449707
0.018552284687757492,0.0032713678665459156,0.051265962421894073
0.017908334732055664,0.003087399061769247,0.04878232628107071
0.01608218066394329,0.0033386461436748505,0.049468643963336945
0.01652560569345951,0.0030695039313286543,0.04722064733505249
0.01850559562444687,0.0032343098428100348,0.050848692655563354
0.01784600503742695,0.003056790679693222,0.04841390997171402
0.01605011522769928,0.0033375646453350782,0.04942576214671135
0.016502363607287407,0.0030640463810414076,0.04714282602071762
0.018449127674102783,0.0032100933603942394,0.05055006220936775
0.017781851813197136,0.0030364154372364283,0.04814600571990013
0.016026293858885765,0.0033308786805719137,0.04933507740497589
0.01649036817252636,0.0030582486651837826,0.04707285761833191
0.018383992835879326,0.0031868568621575832,0.05025256425142288
0.017715921625494957,0.00302209984511137,0.04793692007660866
0.01600940339267254,0.0033110622316598892,0.04912002384662628
0.016489455476403236,0.0030384655110538006,0.046874113380908966
0.01831313781440258,0.003176289377734065,0.05007603019475937
0.017645709216594696,0.0030149929225444794,0.04779563844203949
0.01599927432835102,0.003288919571787119,0.048888467252254486
0.0164966881275177,0.003019624622538686,0.04669293388724327
0.018231863155961037,0.0031665631104260683,0.04989749193191528
0.017573660239577293,0.003010998945683241,0.04768364876508713
0.015995381399989128,0.0032632299698889256,0.04862768203020096
0.016506444662809372,0.003000727156177163,0.04651371389627457
0.018136275932192802,0.003155399113893509,0.04969026893377304
0.017495421692728996,0.0030030731577426195,0.047526150941848755
0.016003960743546486,0.003243517829105258,0.048439137637615204
0.01651938445866108,0.0029880739748477936,0.046400122344493866
0.018025506287813187,0.003142335219308734,0.04944885894656181
0.017413927242159843,0.0029952540062367916,0.04736647009849548
0.016023052856326103,0.0032235742546617985,0.04825879633426666
0.01653464511036873,0.0029769036918878555,0.046303682029247284
0.01790417730808258,0.0031286347657442093,0.04919052496552467
0.01733119785785675,0.002985097700729966,0.047182172536849976
0.016055766493082047,0.0032054202165454626,0.04810996726155281
0.01655028946697712,0.0029652591329067945,0.0462028831243515
0.01777641288936138,0.0031210994347929955,0.048987407237291336
0.017253857105970383,0.002979065990075469,0.04704451560974121
0.016098342835903168,0.0031842098105698824,0.047940440475940704
0.016561031341552734,0.0029516841750591993,0.046077873557806015
0.01764714904129505,0.0031178814824670553,0.04882596433162689
0.017185000702738762,0.0029735532589256763,0.0469205304980278
0.01615111716091633,0.0031616853084415197,0.047767966985702515
0.016562512144446373,0.002934982068836689,0.04591233283281326
0.017520515248179436,0.0031218938529491425,0.04873945564031601
0.017127390950918198,0.002971015404909849,0.046837545931339264
0.01620692014694214,0.003136551007628441,0.04757243022322655
0.01655140146613121,0.0029157865792512894,0.045709267258644104
0.01740301586687565,0.003129182383418083,0.04869484156370163
0.017080821096897125,0.0029691453091800213,0.04677227512001991
0.016258591786026955,0.003108496777713299,0.04734355956315994
0.016527090221643448,0.00289192795753479,0.04544636979699135
0.017300529405474663,0.0031410320661962032,0.04871085286140442
0.017045406624674797,0.0029701583553105593,0.04674699157476425
0.01629560813307762,0.00307636009529233,0.047059208154678345
0.016491591930389404,0.002863776870071888,0.045129358768463135
0.017218124121427536,0.0031551062129437923,0.048769187182188034
0.01701826974749565,0.0029749134555459023,0.04676740616559982
0.01631111092865467,0.003039016854017973,0.046701282262802124
0.016449924558401108,0.002830539597198367,0.044755320996046066
0.017157817259430885,0.003171488642692566,0.048872701823711395
0.01699606329202652,0.0029845547396689653,0.046841610223054886
0.016302501782774925,0.002997833304107189,0.04628083482384682
0.01640905626118183,0.002794296946376562,0.04435202479362488
0.01711704209446907,0.003189027775079012,0.049007318913936615
0.016972346231341362,0.0029995529912412167,0.04696787893772125
0.016273528337478638,0.0029543850105255842,0.04581737890839577
0.016375912353396416,0.0027567963115870953,0.043943874537944794
0.017088541761040688,0.003206980414688587,0.04915834218263626
0.016941780224442482,0.003018200397491455,0.047123782336711884
0.016233080998063087,0.0029121199622750282,0.04535428062081337
0.016354648396372795,0.0027205520309507847,0.04356016963720322
0.017060954123735428,0.0032250829972326756,0.04931178316473961
0.016899332404136658,0.003038697876036167,0.04728630930185318
0.016192371025681496,0.0028737701941281557,0.044930070638656616
0.016345059499144554,0.0026881746016442776,0.043226808309555054
0.01702309027314186,0.003240935504436493,0.04943244531750679
0.016843991354107857,0.0030562495812773705,0.04740648716688156
0.016160935163497925,0.0028428153600543737,0.0445890873670578
0.01634153164923191,0.00266239233314991,0.04296545684337616
0.016968712210655212,0.0032513996120542288,0.04948270693421364
0.016777323558926582,0.0030664578080177307,0.04744189977645874
0.01614249311387539,0.002821614034473896,0.04435863345861435
0.016337450593709946,0.0026459097862243652,0.0427965484559536
0.016899792477488518,0.003251198213547468,0.049411773681640625
0.016704030334949493,0.003064915770664811,0.04735318571329117
0.016132831573486328,0.0028114570304751396,0.044247403740882874
0.01632937602698803,0.0026399565394967794,0.04272894188761711
0.016823360696434975,0.003237000200897455,0.0491933599114418
0.016627240926027298,0.0030501142609864473,0.047128383070230484
0.016124900430440903,0.0028128488920629025,0.0442533902823925
0.01631993055343628,0.0026449712458997965,0.04276964068412781
0.01674620434641838,0.0032077250070869923,0.04882345348596573
0.016547663137316704,0.0030228751711547375,0.046776413917541504
0.0161141324788332,0.0028255758807063103,0.0443698912858963
0.016313429921865463,0.0026602528523653746,0.042915958911180496
0.01667097583413124,0.0031650245655328035,0.04832122102379799
0.016463615000247955,0.0029853018932044506,0.046316634863615036
0.016102131456136703,0.0028489395044744015,0.04459152743220329
0.016312358900904655,0.0026846439577639103,0.04315879940986633
0.016597766429185867,0.003112097503617406,0.04771874099969864
0.016374891623854637,0.002940446138381958,0.045779354870319366
0.01609177701175213,0.002880831714719534,0.04490009695291519
0.016316590830683708,0.0027160048484802246,0.043476641178131104
0.016525985673069954,0.0030532258097082376,0.04705824330449104
0.016282515600323677,0.002892209915444255,0.04520461708307266
0.016085393726825714,0.0029175146482884884,0.04526054114103317
0.0163259319961071,0.002750721760094166,0.04383315145969391
0.01645532250404358,0.002994246082380414,0.04639778286218643
0.016188107430934906,0.0028460193425416946,0.04464830085635185
0.016083834692835808,0.002953435992822051,0.045618195086717606
0.016340995207428932,0.0027836808003485203,0.04417780041694641
0.016384568065404892,0.0029417460318654776,0.045802026987075806
0.016092536970973015,0.002807581564411521,0.04416835308074951
0.016088539734482765,0.002982167527079582,0.04591021686792374
0.016362227499485016,0.002808690769597888,0.04444913566112518
0.016311805695295334,0.002902443753555417,0.04533624276518822
0.015996821224689484,0.0027819250244647264,0.04381607100367546
0.0160998422652483,0.0029976298101246357,0.04607614129781723
0.016388844698667526,0.0028202105313539505,0.04459095001220703
0.01623453199863434,0.0028810473158955574,0.04504500329494476
0.015901481732726097,0.0027718644123524427,0.04362012445926666
0.016116276383399963,0.0029962717089802027,0.04607899487018585
0.0164190586656332,0.002815777901560068,0.04457683861255646
0.016150876879692078,0.00287819467484951,0.04493282362818718
0.01580609381198883,0.0027764877304434776,0.043570972979068756
0.01613697223365307,0.002980063436552882,0.04593760520219803
0.016451990231871605,0.0027985842898488045,0.04443783313035965
0.016058139503002167,0.00288910954259336,0.044949233531951904
0.015709087252616882,0.002790117636322975,0.043610263615846634
0.016165804117918015,0.0029566860757768154,0.04573266580700874
0.01648705266416073,0.002776413457468152,0.04425118863582611
0.015953028574585915,0.002905388129875064,0.04500690847635269
0.015610863454639912,0.0028037861920893192,0.043648723512887955
0.016210166737437248,0.00293565122410655,0.045566678047180176
0.016521818935871124,0.0027572601102292538,0.04409442096948624
0.01583443582057953,0.0029189283959567547,0.04502372071146965
0.01551517192274332,0.002809637226164341,0.043611545115709305
0.016273323446512222,0.0029224958270788193,0.045498281717300415
0.01655186153948307,0.002744650933891535,0.043998368084430695
0.015706170350313187,0.0029257074929773808,0.04496324434876442
0.01542722713202238,0.00280492240563035,0.04347645118832588
0.01635056920349598,0.0029164282605051994,0.045514851808547974
0.016573570668697357,0.002736846450716257,0.043942034244537354
0.01557433232665062,0.0029260350856930017,0.0448346808552742
0.015351067297160625,0.0027910866774618626,0.04326193407177925
0.016432873904705048,0.002913316013291478,0.04556603357195854
0.016583187505602837,0.0027306522242724895,0.04388970881700516
0.015445367433130741,0.0029205456376075745,0.04465082287788391
0.015290169976651669,0.002769630402326584,0.04298647493124008
0.016509169712662697,0.002910061040893197,0.04560977965593338
0.01657664030790329,0.002725068712607026,0.043827325105667114
0.01532814372330904,0.0029069185256958008,0.04439732804894447
0.015245785936713219,0.002740688156336546,0.042652666568756104
0.016566196456551552,0.002906401176005602,0.045630209147930145
0.016554642468690872,0.002721576951444149,0.04377041012048721
0.01523235347121954,0.0028816876001656055,0.044049229472875595
0.0152127081528306,0.0027050916105508804,0.04226362332701683
0.016596153378486633,0.0029041199013590813,0.045637354254722595
0.016525017097592354,0.0027224677614867687,0.043749697506427765
0.01516126561909914,0.002844283590093255,0.04360410198569298
0.015181310474872589,0.002665469655767083,0.04183600842952728
0.016602279618382454,0.002905826549977064,0.04566054791212082
0.016497554257512093,0.0027299681678414345,0.04379723593592644
0.015109166502952576,0.0027972478419542313,0.04308164492249489
0.015143536031246185,0.0026242148596793413,0.04138568416237831
0.01659693755209446,0.0029143556021153927,0.04574049264192581
0.016478531062602997,0.002745293080806732,0.04393146187067032
0.015063397586345673,0.0027450835332274437,0.04251423478126526
0.015098987147212029,0.002582007786259055,0.04091906547546387
0.016595125198364258,0.0029307608492672443,0.04590273275971413
0.01646428555250168,0.0027666178066283464,0.044130463153123856
0.015010582283139229,0.002694444265216589,0.041955024003982544
0.015058561228215694,0.0025392514653503895,0.04045107588171959
0.016596047207713127,0.0029521642718464136,0.046117689460515976
0.016441330313682556,0.0027890210039913654,0.044331539422273636
0.014950653538107872,0.00265026418492198,0.041453294456005096
0.015032602474093437,0.002497162204235792,0.040004223585128784
0.016581743955612183,0.0029743490740656853,0.046325236558914185
0.016399750486016273,0.002809868659824133,0.04449843615293503
0.014900537207722664,0.0026091274339705706,0.04099181294441223
0.015019203536212444,0.002455357229337096,0.03957277536392212
0.016534145921468735,0.0029973029159009457,0.046507176011800766
0.0163482166826725,0.0028309430927038193,0.04465764760971069
0.014877576380968094,0.0025643636472523212,0.04052121192216873
0.014996534213423729,0.0024154195562005043,0.03915072977542877
0.01647522673010826,0.003021380864083767,0.04668903350830078
0.016303375363349915,0.002851802622899413,0.04482140392065048
0.014865514822304249,0.00252038286998868,0.0400693416595459
0.01496218889951706,0.0023792926222085953,0.03875511512160301
0.01641128957271576,0.003045068122446537,0.04686196893453598
0.01627236418426037,0.0028696630615741014,0.044968992471694946
0.0148514648899436,0.0024814328644424677,0.039665792137384415
0.014905981719493866,0.002347881905734539,0.038384802639484406
0.0164044052362442,0.0030656522139906883,0.047060929238796234
0.016222884878516197,0.0028888718225061893,0.045111604034900665
0.014813077636063099,0.0024450754281133413,0.039263833314180374
0.01490957010537386,0.0023071717005223036,0.03798128664493561
0.01618296280503273,0.003106849966570735,0.04725146293640137
0.01626358926296234,0.002912157215178013,0.04538515955209732
0.014873919077217579,0.002385086379945278,0.038724783807992935
0.014644253998994827,0.0023432052694261074,0.038076307624578476
0.01711876131594181,0.0031530004926025867,0.04864876717329025
0.01604776456952095,0.0029773935675621033,0.04582170024514198
0.014586830511689186,0.002383046317845583,0.03841729462146759
0.016800273209810257,0.003595072776079178,0.052751000970602036
0.015179622918367386,0.0018918218556791544,0.03409784287214279
0.018009107559919357,0.008557801134884357,0.10358712077140808
0.01763826608657837,0.007790653500705957,0.09554480016231537
0.016262611374258995,0.002317233709618449,0.039434947073459625
0.016097789630293846,0.004296806640923023,0.05906585603952408
0.014080333523452282,0.004450959153473377,0.05858992412686348
0.014733541756868362,0.0030498148407787085,0.045231692492961884
0.018360616639256477,0.003999137785285711,0.058351993560791016
0.01871326006948948,0.004350827541202307,0.06222153455018997
0.014832316897809505,0.002304892987012863,0.03788124769926071
0.014682227745652199,0.0040851738303899765,0.05553396791219711
0.014982853084802628,0.0034709249157458544,0.049692101776599884
0.015373500064015388,0.0027031945064663887,0.042405445128679276
0.01608772575855255,0.003093058243393898,0.04701830819249153
0.015410426072776318,0.002156313043087721,0.036973558366298676
0.015552598051726818,0.006154250353574753,0.07709509879350662
0.015252810902893543,0.00600403780117631,0.07529319077730179
0.015304953791201115,0.002582649700343609,0.04113145172595978
0.016301609575748444,0.0034913839772343636,0.05121544748544693
0.01594037562608719,0.003736586309969425,0.05330623686313629
0.014949931763112545,0.0022149248979985714,0.03709918260574341
0.016735864803195,0.006596534978598356,0.08270121365785599
0.015916071832180023,0.006467568688094616,0.08059176057577133
0.014262096025049686,0.002362634986639023,0.03788844496011734
0.017146117985248566,0.003970831632614136,0.05685443431138992
0.017191119492053986,0.0032938695512712,0.05012981593608856
0.014136734418570995,0.002881209598854184,0.042948830872774124
0.014320896938443184,0.0035796547308564186,0.05011744052171707
0.015378806740045547,0.0027586380019783974,0.04296518862247467
0.01568653993308544,0.0036773313768208027,0.052459850907325745
0.015342156402766705,0.00356800714507699,0.051022227853536606
0.015301508828997612,0.002572047058492899,0.041021980345249176
0.014939375221729279,0.0028896143194288015,0.04383552074432373
0.014218452386558056,0.002502730581909418,0.03924575820565224
0.01651606895029545,0.0036436934024095535,0.05295300483703613
0.016558367758989334,0.0029981150291860104,0.04653951898217201
0.014424407854676247,0.003312631044536829,0.04755071550607681
0.013976643793284893,0.003214614000171423,0.04612278565764427
0.015749616548419,0.002972964197397232,0.04547926038503647
0.016180140897631645,0.002585963811725378,0.04203978180885315
0.014225242659449577,0.003018792252987623,0.044413164258003235
0.014382968656718731,0.002553377766162157,0.0399167463183403
0.01583646796643734,0.0023752436973154545,0.03958890587091446
0.014565577730536461,0.0032331724651157856,0.04689729958772659
0.01454549003392458,0.0025889170356094837,0.04043465852737427
0.016260962933301926,0.0039050073828548193,0.05531103536486626
0.015502356924116611,0.004032212309539318,0.05582448095083237
0.013854698278009892,0.0025182529352605343,0.039037227630615234
0.016279466450214386,0.002830230165272951,0.04458176717162132
0.016129592433571815,0.0024413703940808773,0.040543295443058014
0.013677841983735561,0.002891328651458025,0.04259112849831581
0.014371397905051708,0.00279832910746336,0.04235468804836273
0.01586916670203209,0.002159574767574668,0.037464916706085205
0.014539000578224659,0.002401051577180624,0.0385495163500309
0.01539942342787981,0.0027248060796409845,0.04264748468995094
0.01428546104580164,0.0021867668256163597,0.03615313023328781
0.015588786453008652,0.003696086350828409,0.05254964902997017
0.016180623322725296,0.003409050637856126,0.050271131098270416
0.015872584655880928,0.002452520653605461,0.04039779305458069
0.01366052869707346,0.003719693748280406,0.05085746571421623
0.014049215242266655,0.0030806639697402716,0.04485585540533066
0.01712842658162117,0.002817912958562374,0.04530755430459976
0.0159571822732687,0.0029893540777266026,0.0458507239818573
0.014381523244082928,0.0026330279652029276,0.04071180149912834
0.014926268719136715,0.0029772338457405567,0.04469860717654228
0.015098308213055134,0.0025039759930223227,0.04013806954026222
0.01449186634272337,0.0035074688494205475,0.04956655576825142
0.015486543998122215,0.0035653789527714252,0.051140330731868744
0.01663334108889103,0.002348305657505989,0.04011639952659607
0.013567114248871803,0.002929114969447255,0.04285826534032822
0.013847614638507366,0.0026439286302775145,0.04028690233826637
0.017025232315063477,0.0026252251118421555,0.04327748343348503
0.01564575545489788,0.002415877301245928,0.039804525673389435
0.013573926873505116,0.003245878266170621,0.04603270813822746
0.014136072248220444,0.003110463498160243,0.04524070769548416
0.01636325567960739,0.0023941141553223133,0.04030439630150795
0.014647523872554302,0.0030847685411572456,0.045495208352804184
0.014586147852241993,0.00256957090459764,0.040281858295202255
0.01601807028055191,0.003198338206857443,0.048001453280448914
0.014823016710579395,0.003456464968621731,0.04938766732811928
0.013465412892401218,0.002649848349392414,0.039963897317647934
0.015850717201828957,0.0027613441925495863,0.043464161455631256
0.01654837653040886,0.0023687288630753756,0.04023566469550133
0.013000128790736198,0.0029470096342265606,0.04247022420167923
0.013925188221037388,0.0026444171089679003,0.04036935791373253
0.016690589487552643,0.0024845474399626255,0.04153606295585632
0.014935662969946861,0.0027008885517716408,0.04194454848766327
0.013855606317520142,0.002267245203256607,0.03652805835008621
0.01616787537932396,0.003334181383252144,0.0495096892118454
0.015498917549848557,0.002653016708791256,0.04202908277511597
0.01351035013794899,0.0036548918578773737,0.05005927011370659
0.014613395556807518,0.003867938183248043,0.05329278111457825
0.01646118424832821,0.0023523829877376556,0.039985015988349915
0.014795046299695969,0.002712063957005739,0.041915684938430786
0.013003029860556126,0.003168221563100815,0.0446852445602417
0.014657766558229923,0.0022550325375050306,0.03720809146761894
0.018995022401213646,0.004055395722389221,0.05954898148775101
0.0177420936524868,0.003690477926284075,0.054646871984004974
0.013670605607330799,0.0026499449741095304,0.040170054882764816
0.01479330100119114,0.002884047105908394,0.04363377392292023
0.016189739108085632,0.0024815741926431656,0.04100548103451729
0.014610026963055134,0.0023246072232723236,0.037856098264455795
0.0156561229377985,0.0035447459667921066,0.051103584468364716
0.014987585134804249,0.0027626664377748966,0.042614247649908066
0.01634940877556801,0.0038049286231398582,0.05439869686961174
0.01644192636013031,0.003777105128392577,0.05421297624707222
0.014739728532731533,0.002313842996954918,0.03787815943360329
0.014445927925407887,0.0021894280798733234,0.03634020686149597
0.016562270000576973,0.003984241280704737,0.056404680013656616
0.01605968549847603,0.003407898359000683,0.050138670951128006
0.01507069356739521,0.002739733550697565,0.04246802628040314
0.015111313201487064,0.0027863059658557177,0.04297437146306038
0.015511996112763882,0.0027695775497704744,0.04320777207612991
0.015154078602790833,0.002451269654557109,0.03966677561402321
0.015617366880178452,0.003499281592667103,0.05061018094420433
0.01577855832874775,0.0033773723989725113,0.04955228418111801
0.015255638398230076,0.0022862236946821213,0.038117874413728714
0.014542454853653908,0.00227944552898407,0.03733690828084946
0.015610840171575546,0.0034371803048998117,0.049982644617557526
0.01573043502867222,0.0030743873212486506,0.046474307775497437
0.015866467729210854,0.002584461122751236,0.041711077094078064
0.014832821674644947,0.0027533925604075193,0.04236674681305885
0.014711651019752026,0.0027680606581270695,0.04239225760102272
0.015574022196233273,0.0025785169564187527,0.04135919362306595
0.01605084538459778,0.0029078617226332426,0.04512946307659149
0.01503159198909998,0.00296908151358366,0.044722408056259155
0.014556068927049637,0.002660781843587756,0.041163887828588486
0.052161745727062225,0.003175608115270734,0.08391782641410828
0.03926999494433403,0.0029523144476115704,0.06879314035177231
0.02912510372698307,0.0036646192893385887,0.06577129662036896
0.026699969545006752,0.003363443538546562,0.06033440679311752
0.025919592007994652,0.0034567294642329216,0.060486890375614166
0.02224504016339779,0.0037903618067502975,0.060148656368255615
0.022321954369544983,0.0033083902671933174,0.05540585517883301
0.024007251486182213,0.0031974383164197206,0.05598163604736328
0.024002548307180405,0.0029501302633434534,0.0535038486123085
0.022499771788716316,0.0034656389616429806,0.05715616047382355
0.02519862726330757,0.002604202600196004,0.05124065279960632
0.021520350128412247,0.004362643696367741,0.0651467889547348
0.021232018247246742,0.003530642716214061,0.05653844773769379
0.027028487995266914,0.004429754801094532,0.07132603228092194
0.029146041721105576,0.005361787974834442,0.0827639251947403
0.023110175505280495,0.0033446105662733316,0.05655628442764282
0.022418571636080742,0.004431902896612883,0.066737599670887
0.025230905041098595,0.0042729731649160385,0.06796063482761383
0.023426875472068787,0.0025322563014924526,0.04874943941831589
0.02263799123466015,0.004789596423506737,0.07053395360708237
0.023622481152415276,0.004443557001650333,0.06805805116891861
0.02430718019604683,0.0023781703785061836,0.048088885843753815
0.021508188918232918,0.0034802774898707867,0.05631096661090851
0.019164931029081345,0.0029961061663925648,0.04912599176168442
0.02548104338347912,0.003480729414150119,0.06028833985328674
0.02517600543797016,0.003358513116836548,0.05876113474369049
0.01893921196460724,0.003511555027216673,0.05405476316809654
0.020335940644145012,0.004291055258363485,0.06324649602174759
0.020763903856277466,0.003055098932236433,0.05131489410996437
0.022207409143447876,0.003072143765166402,0.05292884632945061
0.02068426087498665,0.003322799224406481,0.05391225218772888
0.021509064361453056,0.002565951319411397,0.04716857522726059
0.021356021985411644,0.003409668803215027,0.05545271188020706
0.020353879779577255,0.003362980205565691,0.05398368090391159
0.01996622048318386,0.002955803880468011,0.04952425882220268
0.02287067286670208,0.002855745144188404,0.05142812430858612
0.02353285439312458,0.0026754934806376696,0.05028779059648514
0.02010255493223667,0.0027130376547574997,0.04723293334245682
0.018310565501451492,0.003490431932732463,0.05321488529443741
0.02105550281703472,0.002715290989726782,0.048208415508270264
0.02365291491150856,0.0030137267895042896,0.05379018187522888
0.022060928866267204,0.0030905348248779774,0.052966274321079254
0.017901763319969177,0.0030104247853159904,0.04800601303577423
0.019861405715346336,0.002964495215564966,0.04950635880231857
0.022368190810084343,0.00253115501254797,0.04767974093556404
0.02140272594988346,0.0024720015935599804,0.04612274467945099
0.018601493909955025,0.0032336402218788862,0.050937898457050323
0.019621655344963074,0.0027795571368187666,0.04741722717881203
0.022190801799297333,0.002967056818306446,0.051861368119716644
0.0211852565407753,0.0031241471879184246,0.05242672935128212
0.018776213750243187,0.0024979966692626476,0.04375617951154709
0.02014780417084694,0.002550797536969185,0.04565577954053879
0.021950824186205864,0.0022496478632092476,0.04444730281829834
0.01911621168255806,0.0023450918961316347,0.04256713017821312
0.01872054673731327,0.003104005241766572,0.0497605986893177
0.02034623548388481,0.0024882350116968155,0.045228585600852966
0.021148303523659706,0.0032161963172256947,0.05331026762723923
0.019588813185691833,0.0035076334606856108,0.05466514825820923
0.018312107771635056,0.0023441282100975513,0.041753388941287994
0.020883366465568542,0.0026496872305870056,0.0473802387714386
0.020983433350920677,0.0020549106411635876,0.04153253883123398
0.01806754246354103,0.002492820378392935,0.042995747178792953
0.019895927980542183,0.0020797241013497114,0.040693171322345734
0.021194903180003166,0.0019111302681267262,0.040306203067302704
0.018453354015946388,0.002226804383099079,0.04072139784693718
0.020093051716685295,0.0019539804197847843,0.03963285684585571
0.020053105428814888,0.002401473233476281,0.04406783729791641
0.018911873921751976,0.0021394952200353146,0.040306828916072845
0.020138874650001526,0.0023148683831095695,0.04328756034374237
0.02005322277545929,0.0016587681602686644,0.03664090484380722
0.017735669389367104,0.00447092205286026,0.062444888055324554
0.018156958743929863,0.003362709889188409,0.05178406089544296
0.021303636953234673,0.003138607367873192,0.05268970876932144
0.022866640239953995,0.003265300067141652,0.05551964044570923
0.019283657893538475,0.002667042426764965,0.045954082161188126
0.018206709995865822,0.003583882236853242,0.05404553562402725
0.020012790337204933,0.0027722069062292576,0.047734856605529785
0.020894119516015053,0.003465005662292242,0.0555441752076149
0.02142070047557354,0.003174950834363699,0.05317021161317825
0.01895909570157528,0.0033859610557556152,0.05281870812177658
0.01876813918352127,0.003005669917911291,0.04882483929395676
0.020412927493453026,0.003462633118033409,0.05503925681114197
0.020464152097702026,0.0025985073298215866,0.04644922539591789
0.019340401515364647,0.004149599466472864,0.06083639711141586
0.018501272425055504,0.0033211521804332733,0.051712796092033386
0.019291767850518227,0.003644963726401329,0.055741406977176666
0.020855337381362915,0.003041710937395692,0.0512724444270134
0.019931595772504807,0.00297543010674417,0.049685895442962646
0.018414895981550217,0.0026460103690624237,0.044874999672174454
0.0189217459410429,0.0031253064516931772,0.050174809992313385
0.02016466110944748,0.002491085324436426,0.045075513422489166
0.019795630127191544,0.002867570146918297,0.04847133159637451
0.018573133274912834,0.0025230571627616882,0.043803706765174866
0.019268430769443512,0.0029507100116461515,0.048775531351566315
0.01988929882645607,0.0023518195375800133,0.04340749233961105
0.01921275071799755,0.003009270876646042,0.04930546134710312
0.01847771555185318,0.002426165621727705,0.042739372700452805
0.01998504437506199,0.0030685593374073505,0.05067063868045807
0.020145133137702942,0.0025011191610246897,0.0451563224196434
0.018920836970210075,0.0027646180242300034,0.04656701534986496
0.018306681886315346,0.0024302955716848373,0.04260963946580887
0.02011421136558056,0.0026409639976918697,0.04652385413646698
0.02045101299881935,0.002155083231627941,0.04200184345245361
0.01856093294918537,0.0028355226386338472,0.04691615700721741
0.01815776899456978,0.0025321149732917547,0.04347892105579376
0.02009056881070137,0.0024248198606073856,0.04433876648545265
0.020473748445510864,0.0021224250085651875,0.041697997599840164
0.018370384350419044,0.002704876009374857,0.04541914165019989
0.01814340241253376,0.0024850298650562763,0.0429937019944191
0.020055154338479042,0.0023498304653912783,0.04355345666408539
0.020203661173582077,0.002166126389056444,0.041864924132823944
0.01829458400607109,0.0025510317645967007,0.04380490258336067
0.018338939175009727,0.0023900484666228294,0.04223942384123802
0.020019153133034706,0.00227136118337512,0.04273276776075363
0.019767601042985916,0.002173962537199259,0.04150722548365593
0.018292497843503952,0.002446357160806656,0.04275606945157051
0.018683020025491714,0.002293017227202654,0.04161319136619568
0.01989881694316864,0.002210032194852829,0.04199913889169693
0.01931098848581314,0.002155003137886524,0.040861018002033234
0.018399059772491455,0.0023964717984199524,0.04236377775669098
0.0189804770052433,0.002210468053817749,0.04108515754342079
0.019582286477088928,0.0022156303748488426,0.041738592088222504
0.0189760010689497,0.0021344092674553394,0.04032009094953537
0.018686776980757713,0.0023594077210873365,0.04228085279464722
0.01907828263938427,0.0021493113599717617,0.04057139903306961
0.01917530782520771,0.0022606183774769306,0.04178149253129959
0.018888898193836212,0.0021076039411127567,0.039964936673641205
0.01895235665142536,0.0023089107125997543,0.042041465640068054
0.018926307559013367,0.002122128615155816,0.04014759510755539
0.01891002617776394,0.002230118028819561,0.04121120646595955
0.018963662907481194,0.0020222626626491547,0.03918629139661789
0.01898718625307083,0.0022676954977214336,0.04166414216160774
0.018709233030676842,0.0020930408500134945,0.03963964432477951
0.018897781148552895,0.002154314424842596,0.04044092446565628
0.019002381712198257,0.0019405113998800516,0.038407497107982635
0.018787827342748642,0.0022484208457171917,0.041272036731243134
0.018627341836690903,0.0020715573336929083,0.03934291750192642
0.01898837462067604,0.002072168979793787,0.039710063487291336
0.018863622099161148,0.0019115069881081581,0.03797869384288788
0.018638383597135544,0.002221113769337535,0.04084952175617218
0.018707726150751114,0.0020531020127236843,0.03923874720931053
0.01893145963549614,0.0020026667043566704,0.038958124816417694
0.018674343824386597,0.0018760908860713243,0.03743525221943855
0.018719390034675598,0.0022038891911506653,0.04075828194618225
0.018739577382802963,0.002039607847109437,0.039135657250881195
0.018715165555477142,0.0019716829992830753,0.03843199461698532
0.01863679476082325,0.0018183328211307526,0.036820121109485626
0.0188094824552536,0.0022004025522619486,0.04081350564956665
0.01860625296831131,0.0020522139966487885,0.039128392934799194
0.01856747455894947,0.0019091484136879444,0.03765895962715149
0.018678301945328712,0.0017374212620779872,0.03605251386761665
0.018661005422472954,0.00221125571988523,0.04077356308698654
0.018471485003829002,0.002060520928353071,0.03907669335603714
0.01858529821038246,0.0018351335311308503,0.03693663328886032
0.01856263354420662,0.0016956053441390395,0.03551868721842766
0.018548328429460526,0.002209295518696308,0.040641285479068756
0.01846383512020111,0.002052494091913104,0.03898877650499344
0.018490102142095566,0.001789933885447681,0.036389440298080444
0.01844853349030018,0.0016591564053669572,0.03504009544849396
0.018569903448224068,0.002192280488088727,0.0404927060008049
0.018395375460386276,0.0020361861679702997,0.03875723481178284
0.018321344628930092,0.0017667051870375872,0.035988397896289825
0.018480373546481133,0.0016126735135912895,0.03460710868239403
0.01842573657631874,0.00217170687392354,0.04014280438423157
0.018245507031679153,0.0020217779092490673,0.0384632870554924
0.01833140291273594,0.0017169853672385216,0.035501256585121155
0.018374882638454437,0.0015882841544225812,0.03425772488117218
0.018349720165133476,0.0021513462997972965,0.039863184094429016
0.018198449164628983,0.002004813402891159,0.03824658319354057
0.018233129754662514,0.0016859781462699175,0.03509291261434555
0.018329886719584465,0.0015524134505540133,0.03385402262210846
0.018266838043928146,0.0021464175079017878,0.03973101079463959
0.018085848540067673,0.0020064329728484154,0.03815017640590668
0.018173225224018097,0.0016385221388190985,0.03455844521522522
0.018281947821378708,0.0015035193646326661,0.033317141234874725
0.018132256343960762,0.0021669927518814802,0.039802186191082
0.018005995079874992,0.002026689238846302,0.03827288746833801
0.018138380721211433,0.001572212902829051,0.03386051207780838
0.018155260011553764,0.001453633769415319,0.0326915979385376
0.018141264095902443,0.0021914467215538025,0.04005572944879532
0.01794263906776905,0.002051273360848427,0.03845537453889847
0.017985893413424492,0.0015259534120559692,0.033245429396629333
0.01821904629468918,0.001393355312757194,0.03215260058641434
0.01778995431959629,0.0022132822778075933,0.03992277756333351
0.0178027655929327,0.002048598136752844,0.038288749754428864
0.018127553164958954,0.001477149548009038,0.032899048179388046
0.017830021679401398,0.001447838032618165,0.03230839967727661
0.018399888649582863,0.0020122970454394817,0.038522861897945404
0.017666518688201904,0.0018406391609460115,0.03607290983200073
0.017622804269194603,0.0017245234921574593,0.034868039190769196
0.01866075210273266,0.0015976426657289267,0.03463717922568321
0.017544476315379143,0.001580165233463049,0.033346131443977356
0.01731197163462639,0.001364448806270957,0.030956460162997246
0.01912517659366131,0.002427159110084176,0.04339676722884178
0.0187230184674263,0.0025237766094505787,0.04396078363060951
0.01703929342329502,0.0012553930282592773,0.029593223705887794
0.02021780051290989,0.0024136097636073828,0.044353898614645004
0.018253924325108528,0.0013562944950535893,0.03181686997413635
0.01635858789086342,0.004723645281046629,0.06359504163265228
0.017287207767367363,0.005918443202972412,0.07647164165973663
0.018504321575164795,0.0019669814500957727,0.038174137473106384
0.02177439071238041,0.0037565650418400764,0.059340037405490875
0.02043115347623825,0.0055834040977060795,0.07626519352197647
0.01632801629602909,0.0038512551691383123,0.0548405647277832
0.015905514359474182,0.002638930222019553,0.04229481518268585
0.019700733944773674,0.0032477930653840303,0.05217866599559784
0.022047773003578186,0.0034485524520277977,0.05653329938650131
0.01877226121723652,0.0012135189026594162,0.03090745024383068
0.015080534853041172,0.006239995360374451,0.0774804875254631
0.015254246070981026,0.009080338291823864,0.10605762898921967
0.015489152632653713,0.003670711303129792,0.05219626799225807
0.022377220913767815,0.003222554223611951,0.054602764546871185
0.02578422985970974,0.006117396056652069,0.08695819228887558
0.021173585206270218,0.003627209924161434,0.05744568631052971
0.01615208387374878,0.0034733861684799194,0.050885945558547974
0.015285907313227654,0.00441877031698823,0.059473611414432526
0.017337681725621223,0.00328574376180768,0.0501951202750206
0.02133992128074169,0.002857650863006711,0.049916431307792664
0.020078442990779877,0.0019762159790843725,0.03984060138463974
0.016987701877951622,0.003634518710896373,0.05333288758993149
0.016464633867144585,0.0035155911464244127,0.051620543003082275
0.01748752035200596,0.0013716908870264888,0.031204428523778915
0.020731452852487564,0.0021486894693225622,0.04221834987401962
0.018002035096287727,0.0013901353813707829,0.03190338984131813
0.017580144107341766,0.0032668316271156073,0.05024845898151398
0.01720524951815605,0.002832336351275444,0.04552861303091049
0.019423313438892365,0.0018383092246949673,0.03780640661716461
0.01889432780444622,0.0022385562770068645,0.04127988964319229
0.017420893535017967,0.0017917301738634706,0.03533819317817688
0.01779739372432232,0.0018759297672659159,0.03655669093132019
0.018326999619603157,0.0016487843822687864,0.03481484204530716
0.01730959117412567,0.001702047768048942,0.03433007001876831
0.018062662333250046,0.0015338719822466373,0.033401381224393845
0.018328573554754257,0.00138422183226794,0.03217079117894173
0.017053743824362755,0.001868027145974338,0.035734012722969055
0.01708761416375637,0.0012222500517964363,0.029310114681720734
0.022612126544117928,0.003607319900766015,0.05868532508611679
0.02215409092605114,0.0037183035165071487,0.05933712422847748
0.016878288239240646,0.0011654938571155071,0.028533227741718292
0.01803463324904442,0.0029098433442413807,0.04713306576013565
0.017637567594647408,0.00211421400308609,0.03877970576286316
0.01742343232035637,0.002015126636251807,0.03757470101118088
0.017723025754094124,0.002162022516131401,0.039343252778053284
0.018109578639268875,0.001436243299394846,0.03247201070189476
0.016841499134898186,0.0019016637234017253,0.03585813567042351
0.01712479442358017,0.0014625552576035261,0.03175034746527672
0.018332406878471375,0.0018839038675650954,0.03717144578695297
0.018138783052563667,0.0016515139723196626,0.0346539244055748
0.01665469817817211,0.0017482336843386292,0.03413703292608261
0.017029888927936554,0.001758368918672204,0.034613579511642456
0.017370814457535744,0.0013660340337082744,0.031031154096126556
0.017411991953849792,0.0014894597698003054,0.03230658918619156
0.017013460397720337,0.0012914777034893632,0.029928237199783325
0.016379769891500473,0.001497463439591229,0.031354404985904694
0.017252624034881592,0.001028814585879445,0.027540769428014755
0.01761980541050434,0.002416736911982298,0.041787177324295044
0.016878413036465645,0.0017219057772308588,0.034097470343112946
0.01831543818116188,0.0023471289314329624,0.04178672656416893
0.01873411051928997,0.0026773277204483747,0.045507386326789856
0.0169227197766304,0.0010987687855958939,0.02791040763258934
0.016697730869054794,0.002145191887393594,0.038149647414684296
0.017072644084692,0.0012239004718139768,0.0293116495013237
0.01875794120132923,0.0029768669046461582,0.04852660745382309
0.018910076469182968,0.0032661533914506435,0.05157161131501198
0.016064109280705452,0.0012709349393844604,0.028773458674550056
0.019946938380599022,0.002679357770830393,0.046740517020225525
0.018834751099348068,0.0026589534245431423,0.045424286276102066
0.015827717259526253,0.0014508254826068878,0.03033597208559513
0.01760263741016388,0.0022360701113939285,0.039963338524103165
0.0178360715508461,0.0015652626752853394,0.03348869830369949
0.016657112166285515,0.001670005964115262,0.033357173204422
0.01624215766787529,0.0017565113957971334,0.03380727022886276
0.017224404960870743,0.0012710199225693941,0.029934603720903397
0.01650902070105076,0.0016620238311588764,0.0331292599439621
0.016749298200011253,0.0010005896911025047,0.0267551951110363
0.018354596570134163,0.002494798507541418,0.04330258071422577
0.01693369820713997,0.0021537665743380785,0.03847136348485947
0.01584622822701931,0.0016457359306514263,0.032303586602211
0.017924770712852478,0.0016956757754087448,0.034881528466939926
0.019000213593244553,0.0012539996532723308,0.03154021129012108
0.015391908586025238,0.0015956675633788109,0.031348586082458496
0.015803935006260872,0.0015238894848152995,0.031042829155921936
0.018299316987395287,0.0011516553349792957,0.02981587126851082
0.01681399904191494,0.0013015223667025566,0.029829222708940506
0.015923593193292618,0.0013176363427191973,0.029099956154823303
0.016523027792572975,0.0011344781378284097,0.027867808938026428
0.016518721356987953,0.0012823373544961214,0.02934209443628788
0.017194362357258797,0.0010826559737324715,0.02802092209458351
0.015418345108628273,0.0013726584147661924,0.029144929721951485
0.01600893959403038,0.0009058357100002468,0.025067295879125595
0.018528059124946594,0.002440858632326126,0.042936645448207855
0.017970502376556396,0.0018451227806508541,0.03642173111438751
0.015551761724054813,0.001802131300792098,0.033573076128959656
0.01543559692800045,0.001892553293146193,0.034361131489276886
0.01643519289791584,0.001650943886488676,0.032944634556770325
0.016894351691007614,0.0013011631090193987,0.029905982315540314
0.016329165548086166,0.0020095831714570522,0.03642499819397926
0.015886321663856506,0.0015150271356105804,0.03103659301996231
0.016387194395065308,0.0021635431330651045,0.03802262619137764
0.016601592302322388,0.002117461757734418,0.03777620941400528
0.016234396025538445,0.0012714718468487263,0.028949115425348282
0.016100583598017693,0.0014003986725583673,0.03010457009077072
0.01619097962975502,0.0014331615529954433,0.030522596091032028
0.016106436029076576,0.001157263177447021,0.027679067105054855
0.01621285080909729,0.0017682050820440054,0.03389490395784378
0.0161326564848423,0.0013618259690701962,0.029750917106866837
0.016781002283096313,0.0019508041441440582,0.036289043724536896
0.016452724114060402,0.0019245417788624763,0.035698141902685165
0.015720026567578316,0.0014813882298767567,0.030533909797668457
0.016202053055167198,0.0015190981794148684,0.031393036246299744
0.016714459285140038,0.0013844992499798536,0.03055945225059986
0.01604573242366314,0.0012782602570950985,0.02882833406329155
0.015624118968844414,0.0015963480109348893,0.03158760070800781
0.016076942905783653,0.0012577029410749674,0.02865397185087204
0.017049487680196762,0.0016214947681874037,0.033264435827732086
0.016317563131451607,0.0014662450412288308,0.03098001331090927
0.0157635398209095,0.0016151022864505649,0.03191456198692322
0.016019467264413834,0.0015436308458447456,0.03145577758550644
0.016710937023162842,0.0013042696518823504,0.029753632843494415
0.01604575477540493,0.00138085859362036,0.029854340478777885
0.01568688452243805,0.0012831272324547172,0.028518157079815865
0.01596325822174549,0.0012678003404289484,0.028641261160373688
0.01616767793893814,0.0010740053839981556,0.026907730847597122
0.015438409522175789,0.0012139288010075688,0.027577698230743408
0.015894168987870216,0.0010906506795436144,0.026800675317645073
0.015976978465914726,0.0008934850920923054,0.024911828339099884
0.015374387614428997,0.0016701798886060715,0.032076187431812286
0.015591302886605263,0.000956186733674258,0.02515317127108574
0.018965670838952065,0.0030326240230351686,0.049291908740997314
0.018788637593388557,0.0033365674316883087,0.052154310047626495
0.015045582316815853,0.0010693108197301626,0.025738690048456192
0.017608027905225754,0.0029896681662648916,0.04750470817089081
0.018388336524367332,0.003514708951115608,0.053535424172878265
0.016968658193945885,0.0012523236218839884,0.02949189394712448
0.015716679394245148,0.0031499932520091534,0.047216612845659256
0.016520779579877853,0.004874134436249733,0.06526212394237518
0.01592264510691166,0.002193570602685213,0.037858352065086365
0.01780085824429989,0.0026508059818297625,0.04430891573429108
0.02205309271812439,0.005578180775046349,0.07783490419387817
0.02039441466331482,0.003579519223421812,0.056189607828855515
0.01473765168339014,0.001780946273356676,0.03254711255431175
0.0159838255494833,0.0037662158720195293,0.05364598333835602
0.018329065293073654,0.0034469703678041697,0.05279877036809921
0.017434146255254745,0.0015080950688570738,0.03251509740948677
0.017710531130433083,0.002431740052998066,0.04202793166041374
0.01786831021308899,0.00245358026586473,0.042404115200042725
0.016273338347673416,0.001903193537145853,0.03530527278780937
0.019184350967407227,0.0033495211973786354,0.05267956107854843
0.017756879329681396,0.0023859357461333275,0.04161623865365982
0.01801588013768196,0.0013151858001947403,0.031167738139629364
0.019492408260703087,0.0025866671930998564,0.04535908252000809
0.015027719549834728,0.001362979761324823,0.028657518327236176
0.01865747570991516,0.0020151855424046516,0.03880932927131653
0.017329249531030655,0.002471107756718993,0.042040325701236725
0.016092831268906593,0.0011991248466074467,0.028084080666303635
0.01955386810004711,0.0025142086669802666,0.04469595476984978
0.02139497920870781,0.004072925541549921,0.062124233692884445
0.018254568800330162,0.003503939602524042,0.05329396575689316
0.01628478430211544,0.0011286282679066062,0.027571067214012146
0.02022334560751915,0.00290399300865829,0.049263276159763336
0.02145412191748619,0.0034429968800395727,0.055884089320898056
0.014521383680403233,0.0033697187900543213,0.04821857064962387
0.015239248983561993,0.0035368623211979866,0.050607871264219284
0.02186637558043003,0.003202988998964429,0.05389626324176788
0.02487001195549965,0.0038623553700745106,0.06349356472492218
0.019997114315629005,0.001953952480107546,0.03953664004802704
0.014772068709135056,0.0026482215616852045,0.041254281997680664
0.01666811667382717,0.003632203908637166,0.052990153431892395
0.019443640485405922,0.00318938959389925,0.051337532699108124
0.01915302686393261,0.0022848343942314386,0.04200137034058571
0.016271719709038734,0.001773059251718223,0.034002311527729034
0.018096398562192917,0.0021050614304840565,0.03914701193571091
0.020224347710609436,0.0020619058050215244,0.040843404829502106
0.01830080896615982,0.0016693327343091369,0.03499413654208183
0.014644310809671879,0.0021288637071847916,0.03593294695019722
0.0158842746168375,0.00210359669290483,0.03692024201154709
0.01924857683479786,0.0018248427659273148,0.037497006356716156
0.017718663439154625,0.0012283686082810163,0.030002349987626076
0.014942239969968796,0.002675463445484638,0.04169687628746033
0.016322340816259384,0.002521966816857457,0.04154200851917267
0.020973149687051773,0.0019545191898941994,0.040518343448638916
0.02156684547662735,0.0022131851874291897,0.04369869828224182
0.015934422612190247,0.001281457138247788,0.028748992830514908
0.015024700202047825,0.0019033338176086545,0.034058038145303726
0.01605834625661373,0.0015025653410702944,0.031083999201655388
0.018506478518247604,0.001269246218726039,0.03119894117116928
0.016026658937335014,0.0013631704496219754,0.02965836226940155
0.01687474362552166,0.0011711640981957316,0.028586383908987045
0.017784705385565758,0.0011326512321829796,0.029111217707395554
0.015336450189352036,0.001280569238588214,0.028142143040895462
0.015441792085766792,0.0010453291470184922,0.02589508332312107
0.018573470413684845,0.0017074653878808022,0.03564812242984772
0.017194340005517006,0.001194580690935254,0.02914014644920826
0.01700608804821968,0.002601131796836853,0.04301740601658821
0.01682405360043049,0.002613148419186473,0.042955540120601654
0.016655176877975464,0.00105651980265975,0.02722037583589554
0.01733439974486828,0.0013506808318197727,0.03084120899438858
0.01578514464199543,0.0014143185690045357,0.029928330332040787
0.016429835930466652,0.0010316978441551328,0.02674681320786476
0.017893118783831596,0.001741559710353613,0.03530871868133545
0.01619645394384861,0.0014746582601219416,0.03094303607940674
0.016703778877854347,0.001740712090395391,0.0341109000146389
0.01645445078611374,0.0014760633930563927,0.031215084716677666
0.018522342666983604,0.0014831193257123232,0.0333535373210907
0.016451867297291756,0.001342856790870428,0.029880434274673462
0.01568656601011753,0.0020783140789717436,0.036469705402851105
0.01667698845267296,0.0017795278690755367,0.0344722680747509
0.0179121233522892,0.001116256695240736,0.029074691236019135
0.016829991713166237,0.0011511404300108552,0.028341395780444145
0.016086814925074577,0.001602698932401836,0.032113805413246155
0.015332112088799477,0.0012475034454837441,0.027807146310806274
0.019160371273756027,0.001805404550395906,0.03721441701054573
0.018856454640626907,0.001731543685309589,0.036171890795230865
0.015306834131479263,0.001159826060757041,0.02690509520471096
0.01532605942338705,0.0011408458231016994,0.026734517887234688
0.018081028014421463,0.0014112620847299695,0.03219364956021309
0.0170365609228611,0.0011232388205826283,0.028268948197364807
0.017221175134181976,0.0016813260735943913,0.03403443843126297
0.01721334643661976,0.0015868961345404387,0.03308230638504028
0.01648174412548542,0.001018189243040979,0.026663636788725853
0.016256751492619514,0.000940761819947511,0.025664370507001877
0.016283700242638588,0.00165513064712286,0.03283500671386719
0.015986425802111626,0.00131858023814857,0.029172228649258614
0.01799066737294197,0.0013379050651565194,0.03136971592903137
0.017490573227405548,0.0012863029260188341,0.030353602021932602
0.015817180275917053,0.0011593076633289456,0.02741025760769844
0.015116691589355469,0.0010041975183412433,0.02515866607427597
0.01910318061709404,0.0015133214183151722,0.03423639386892319
0.01834280602633953,0.0012674585450440645,0.03101739101111889
0.015895914286375046,0.0012411477509886026,0.028307391330599785
0.015622572042047977,0.001190896611660719,0.027531538158655167
0.01743844337761402,0.0012218279298394918,0.029656723141670227
0.01703454926609993,0.0010448297252878547,0.02748284675180912
0.01627424731850624,0.0014203110476955771,0.030477358028292656
0.015864279121160507,0.0013363093603402376,0.029227372258901596
0.016939466819167137,0.0010447412496432662,0.027386879548430443
0.016583001241087914,0.0009199450723826885,0.025782451033592224
0.01670124940574169,0.0014546405291184783,0.031247654929757118
0.016192588955163956,0.0012638651533052325,0.02883123978972435
0.01729399524629116,0.0011148701887577772,0.02844269759953022
0.01684810221195221,0.0010186072904616594,0.027034174650907516
0.016178680583834648,0.0013136586640030146,0.029315266758203506
0.015813251957297325,0.0011518850224092603,0.02733210101723671
0.017478320747613907,0.0011756649473682046,0.02923496998846531
0.017059436067938805,0.0010456907330080867,0.02751634269952774
0.01597907394170761,0.001250971807166934,0.02848879247903824
0.015646016225218773,0.0011132010258734226,0.026778027415275574
0.01737016998231411,0.0011729428078979254,0.02909959852695465
0.017029987648129463,0.0010215153452008963,0.027245141565799713
0.015993410721421242,0.001240443205460906,0.02839784324169159
0.015495703555643559,0.001133269746787846,0.026828400790691376
0.017279844731092453,0.0011075156508013606,0.028355002403259277
0.016787510365247726,0.0009756960207596421,0.026544470340013504
0.01615951769053936,0.001260643359273672,0.028765950351953506
0.015754709020256996,0.00115244893822819,0.027279198169708252
0.017050830647349358,0.0010452570859342813,0.027503401041030884
0.016576332971453667,0.0009355471120215952,0.02593180537223816
0.01620246283710003,0.0012823708821088076,0.029026171192526817
0.015900103375315666,0.0011677064467221498,0.027577167376875877
0.016675084829330444,0.0010026779491454363,0.02670186385512352
0.01625746488571167,0.0008879814995452762,0.0251372791826725
0.016378983855247498,0.0013135960325598717,0.029514944180846214
0.015960505232214928,0.001198415644466877,0.027944661676883698
0.016499491408467293,0.0009452069643884897,0.025951560586690903
0.01608448661863804,0.000835407292470336,0.024438560009002686
0.016457365825772285,0.001348088146187365,0.029938247054815292
0.01612216793000698,0.0012187680695205927,0.02830984815955162
0.016389070078730583,0.0008930823532864451,0.025319892913103104
0.015870872884988785,0.0008190350490622222,0.02406122349202633
0.016464147716760635,0.0013430751860141754,0.02989489957690239
0.016114292666316032,0.0011995655950158834,0.028109949082136154
0.016270648688077927,0.0009026685147546232,0.02529733255505562
0.015992362052202225,0.0008298702305182815,0.024291064590215683
0.016109734773635864,0.0012660057982429862,0.02876979298889637
0.015820175409317017,0.0011006374843418598,0.02682654932141304
0.016624657437205315,0.0009499179432168603,0.026123836636543274
0.016119444742798805,0.000919227721169591,0.025311721488833427
0.01570446789264679,0.0011154282838106155,0.026858750730752945
0.015340574085712433,0.0009650520514696836,0.024991095066070557
0.017126161605119705,0.0010432216804474592,0.027558378875255585
0.016544101759791374,0.0009492321405559778,0.026036422699689865
0.015582133084535599,0.0010823420016095042,0.02640555426478386
0.015528184361755848,0.0009843746665865183,0.025371931493282318
0.016698166728019714,0.0009562462219037116,0.026260629296302795
0.015973873436450958,0.0008484286954626441,0.024458160623908043
0.016172004863619804,0.00120269856415689,0.02819899097084999
0.016003180295228958,0.0011270716786384583,0.02727389708161354
0.016019683331251144,0.0008093692013062537,0.024113375693559647
0.015399190597236156,0.0007356067653745413,0.022755257785320282
0.016700591892004013,0.0013308749767020345,0.03000934049487114
0.016453789547085762,0.0012225296813994646,0.02867908589541912
0.01566213183104992,0.0007382782059721649,0.02304491400718689
0.015033855102956295,0.0007073371671140194,0.02210722677409649
0.017046554014086723,0.0013627404114231467,0.030673958361148834
0.01659817062318325,0.0012508423533290625,0.029106594622135162
0.015317045152187347,0.0007188050076365471,0.02250509522855282
0.015050598420202732,0.0007126349373720586,0.022176947444677353
0.015825964510440826,0.0017386337276548147,0.03321230411529541
0.0170133076608181,0.0013402581680566072,0.030415888875722885
0.014832532964646816,0.0009006465552374721,0.02383899874985218
0.03648873046040535,0.0019324927125126123,0.05581365525722504
0.029575394466519356,0.0018704941030591726,0.04828033596277237
0.022813474759459496,0.001503917621448636,0.03785265237092972
0.01929166540503502,0.001305002486333251,0.03234168887138367
0.01863194815814495,0.001082083210349083,0.02945278026163578
0.01816592924296856,0.0008016711799427867,0.026182640343904495
0.017126671969890594,0.0006076139397919178,0.023202810436487198
0.016847392544150352,0.0005300549091771245,0.02214794233441353
0.016210367903113365,0.0004544671392068267,0.020755039528012276
0.015440835617482662,0.0004073412565048784,0.01951424777507782
0.014969568699598312,0.00032271089730784297,0.018196677789092064
0.014371884986758232,0.00028947871760465205,0.01726667210459709
0.014075320214033127,0.00025728094624355435,0.016648128628730774
0.01368058193475008,0.00023116116062738,0.015992194414138794
0.013311941176652908,0.00019664470164570957,0.015278387814760208
0.01289552915841341,0.00017065301653929055,0.014602059498429298
0.012454604730010033,0.00014040819951333106,0.01385868713259697
0.012064850889146328,0.00011696438741637394,0.013234494253993034
0.011806084774434566,9.405372111359611e-05,0.01274662185460329
0.01132610160857439,8.001808600965887e-05,0.012126282788813114
0.01077701710164547,6.983783532632515e-05,0.011475395411252975
0.010173537768423557,5.284779399516992e-05,0.010702015832066536
0.0095189418643713,5.761189095210284e-05,0.010095060802996159
0.009040432050824165,5.233866977505386e-05,0.009563818573951721
0.008646437898278236,5.068731843493879e-05,0.009153311140835285
0.008344810456037521,4.8749316192697734e-05,0.008832303807139397
0.00809140969067812,3.8846807001391426e-05,0.00847987737506628
0.007726839743554592,3.984708746429533e-05,0.008125310763716698
0.007441235240548849,3.8150530599523336e-05,0.007822740823030472
0.007241165265440941,3.5286957427160814e-05,0.007594035007059574
0.006928097456693649,3.0415258152061142e-05,0.007232250180095434
0.006742530036717653,2.651560316735413e-05,0.0070076859556138515
0.0065371328964829445,2.2544098101207055e-05,0.006762573961168528
0.006311167497187853,2.4143566406564787e-05,0.006552603095769882
0.006160695571452379,1.8834831280400977e-05,0.006349043920636177
0.0059927087277174,1.8207401808467694e-05,0.006174782756716013
0.0058778440579771996,1.547853389638476e-05,0.006032629404217005
0.005740417167544365,1.5660982171539217e-05,0.005897026974707842
0.005625659599900246,1.4969778931117617e-05,0.005775357596576214
0.005495303310453892,1.5228734810079914e-05,0.005647590849548578
0.005375764332711697,1.672498183324933e-05,0.005543014034628868
0.005293404217809439,1.461613555875374e-05,0.005439565517008305
0.00521587859839201,1.328805501543684e-05,0.005348759237676859
0.005122813396155834,1.2259313734830357e-05,0.005245406646281481
0.005030396860092878,1.1767724572564475e-05,0.005148074124008417
0.004921982996165752,1.1634035217866767e-05,0.005038323346525431
0.004833749495446682,1.0335856131860055e-05,0.004937108140438795
0.004747383762151003,1.0555959306657314e-05,0.004852943122386932
0.004673745948821306,1.0866160664591007e-05,0.00478240754455328
0.004592536482959986,1.1096804882981814e-05,0.004703504499047995
0.004508855752646923,1.061891634890344e-05,0.00461504515260458
0.004444447346031666,9.274689546145964e-06,0.004537194035947323
0.0043770866468548775,9.295829840993974e-06,0.004470044746994972
0.004330413416028023,8.232710570155177e-06,0.004412740468978882
0.0042677451856434345,8.737080861465074e-06,0.004355115815997124
0.004211426246911287,8.721819540369324e-06,0.004298644606024027
0.0041602305136621,8.442901162197813e-06,0.004244659561663866
0.0040921419858932495,8.37166589917615e-06,0.004175858572125435
0.004026050679385662,8.824749784253072e-06,0.004114298149943352
0.0039786240085959435,7.763570465613157e-06,0.004056259524077177
0.003942966926842928,7.6243859439273365e-06,0.004019210580736399
0.00388359441421926,7.835675205569714e-06,0.00396195100620389
0.0038387279491871595,8.027196599869058e-06,0.003918999806046486
0.0037903704214841127,7.756612831144594e-06,0.0038679365534335375
0.003745438763871789,7.3775299824774265e-06,0.003819214180111885
0.003707455936819315,7.010319677647203e-06,0.0037775591481477022
0.0036389112938195467,7.847135748306755e-06,0.0037173826713114977
0.0035736269783228636,7.3731443990254775e-06,0.003647358389571309
0.003533195471391082,6.882111847517081e-06,0.003602016484364867
0.003488719929009676,6.950717761355918e-06,0.0035582270938903093
0.0034436979331076145,6.786747690057382e-06,0.0035115655045956373
0.0033938295673578978,6.498960374301532e-06,0.003458819119259715
0.0033327469136565924,6.284988103288924e-06,0.0033955967519432306
0.0032725799828767776,6.920535724930232e-06,0.0033417853992432356
0.0032254995312541723,6.724284048686968e-06,0.003292742418125272
0.003188162809237838,6.3206789491232485e-06,0.0032513695769011974
0.003139218781143427,6.2202411754697096e-06,0.0032014211174100637
0.0030988275539129972,6.131831469247118e-06,0.0031601458322256804
0.0030351667664945126,7.2620487117092125e-06,0.0031077873427420855
0.002972835674881935,7.414163974317489e-06,0.0030469773337244987
0.002915484830737114,7.371538686129497e-06,0.0029892001766711473
0.0028635321650654078,6.32371165920631e-06,0.0029267692007124424
0.0028133380692452192,5.681798029399943e-06,0.0028701559640467167
0.00274277338758111,5.990879344608402e-06,0.0028026821091771126
0.0027014799416065216,4.823890321858926e-06,0.0027497189585119486
0.0026662959717214108,4.5783490350004286e-06,0.002712079556658864
0.0026173635851591825,4.947389243170619e-06,0.0026668375357985497
0.002571460558101535,5.147554475115612e-06,0.0026229361537843943
0.0025315647944808006,4.857422027271241e-06,0.002580139087513089
0.0024915155954658985,4.8904357754508965e-06,0.0025404200423508883
0.002458434086292982,4.505488959694048e-06,0.0025034889113157988
0.0024146712385118008,4.962757884641178e-06,0.0024642988573759794
0.0023794746957719326,4.35418314737035e-06,0.0024230165872722864
0.002344944979995489,4.617093509295955e-06,0.0023911159951239824
0.002302378648892045,5.107954166305717e-06,0.002353458199650049
0.0022810755763202906,4.539871042652521e-06,0.002326474292203784
0.0022567445412278175,4.382880888442742e-06,0.002300573280081153
0.002230206038802862,4.431019988260232e-06,0.0022745162714272738
0.0022102901712059975,4.221305971441325e-06,0.0022525032982230186
0.002189014106988907,4.156117483944399e-06,0.002230575308203697
0.0021608590614050627,4.654881649912568e-06,0.002207407960668206
0.002144221216440201,4.239865575073054e-06,0.002186619909480214
0.002122230129316449,4.114896455575945e-06,0.0021633789874613285
0.002105597173795104,3.9952992665348575e-06,0.002145550213754177
0.002080662874504924,4.050410552736139e-06,0.0021211670245975256
0.0020575206726789474,4.1787789086811244e-06,0.002099308418110013
0.0020400104112923145,4.016598268208327e-06,0.002080176491290331
0.0020210177171975374,3.980906967626652e-06,0.0020608268678188324
0.0020025386475026608,4.265952611604007e-06,0.0020451981108635664
0.001980249071493745,4.2100682549062185e-06,0.002022349741309881
0.0019608682487159967,4.052993062941823e-06,0.002001398243010044
0.0019391808891668916,4.335020094003994e-06,0.0019825310446321964
0.0019220561953261495,4.258372882759431e-06,0.0019646398723125458
0.001902581425383687,4.2671481423894875e-06,0.0019452528795227408
0.0018896368565037847,3.98601559936651e-06,0.0019294969970360398
0.0018704613903537393,4.299861757317558e-06,0.0019134599715471268
0.0018536021234467626,4.222827556077391e-06,0.0018958303844556212
0.001837019925005734,4.360729690233711e-06,0.0018806272419169545
0.001815429306589067,4.60348110209452e-06,0.0018614641157910228
0.001803928636945784,4.090595666639274e-06,0.0018448345363140106
0.0017816064646467566,4.459845968085574e-06,0.0018262049416080117
0.0017657525604590774,4.310398708184948e-06,0.0018088564975187182
0.0017506812000647187,4.1480539039184805e-06,0.001792161725461483
0.001731950556859374,4.247031483828323e-06,0.001774420845322311
0.001715436577796936,4.272754722478567e-06,0.0017581641441211104
0.0016974101308733225,4.256131433066912e-06,0.001739971456117928
0.0016817789291962981,4.244460797053762e-06,0.0017242234898731112
0.0016631491016596556,4.3663440010277554e-06,0.0017068125307559967
0.0016456182347610593,4.349131813796703e-06,0.0016891096020117402
0.0016332602826878428,4.06182516599074e-06,0.001673878519795835
0.0016165655106306076,3.906263373210095e-06,0.0016556280897930264
0.0016003574710339308,3.986502179031959e-06,0.0016402225010097027
0.0015846715541556478,3.658871946754516e-06,0.0016212603077292442
0.0015639661578461528,3.73786679119803e-06,0.001601344789378345
0.0015423026634380221,3.994955477537587e-06,0.0015822522109374404
0.001526453299447894,3.624378905442427e-06,0.0015626971144229174
0.0015120775206014514,3.3300814266112866e-06,0.0015453783562406898
0.0014950195327401161,3.5510570342012215e-06,0.0015305300476029515
0.0014739688485860825,3.7604027056659106e-06,0.0015115728601813316
0.0014588709454983473,3.509033604132128e-06,0.0014939613174647093
0.0014425065601244569,3.2580915103608277e-06,0.0014750874834135175
0.0014205508632585406,3.4440622584952507e-06,0.0014549915213137865
0.0014048086013644934,3.3479661851743003e-06,0.001438288250938058
0.0013826937647536397,3.433695383137092e-06,0.0014170306967571378
0.001360796159133315,3.593265091694775e-06,0.001396728795953095
0.0013394460547715425,3.5667842439579545e-06,0.0013751138467341661
0.0013240940170362592,3.1507738640357275e-06,0.0013556017074733973
0.0013108312850818038,2.9851591989427106e-06,0.001340682851150632
0.0012954792473465204,3.1804938771529123e-06,0.0013272841461002827
0.0012844315497204661,3.0647511266579386e-06,0.001315079047344625
0.0012725562555715442,3.220189455532818e-06,0.0013047581305727363
0.001262314966879785,3.027856564585818e-06,0.0012925935443490744
0.001246736035682261,3.0289679671113845e-06,0.0012770256726071239
0.0012336119543761015,2.9598518267448526e-06,0.0012632104335352778
0.001222087419591844,2.901728294091299e-06,0.0012511047534644604
0.0012099106097593904,2.8624904189200606e-06,0.001238535507582128
0.0011982542928308249,2.7880103061761474e-06,0.0012261343654245138
0.001187381916679442,2.7410505936131813e-06,0.001214792369864881
0.0011753881117329001,2.780621571218944e-06,0.0012031943770125508
0.0011594772804528475,2.8365093385218643e-06,0.0011878423392772675
0.0011505276197567582,2.795775117192534e-06,0.0011784853413701057
0.001137136248871684,2.926590241258964e-06,0.0011664021294564009
0.0011252911062911153,2.815767402353231e-06,0.0011534488294273615
0.0011155960382893682,2.7833748390548863e-06,0.00114342977758497
0.0011076000519096851,2.7185690214537317e-06,0.0011347857071086764
0.0011023514671251178,2.5622034627303947e-06,0.0011279735481366515
0.0010937885381281376,2.4413573100900976e-06,0.001118202111683786
0.0010838477173820138,2.5305412236775737e-06,0.0011091531487181783
0.001071411301381886,2.6374914341431577e-06,0.0010977862402796745
0.0010603199480101466,2.64394611804164e-06,0.0010867593809962273
0.0010488646803423762,2.6533334676059894e-06,0.0010753980604931712
0.0010383188491687179,2.726536422414938e-06,0.0010655842488631606
0.0010301234433427453,2.707952262426261e-06,0.0010572029277682304
0.0010195828508585691,2.8415997803676873e-06,0.0010479988995939493
0.0010099903447553515,2.7450196284917183e-06,0.0010374404955655336
0.001001207041554153,2.6147536118514836e-06,0.0010273546213284135
0.000988262938335538,2.7932064767810516e-06,0.0010161950485780835
0.0009758025407791138,2.649935822773841e-06,0.0010023019276559353
0.0009631108841858804,2.809401848935522e-06,0.0009912048699334264
0.0009514971170574427,2.999041953444248e-06,0.0009814875666052103
0.0009399077971465886,2.9480631837941473e-06,0.0009693884057924151
0.0009300198289565742,2.929554284492042e-06,0.0009593153954483569
0.0009209814015775919,2.7514824978425168e-06,0.0009484962210990489
0.000910756818484515,2.6742432055471e-06,0.0009374992223456502
0.0009006645414046943,2.658812036315794e-06,0.000927252636756748
0.0008894981001503766,2.7161204343428835e-06,0.0009166593081317842
0.0008782523800618947,2.818363782353117e-06,0.0009064360056072474
0.0008677756995894015,2.7731966838473454e-06,0.0008955076918937266
0.0008588092168793082,2.693537908271537e-06,0.0008857445791363716
0.0008498953538946807,2.5357003323733807e-06,0.0008752523572184145
0.0008431076421402395,2.3029385829431703e-06,0.0008661370375193655
0.0008329385309480131,2.339523234695662e-06,0.0008563337614759803
0.0008262917981483042,2.1094110707053915e-06,0.0008473859052173793
0.0008187139173969626,1.9447111299086828e-06,0.0008381610387004912
0.0008110406342893839,1.8488642581360182e-06,0.0008295292500406504
0.0008041115361265838,1.8850682863558177e-06,0.0008229622035287321
0.000794659776147455,1.942511516972445e-06,0.0008140848949551582
0.0007872640853747725,1.8697764971875586e-06,0.0008059618412517011
0.0007788610528223217,1.7970426142710494e-06,0.0007968315039761364
0.0007732370286248624,1.7025874967657728e-06,0.0007902628858573735
0.0007679658010601997,1.667764763624291e-06,0.0007846434600651264
0.0007596424547955394,1.7917471950568142e-06,0.0007775599369779229
0.0007547929417341948,1.767654453033174e-06,0.0007724695024080575
0.0007495929021388292,1.7141677517429343e-06,0.0007667345926165581
0.0007433748105540872,1.6480755675729597e-06,0.0007598555530421436
0.0007364314515143633,1.6171997003766592e-06,0.0007526034605689347
0.0007291852380149066,1.6457055380669772e-06,0.0007456422899849713
0.0007219798280857503,1.6801416222733678e-06,0.0007387812365777791
0.0007162411347962916,1.6014839729905361e-06,0.0007322559831663966
0.0007104012765921652,1.4624439472754602e-06,0.0007250257185660303
0.0007027831161394715,1.5726478750366368e-06,0.0007185096037574112
0.0006966807995922863,1.6933752249315148e-06,0.0007136145723052323
0.0006900784792378545,1.7133620531240012e-06,0.0007072120788507164
0.0006849178462289274,1.6897228078960325e-06,0.0007018150645308197
0.0006792322383262217,1.6453703892693738e-06,0.0006956859142519534
0.0006728324224241078,1.6643704157104366e-06,0.0006894761463627219
0.0006659162463620305,1.7516161960884347e-06,0.0006834323867224157
0.00066200370201841,1.6736720453991438e-06,0.0006787404417991638
0.0006567828822880983,1.6741537365305703e-06,0.0006735243950970471
0.0006515316781587899,1.6747208064771257e-06,0.0006682788953185081
0.0006460438598878682,1.6723349745007e-06,0.0006627672119066119
0.0006394642405211926,1.7457441572332755e-06,0.000656921707559377
0.0006345914443954825,1.7337482631774037e-06,0.0006519289454445243
0.0006284512928687036,1.6485652167830267e-06,0.0006449369248002768
0.000623658939730376,1.65418157394015e-06,0.0006402007420547307
0.0006200656061992049,1.4974709756643279e-06,0.0006350403418764472
0.0006135620060376823,1.455470965083805e-06,0.000628116715233773
0.0006080024177208543,1.4744864529347979e-06,0.0006227472913451493
0.0006024590111337602,1.3599228623206727e-06,0.0006160582415759563
0.0005993013037368655,1.314325345447287e-06,0.0006124445353634655
0.0005944661097601056,1.367035906696401e-06,0.000608136469963938
0.0005904283607378602,1.3924374115958926e-06,0.000604352739173919
0.0005851868772879243,1.3737842436967185e-06,0.0005989247001707554
0.0005791413714177907,1.3975833326185239e-06,0.0005931172054260969
0.0005756556056439877,1.2980372048332356e-06,0.0005886359722353518
0.0005710545228794217,1.3777378171653254e-06,0.000584831926971674
0.0005673854611814022,1.34327103751275e-06,0.0005808181595057249
0.0005625315243378282,1.3099652278469875e-06,0.000575631158426404
0.0005591794615611434,1.2205773600726388e-06,0.000571385258808732
0.000554693688172847,1.2984949080419028e-06,0.0005676786531694233
0.0005514585063792765,1.2940639635417028e-06,0.0005643991753458977
0.000548225361853838,1.3047706488578115e-06,0.000561273074708879
0.0005453983321785927,1.3225551356299547e-06,0.0005586238694377244
0.0005422740359790623,1.2797519275409286e-06,0.0005550715723074973
0.0005402058595791459,1.2252413625901681e-06,0.0005524582811631262
0.0005378476344048977,1.1962548569499631e-06,0.0005498101818375289
0.0005346795660443604,1.1784463822550606e-06,0.0005464640562422574
0.0005316768656484783,1.1413629863454844e-06,0.0005430905148386955
0.0005294332513585687,1.0708408808568493e-06,0.0005401416565291584
0.0005270570400170982,1.0487298141015344e-06,0.0005375443142838776
0.0005230038077570498,1.0523958735575434e-06,0.0005335277528502047
0.0005195756093598902,1.0278226909576915e-06,0.0005298538599163294
0.0005161446752026677,1.0179479659200297e-06,0.0005263241473585367
0.0005115789244882762,1.025896949613525e-06,0.000521837908308953
0.0005074625369161367,1.009345282909635e-06,0.0005175559781491756
0.0005035630310885608,9.811901691136882e-07,0.0005133749218657613
0.0005015326896682382,8.651854841446038e-07,0.0005101845599710941
0.0004977833013981581,8.147827657012385e-07,0.0005059311515651643
0.0004927851841785014,8.160393463185756e-07,0.0005009456072002649
0.000488614256028086,8.816764420771506e-07,0.0004974310286343098
0.0004845800867769867,9.264587106372346e-07,0.0004938446800224483
0.0004814144631382078,8.466258236694557e-07,0.0004898807383142412
0.0004790629609487951,7.946462687868916e-07,0.00048700941260904074
0.0004766932688653469,7.494371061511629e-07,0.0004841876507271081
0.0004743444442283362,7.045993015708518e-07,0.00048139042337425053
0.00047148799058049917,7.064989517857612e-07,0.00047855297452770174
0.00046825557365082204,7.334169254136214e-07,0.00047558973892591894
0.0004648180038202554,8.065982797234028e-07,0.00047288398491218686
0.00046237261267378926,8.11546556178655e-07,0.00047048807027749717
0.00046072632540017366,6.979665272410784e-07,0.0004677059769164771
0.0004576437349896878,6.706517865495698e-07,0.0004643502470571548
0.00045424955897033215,6.934476459719008e-07,0.0004611840413417667
0.00045105480239726603,7.251235274452483e-07,0.0004583060508593917
0.00044781886390410364,7.501365644202451e-07,0.00045532023068517447
0.0004451360728126019,7.13160943632829e-07,0.00045226767542771995
0.00044283521128818393,6.802895313740009e-07,0.0004496381152421236
0.00044137469376437366,6.314226652648358e-07,0.0004476889153011143
0.0004392505215946585,6.389611826307373e-07,0.0004456401220522821
0.0004367468354757875,6.235657110664761e-07,0.00044298250577412546
0.0004331523668952286,6.544827328980318e-07,0.00043969720718450844
0.0004310332878958434,6.462743726842746e-07,0.00043749602627940476
0.0004287838819436729,6.08644711519446e-07,0.00043487033690325916
0.00042587294592522085,6.781751835660543e-07,0.0004326546913944185
0.0004237174871377647,6.888594157317129e-07,0.000430606072768569
0.00042251445120200515,6.415677376025997e-07,0.000428930128691718
0.00042025136644952,6.508366823254619e-07,0.0004267597396392375
0.00041790431714616716,6.642832772740803e-07,0.0004245471500325948
0.0004151783650740981,7.050448971313017e-07,0.00042222882620990276
0.0004132831236347556,7.026493449302507e-07,0.0004203096032142639
0.0004115414631087333,6.683976039312256e-07,0.00041822544881142676
0.00040929755778051913,7.042646075205994e-07,0.0004163401899859309
0.0004070218710694462,7.384076070593437e-07,0.0004144059494137764
0.0004054474993608892,6.683679885099991e-07,0.0004121311940252781
0.00040387583430856466,6.242874519557517e-07,0.00041011872235685587
0.00040191548760049045,6.107104013608478e-07,0.000408022606279701
0.00040016495040617883,5.961084639238834e-07,0.0004061260260641575
0.00039829881279729307,5.985835969113396e-07,0.0004042846558149904
0.00039668421959504485,5.71070756905101e-07,0.0004023949149996042
0.00039437771192751825,6.038183073542314e-07,0.0004004158836323768
0.00039305194513872266,5.737539936490066e-07,0.00039878947427496314
0.0003911321982741356,5.642245923809242e-07,0.0003967744414694607
0.0003889800573233515,6.045500526852265e-07,0.00039502556319348514
0.0003879544965457171,5.632300599245355e-07,0.00039358678623102605
0.00038628457696177065,5.570238386098936e-07,0.00039185481728054583
0.0003844326129183173,5.828088092130201e-07,0.00039026071317493916
0.00038315122947096825,5.762109935858462e-07,0.00038891335134394467
0.0003819574194494635,5.582498943113023e-07,0.00038753991248086095
0.0003805369487963617,5.61634692530788e-07,0.00038615328958258033
0.00037925512879155576,5.548822628043126e-07,0.0003848039486911148
0.0003780876286327839,5.485417204909027e-07,0.00038357306038960814
0.00037653601611964405,5.333048989086819e-07,0.00038186906022019684
0.0003750270698219538,5.449986701933085e-07,0.0003804770531132817
0.00037276707007549703,5.532260729523841e-07,0.00037829932989552617
0.00037116731982678175,5.419283297669608e-07,0.00037658659857697785
0.0003686270792968571,5.920838930251193e-07,0.0003745479043573141
0.00036713018198497593,5.794204867015651e-07,0.0003729243762791157
0.00036567210918292403,5.582857625086035e-07,0.00037125498056411743
0.00036412494955584407,5.558088673751627e-07,0.00036968302447348833
0.0003626130928751081,5.264838591756416e-07,0.00036787791759707034
0.0003619575290940702,4.770584496327501e-07,0.00036672811256721616
0.0003608515835367143,4.651196832128335e-07,0.00036550278309732676
0.0003593959263525903,4.6779675244579266e-07,0.00036407390143722296
0.00035706532071344554,5.257464863461792e-07,0.0003623227821663022
0.0003557087038643658,5.045308739681786e-07,0.0003607539983931929
0.000354139570845291,5.140954044691171e-07,0.0003592805296648294
0.0003530599642544985,4.962730599800125e-07,0.0003580226912163198
0.0003523763734847307,4.5275578486325685e-07,0.00035690393997356296
0.00035099455271847546,4.483751467887487e-07,0.0003554783179424703
0.00034932803828269243,4.857641329181206e-07,0.0003541856713127345
0.0003482382162474096,4.764499408338452e-07,0.0003530027170199901
0.0003470428637228906,4.820764729629445e-07,0.000351863622199744
0.0003458390128798783,4.836151674680877e-07,0.00035067516728304327
0.00034446141216903925,4.963221726939082e-07,0.00034942463389597833
0.00034346544998697937,4.934295816383383e-07,0.00034839974250644445
0.00034218476503156126,4.995527547180245e-07,0.0003471802920103073
0.00034114200389012694,5.000800911147962e-07,0.00034614279866218567
0.0003396983665879816,5.114055738886236e-07,0.0003448124334681779
0.00033837405499070883,5.113234351483698e-07,0.0003434872778598219
0.0003374173538759351,4.874888190897764e-07,0.000342292245477438
0.000335634162183851,5.156957740837242e-07,0.00034079112811014056
0.0003341911651659757,5.294964466884267e-07,0.0003394861414562911
0.00033326807897537947,5.078215963294497e-07,0.0003383462899364531
0.0003321036056149751,4.974679654878855e-07,0.00033707829425111413
0.0003309646563138813,4.968061375620891e-07,0.0003359327092766762
0.00032951205503195524,5.103902367409319e-07,0.0003346159646753222
0.0003281842218711972,5.016738668928156e-07,0.00033320096554234624
0.0003268279251642525,4.964570621268649e-07,0.0003317924856673926
0.00032577523961663246,4.938922302244464e-07,0.00033071415964514017
0.00032421358628198504,5.298768428474432e-07,0.0003295123460702598
0.00032312091207131743,5.142316013007076e-07,0.00032826323877088726
0.0003222046361770481,4.839787379751215e-07,0.00032704442855902016
0.0003209733113180846,4.641784698833362e-07,0.0003256151103414595
0.000319834565743804,4.674591593811783e-07,0.00032450916478410363
0.0003184991073794663,4.646441595923534e-07,0.0003231455630157143
0.00031692488119006157,4.966760798197356e-07,0.00032189165358431637
0.00031582312658429146,4.913418933938374e-07,0.00032073655165731907
0.00031440838938578963,5.062564696345362e-07,0.00031947094248607755
0.00031341431895270944,4.898254246654687e-07,0.0003183125809300691
0.00031239737290889025,4.649824631997035e-07,0.0003170472045894712
0.00031138997292146087,4.689714785399701e-07,0.00031607967684976757
0.00031040527392178774,4.867627581006673e-07,0.00031527288956567645
0.00030978178256191313,4.914770102004695e-07,0.00031469654641114175
0.00030890590278431773,4.918216518490226e-07,0.0003138241299893707
0.00030821296968497336,4.810049745174183e-07,0.00031302301795221865
0.00030717035406269133,4.6112953100418963e-07,0.0003117816522717476
0.00030615305877290666,4.6808429488010006e-07,0.0003108339151367545
0.0003053878026548773,4.341423505138664e-07,0.00030972922104410827
0.00030453389626927674,4.2516342091403203e-07,0.0003087855293415487
0.0003031827218364924,4.5694585537603416e-07,0.0003077521687373519
0.00030241068452596664,4.331715501848521e-07,0.0003067424113396555
0.0003010569198522717,4.5521358060796047e-07,0.0003056090499740094
0.0003003731253556907,4.2693406498983677e-07,0.00030464245355688035
0.00029937454382888973,4.32682554674102e-07,0.00030370138119906187
0.0002982204023282975,4.5605432319462125e-07,0.0003027809434570372
0.0002972344809677452,4.4924954067937506e-07,0.00030172697734087706
0.0002961310383398086,4.5143053739593597e-07,0.00030064533348195255
0.0002952476206701249,4.589728916926106e-07,0.0002998373529408127
0.00029474153416231275,4.339505039752112e-07,0.00029908103169873357
0.0002941185957752168,4.1209818846255075e-07,0.0002982395817525685
0.00029279637965373695,4.4910947849530203e-07,0.0002972874790430069
0.00029213071684353054,4.19072620161387e-07,0.00029632143559865654
0.0002909944741986692,4.3992787368551944e-07,0.00029539375100284815
0.0002901607076637447,4.428198394634819e-07,0.00029458891367539763
0.0002893050841521472,4.340706425409735e-07,0.0002936458040494472
0.0002883209672290832,4.3308466501912335e-07,0.00029265182092785835
0.000287269038381055,4.4600818682738463e-07,0.00029172911308705807
0.00028669062885455787,4.233627919347782e-07,0.0002909242466557771
0.0002857920771930367,4.211889859107032e-07,0.0002900039544329047
0.0002847920695785433,4.2226713503623614e-07,0.0002890147443395108
0.0002840511151589453,4.1741373024706263e-07,0.000288225244730711
0.0002831770107150078,4.1232533476431854e-07,0.00028730026679113507
0.00028255165670998394,4.064110044055269e-07,0.00028661577380262315
0.00028179894434288144,4.024631437005155e-07,0.00028582356753759086
0.00028086145175620914,4.2417562440277834e-07,0.00028510321862995625
0.00028022273909300566,4.1771744463403593e-07,0.0002843999245669693
0.00027941548614762723,4.196179759219376e-07,0.0002836116764228791
0.00027878815308213234,4.048588664318231e-07,0.00028283672872930765
0.0002779446658678353,4.184290105513355e-07,0.00028212895267643034
0.00027729952125810087,4.1934504224627744e-07,0.0002814929757732898
0.0002766938996501267,4.0539771362091415e-07,0.00028074788860976696
0.00027596039581112564,4.24777510943386e-07,0.00028020815807394683
0.00027527273050509393,4.202105401418521e-07,0.0002794748288579285
0.00027471629437059164,4.254174825746304e-07,0.0002789704594761133
0.00027434274670667946,4.096628174465877e-07,0.00027843937277793884
0.0002737231261562556,4.010872771686991e-07,0.00027773401234298944
0.00027325929841026664,3.905030041551072e-07,0.00027716433396562934
0.00027253254665993154,3.961509946748265e-07,0.0002764940436463803
0.000271952070761472,4.0149970459424367e-07,0.00027596706058830023
0.0002712965360842645,3.8987010952951096e-07,0.00027519522700458765
0.0002706382074393332,3.777996084863844e-07,0.00027441620477475226
0.0002701879420783371,3.7200081237642735e-07,0.0002739079645834863
0.00026964122662320733,3.7157641941121256e-07,0.0002733569999691099
0.00026891904417425394,3.8380650835279084e-07,0.0002727571118157357
0.000268406089162454,3.6846529383183224e-07,0.0002720907505135983
0.00026772459386847913,3.750386667888961e-07,0.00027147497166879475
0.00026728460215963423,3.677700419757457e-07,0.0002709623076952994
0.0002669431851245463,3.414258458178665e-07,0.0002703574427869171
0.0002662029874045402,3.6518247270578286e-07,0.0002698548196349293
0.0002655599091667682,3.6825881011282036e-07,0.0002692425041459501
0.00026506363064981997,3.642755643795681e-07,0.0002687063824851066
0.00026442910893820226,3.6266999359213514e-07,0.00026805579545907676
0.00026409185375086963,3.377143116267689e-07,0.0002674690040294081
0.00026364278164692223,3.363701353009674e-07,0.0002670064859557897
0.0002631042734719813,3.4491915812395746e-07,0.00026655345573090017
0.00026272586546838284,3.33734590185486e-07,0.0002660632017068565
0.000262093119090423,3.5404269738137373e-07,0.00026563354185782373
0.00026168269687332213,3.5064132930529013e-07,0.00026518909726291895
0.00026141980197280645,3.4234994927828666e-07,0.0002648433146532625
0.00026100274408236146,3.3007898991854745e-07,0.00026430352590978146
0.0002604459004942328,3.3398833920728066e-07,0.0002637857978697866
0.00025992808514274657,3.4252963132530567e-07,0.00026335337315686047
0.0002592884993646294,3.3790513498388464e-07,0.00026266754139214754
0.00025888968957588077,3.344905508129159e-07,0.00026223459281027317
0.0002584276080597192,3.4289755035388225e-07,0.0002618565922603011
0.0002581593580543995,3.2642361702528433e-07,0.00026142358547076583
0.0002578017010819167,3.204935694611777e-07,0.00026100664399564266
0.00025749634369276464,3.0355425906236633e-07,0.00026053187320940197
0.0002571277436800301,2.967705654555175e-07,0.00026009546127170324
0.0002561984001658857,3.3729068604770873e-07,0.00025957130128517747
0.00025571222067810595,3.2805871796881547e-07,0.000258992804447189
0.00025555313914082944,3.063851750084723e-07,0.00025861698668450117
0.0002549380005802959,3.184285333190928e-07,0.0002581222797743976
0.0002543926821090281,3.1336986694441293e-07,0.000257526378845796
0.00025379087310284376,3.1219528295878263e-07,0.00025691281189210713
0.00025322241708636284,3.1211453688229085e-07,0.0002563435700722039
0.0002527200267650187,3.116669802238903e-07,0.0002558366977609694
0.00025227919104509056,3.036223574781616e-07,0.00025531541905365884
0.00025186027050949633,2.8814932306886476e-07,0.00025474175345152617
0.0002513212675694376,2.9714817628700985e-07,0.0002542927395552397
0.0002509034238755703,2.9561209657913423e-07,0.00025385955814272165
0.0002506976015865803,2.841465516212338e-07,0.0002535390667617321
0.00025017536245286465,2.9132829126865545e-07,0.0002530886558815837
0.0002494927030056715,3.0832410402581445e-07,0.0002525759337004274
0.00024927224148996174,2.8402439511410194e-07,0.0002521124843042344
0.0002487845194991678,2.843548259079398e-07,0.0002516280801501125
0.0002484199358150363,2.7870322583112284e-07,0.00025120697682723403
0.00024806256988085806,2.735907855822006e-07,0.0002507984754629433
0.0002475926303304732,2.838198156496219e-07,0.00025043083587661386
0.0002473168424330652,2.738330522333854e-07,0.00025005516363307834
0.00024690161808393896,2.7951014658356144e-07,0.0002496967208571732
0.00024640042101964355,2.875979987493338e-07,0.00024927640333771706
0.000246209092438221,2.7653507572722447e-07,0.00024897445109672844
0.0002460159012116492,2.6389176355223753e-07,0.0002486548328306526
0.0002456466609146446,2.7392565016270964e-07,0.0002483859134372324
0.0002453981142025441,2.672387040547619e-07,0.00024807051522657275
0.0002450926403980702,2.6492108418096905e-07,0.00024774184566922486
0.00024463620502501726,2.6649894380170736e-07,0.00024730118457227945
0.000244342430960387,2.6658065621631977e-07,0.00024700822541490197
0.0002437354705762118,2.7832902560476214e-07,0.0002465187571942806
0.0002434260240988806,2.5607468501220865e-07,0.000245986768277362
0.0002432468900224194,2.3565141304970894e-07,0.0002456034126225859
0.00024274515453726053,2.44911632307776e-07,0.00024519427097402513
0.00024238791957031935,2.5304572659479163e-07,0.0002449183666612953
0.0002421231911284849,2.5208325382664043e-07,0.0002446440339554101
0.00024183461209759116,2.520682755857706e-07,0.00024435529485344887
0.0002413589390926063,2.6122881990886526e-07,0.00024397122615482658
0.0002410994638921693,2.607681892641267e-07,0.0002437071525491774
0.00024094675609376281,2.5154895411105826e-07,0.000243462243815884
0.000240551948081702,2.6369451688879053e-07,0.00024318890064023435
0.00024033292720559984,2.597810464521899e-07,0.0002429307351121679
0.0002399839140707627,2.6323715474063647e-07,0.00024261628277599812
0.00023957779922056943,2.6929970431410766e-07,0.00024227079120464623
0.00023920749663375318,2.765560509487841e-07,0.00024197305901907384
0.00023900151427369565,2.630982862683595e-07,0.00024163250054698437
0.0002387815184192732,2.6021930921160674e-07,0.000241383706452325
0.00023856220650486648,2.599410038328642e-07,0.00024116161512210965
0.00023824542586226016,2.6304832090318087e-07,0.0002408759028185159
0.0002379871584707871,2.634607767504349e-07,0.0002406217681709677
0.00023765958030708134,2.665173042259994e-07,0.0002403247490292415
0.00023725656501483172,2.739100182225229e-07,0.00023999567201826721
0.00023690347734373063,2.832337031577481e-07,0.00023973581846803427
0.00023675172997172922,2.6906664629677834e-07,0.00023944239364936948
0.00023650299408473074,2.609333478176268e-07,0.00023911232710815966
0.0002360659564146772,2.738962336934492e-07,0.0002388049178989604
0.00023590437194798142,2.631504401051643e-07,0.00023853588209021837
0.00023554828658234328,2.6809857445186935e-07,0.00023822927323635668
0.00023520625836681575,2.662245321971568e-07,0.000237868502154015
0.00023495734785683453,2.6549835752121e-07,0.00023761233023833483
0.00023460832017008215,2.6851859047383186e-07,0.00023729351232759655
0.00023434541071765125,2.619767656142358e-07,0.0002369651774642989
1.2743386030197144,0.04138818755745888,1.688220500946045
0.372884601354599,0.00491752615198493,0.4220598638057709
0.09824027866125107,0.0030396278016269207,0.12863655388355255
0.06725117564201355,0.0022914090659469366,0.09016526490449905
0.03361858054995537,0.001203499035909772,0.0456535704433918
0.021175077185034752,0.0006709738518111408,0.027884814888238907
0.016578737646341324,0.0005578940035775304,0.02215767651796341
0.009482846595346928,0.00035737198777496815,0.013056566938757896
0.005722716450691223,0.00030841625994071364,0.008806878700852394
0.004197194240987301,0.0002735625603236258,0.006932819727808237
0.003381823655217886,0.00023264679475687444,0.005708291660994291
0.0028260364197194576,0.00021573886624537408,0.004983425140380859
0.0025907678063958883,0.00019069456902798265,0.0044977134093642235
0.002269258489832282,0.0001679105480434373,0.003948363941162825
0.0020002087112516165,0.0001467061956645921,0.003467270638793707
0.0018433233490213752,0.00012728349247481674,0.003116158302873373
0.001660929643549025,0.00011055705545004457,0.0027665002271533012
0.001563867786899209,0.0001045024037011899,0.002608891809359193
0.0014571456704288721,9.286190470447764e-05,0.0023857648484408855
0.0014012663159519434,7.996193744475022e-05,0.0022008856758475304
0.0013308514608070254,7.147082214942202e-05,0.002045559696853161
0.0012563084019348025,6.242241943255067e-05,0.0018805325962603092
0.001214337651617825,5.661408067680895e-05,0.0017804785165935755
0.0011374326422810555,4.925764005747624e-05,0.0016300090355798602
0.0010671827476471663,4.151073153479956e-05,0.00148229009937495
0.0009909196523949504,3.3063453884096816e-05,0.001321554183959961
0.0009447038173675537,2.721815872064326e-05,0.0012168854009360075
0.0009084422490559518,2.3190854335553013e-05,0.0011403508251532912
0.000868242874275893,1.8982324036187492e-05,0.0010580661473795772
0.0008450683089904487,1.4804703823756427e-05,0.0009931153617799282
0.0008260596077889204,1.1099299626948778e-05,0.0009370525949634612
0.0007833973504602909,9.152283382718451e-06,0.0008749201660975814
0.0007606393191963434,8.017885193112306e-06,0.0008408181602135301
0.0007364944322034717,6.847375516372267e-06,0.0008049681782722473
0.0007170035969465971,6.468452738772612e-06,0.0007816881407052279
0.0006998403114266694,6.026650225976482e-06,0.000760106835514307
0.0006855138344690204,5.262523700366728e-06,0.0007381390896625817
0.0006653089658357203,4.5498754843720235e-06,0.000710807740688324
0.0006482147146016359,4.0201080082624685e-06,0.0006884157774038613
0.0006337607046589255,3.7362381135608302e-06,0.0006711230962537229
0.0006198767805472016,3.5559928619477432e-06,0.0006554367137141526
0.0006052318494766951,3.5038676742260577e-06,0.0006402705330401659
0.0005937853129580617,3.383228431630414e-06,0.00062761758454144
0.0005777455517090857,3.517195409585838e-06,0.0006129175308160484
0.000565074326004833,3.589115067370585e-06,0.0006009654607623816
0.0005548300687223673,3.5037048746744404e-06,0.0005898671224713326
0.0005424374830909073,3.4469430829631165e-06,0.0005769068957306445
0.0005314286681823432,3.361747985763941e-06,0.0005650461534969509
0.000519980036187917,3.232204107916914e-06,0.0005523020518012345
0.0005084024742245674,2.925698709077551e-06,0.0005376594490371644
0.0005006258725188673,2.6776224331115372e-06,0.0005274020950309932
0.0004924752865917981,2.585340553196147e-06,0.0005183286848478019
0.0004833645944017917,2.571651293692412e-06,0.0005090811173431575
0.00047546843416057527,2.4286468942591455e-06,0.000499754911288619
0.00047009598347358406,2.3808781861589523e-06,0.000493904750328511
0.00046397504047490656,2.3302493445953587e-06,0.0004872775461990386
0.00045869057066738605,2.2241838451009244e-06,0.0004809324163943529
0.00045343698002398014,2.2254166651691776e-06,0.0004756911366712302
0.00044616288505494595,2.201264351242571e-06,0.000468175538117066
0.00043998987530358136,2.176063162551145e-06,0.0004617505182977766
0.00043548806570470333,2.133502448486979e-06,0.0004568230942822993
0.0004310513031668961,2.120161070706672e-06,0.0004522529197856784
0.0004255824605934322,2.0838479031226598e-06,0.0004464209487196058
0.0004201256379019469,2.039842684098403e-06,0.0004405240761116147
0.0004165760474279523,1.8593418644741178e-06,0.00043516946607269347
0.0004136107163503766,1.7957790987566113e-06,0.0004315685073379427
0.0004094588803127408,1.7480607539255288e-06,0.0004269394848961383
0.0004065730608999729,1.680641389611992e-06,0.0004233794752508402
0.0004028900875709951,1.6874987522896845e-06,0.00041976507054641843
0.000399227807065472,1.5451255421794485e-06,0.0004146790597587824
0.00039601672324351966,1.5426751360791968e-06,0.0004114434705115855
0.0003939931630156934,1.487166628066916e-06,0.0004088648420292884
0.0003912667743861675,1.4610850485041738e-06,0.00040587762487120926
0.0003883624158333987,1.4286151781561784e-06,0.00040264855488203466
0.0003844881139229983,1.3158149840819533e-06,0.00039764627581462264
0.00038005399983376265,1.2840760064136703e-06,0.00039289475535042584
0.000377331132767722,1.2493006806835183e-06,0.0003898241266142577
0.0003743590787053108,1.2303615903874743e-06,0.00038666269392706454
0.00037116813473403454,1.1897107015101938e-06,0.00038306525675579906
0.00036922108847647905,1.1588327879508142e-06,0.0003808094188570976
0.0003670665028039366,1.1414616665206267e-06,0.00037848111242055893
0.0003649899153970182,1.0974464430546504e-06,0.00037596438778564334
0.0003618329646997154,1.1586196251300862e-06,0.0003734191705007106
0.0003596610913518816,1.103784711631306e-06,0.00037069895188324153
0.000357617624104023,1.0979188118653838e-06,0.0003685968113131821
0.00035546146682463586,1.0890386192841106e-06,0.0003663518582470715
0.0003539505123626441,1.0375522379035829e-06,0.00036432602792046964
0.00035207951441407204,1.0145836313313339e-06,0.00036222534254193306
0.0003506271750666201,9.695879725768464e-07,0.00036032305797562003
0.0003483360924292356,9.515440524410224e-07,0.00035785153158940375
0.0003461802552919835,9.616420584279695e-07,0.0003557966847438365
0.00034464371856302023,9.319915648120514e-07,0.00035396363819018006
0.00034245557617396116,9.235179732058896e-07,0.000351690745446831
0.0003407637996133417,8.987092883216974e-07,0.0003497508878353983
0.0003392646322026849,8.709147323315847e-07,0.0003479737788438797
0.00033770836307667196,8.944494993556873e-07,0.0003466528723947704
0.0003365447046235204,8.661407377985597e-07,0.00034520612098276615
0.00033520639408379793,8.362225116798072e-07,0.0003435686230659485
0.00033343760878778994,8.118027494674607e-07,0.00034155562752857804
0.0003319911484140903,8.103558570837777e-07,0.0003400947025511414
0.00033049273770302534,7.906673999968916e-07,0.00033839940442703664
0.0003288584412075579,7.914164825706393e-07,0.00033677261671982706
0.00032753858249634504,7.775124117870291e-07,0.0003353136999066919
0.00032656677649356425,7.715651690887171e-07,0.000334282434778288
0.000325514905853197,7.455307695636293e-07,0.0003329702012706548
0.0003243535466026515,7.444379548360303e-07,0.000331797928083688
0.0003235342155676335,7.500350420741597e-07,0.00033103456371463835
0.0003225471591576934,7.481229431505199e-07,0.00033002838608808815
0.0003212821902707219,7.569157673970039e-07,0.0003288513398729265
0.00032038617064245045,7.509198667321471e-07,0.00032789536635391414
0.0003192488511558622,7.676909490328399e-07,0.00032692577224224806
0.00031867597135715187,7.467332352462108e-07,0.00032614331576041877
0.00031751758069731295,7.6919536695641e-07,0.00032520951936021447
0.0003164203662890941,7.554616558991256e-07,0.00032397499307990074
0.00031475257128477097,7.839664704079041e-07,0.00032259224099107087
0.0003136091982014477,7.926199145913415e-07,0.0003215353935956955
0.00031290645711123943,7.622440989507595e-07,0.0003205288958270103
0.00031187068088911474,7.576242637696851e-07,0.00031944693182595074
0.00031128819682635367,7.380949682556093e-07,0.00031866913195699453
0.0003107053926214576,7.096934950823197e-07,0.00031780233257450163
0.0003095885622315109,7.18895421414345e-07,0.0003167775284964591
0.00030890124617144465,6.99576958140824e-07,0.0003158970212098211
0.00030813555349595845,6.895439241816348e-07,0.0003150309785269201
0.00030715097091160715,6.723864771629451e-07,0.00031387482886202633
0.00030604953644797206,6.768489697606128e-07,0.0003128180396743119
0.00030556609272025526,6.554094511557196e-07,0.0003121201880276203
0.0003047760110348463,6.547870157191937e-07,0.0003113238781224936
0.00030424169381149113,6.547944053636456e-07,0.0003107896482106298
0.0003034752153325826,6.624350135098211e-07,0.0003100995672866702
0.0003032631939277053,6.137962600405444e-07,0.00030940116266719997
0.00030249851988628507,6.223151558515383e-07,0.0003087216755375266
0.0003020941512659192,5.995743208586646e-07,0.00030808988958597183
0.000301562889944762,6.03158923695446e-07,0.0003075944841839373
0.0003008840430993587,5.774965075033833e-07,0.0003066589997615665
0.0003000762080773711,5.833200020788354e-07,0.0003059094015043229
0.00029955184436403215,5.616444127554132e-07,0.0003051683015655726
0.0002988112100865692,5.571916972257895e-07,0.00030438313842751086
0.000298291037324816,5.457856104840175e-07,0.00030374887865036726
0.00029711448587477207,5.615241320811037e-07,0.00030272972071543336
0.0002965201565530151,5.396926781031652e-07,0.00030191708356142044
0.0002956524840556085,5.425984568319109e-07,0.00030107845668680966
0.0002951759088318795,5.201755470807257e-07,0.00030037766555324197
0.00029447083943523467,5.192600838199724e-07,0.00029966342845000327
0.00029358654865063727,5.229745170254319e-07,0.0002988163032568991
0.0002929379988927394,4.961752892995719e-07,0.00029789976542815566
0.00029222859302535653,4.880108122051752e-07,0.0002971086942125112
0.0002915322838816792,4.868088581133634e-07,0.0002964003651868552
0.0002911095507442951,4.6513954998772533e-07,0.00029576095403172076
0.0002904580323956907,4.7477183784394583e-07,0.00029520574025809765
0.000289751187665388,4.7169953631964745e-07,0.0002944681909866631
0.00028920031036250293,4.434929792296316e-07,0.0002936352393589914
0.00028839445440098643,4.3460858023536275e-07,0.0002927405294030905
0.0002875949430745095,4.560670845421555e-07,0.00029215560061857104
0.00028704304713755846,4.5253815983414825e-07,0.00029156843083910644
0.00028609996661543846,4.6113549956317e-07,0.00029071132303215563
0.00028554239543154836,4.5279344362825213e-07,0.00029007034027017653
0.0002848767035175115,4.5711914253843133e-07,0.00028944789664819837
0.00028431194368749857,4.5264164327818435e-07,0.00028883834602311254
0.00028374165412969887,4.512539817369543e-07,0.00028825420304201543
0.0002831082383636385,4.5848656782254693e-07,0.00028769311029464006
0.00028251143521629274,4.651816993828106e-07,0.00028716324595734477
0.00028211981407366693,4.552065320240217e-07,0.00028667188598774374
0.00028172830934636295,4.3574652863753727e-07,0.0002860857639461756
0.00028095071320421994,4.575436776121933e-07,0.0002855261554941535
0.00028063225909136236,4.405143272379064e-07,0.00028503741486929357
0.00027987011708319187,4.6165078515514324e-07,0.0002844866248778999
0.000279685715213418,4.300663078993239e-07,0.00028398638824000955
0.00027901222347281873,4.517691252203804e-07,0.00028352992376312613
0.0002787764242384583,4.233529864450247e-07,0.00028300995472818613
0.00027826306177303195,4.3063238308604923e-07,0.0002825693809427321
0.00027784876874648035,4.1948069906538876e-07,0.0002820435620378703
0.000277247978374362,4.282268264432787e-07,0.0002815302577801049
0.00027689264970831573,4.0480335883330554e-07,0.00028094067238271236
0.0002762115909717977,4.1241079884457577e-07,0.00028033569105900824
0.000275713624432683,3.987389618487214e-07,0.00027970102382823825
0.0002751736610662192,4.0859987393560004e-07,0.0002792596642393619
0.00027486035833135247,3.8318776773849095e-07,0.00027869222685694695
0.0002744243247434497,3.701259174704319e-07,0.00027812557527795434
0.0002738317125476897,3.6911180245624564e-07,0.0002775228349491954
0.0002733620349317789,3.6348421872389736e-07,0.0002769968705251813
0.00027297408087179065,3.5831251921081275e-07,0.0002765571989584714
0.00027243371005170047,3.7155098198127234e-07,0.0002761492214631289
0.0002719906624406576,3.577533789211884e-07,0.0002755681925918907
0.00027127022622153163,3.622213284870668e-07,0.0002748924307525158
0.0002708212414290756,3.613784542721987e-07,0.00027443503495305777
0.00027020793640986085,3.800827812483476e-07,0.000274008751148358
0.0002697802847251296,3.6901161593050347e-07,0.00027347038849256933
0.00026896470808424056,3.8974943095126946e-07,0.00027286220574751496
0.0002686417137738317,3.704261075654358e-07,0.0002723459620028734
0.00026781755150295794,4.001173579126771e-07,0.00027181871701031923
0.00026735791470855474,3.9348196878563613e-07,0.0002712927234824747
0.000266997521976009,3.913599471161433e-07,0.000270911114057526
0.0002667833468876779,3.705419260313647e-07,0.00027048875926993787
0.00026581602287478745,3.962220489484025e-07,0.00026977824745699763
0.00026544815045781434,3.811975375356269e-07,0.0002692601119633764
0.0002650352835189551,3.8194588114492944e-07,0.000268854753812775
0.00026480035739950836,3.613578769545711e-07,0.00026841394719667733
0.00026406062534078956,3.7412365827549365e-07,0.00026780186453834176
0.00026360456831753254,3.6821421645072405e-07,0.0002672866976354271
0.00026294830604456365,3.7642615779986954e-07,0.00026671256637200713
0.00026270089438185096,3.6470760278461967e-07,0.00026634798268787563
0.0002622450119815767,3.6357852195578744e-07,0.00026588080800138414
0.00026181922294199467,3.595324074012751e-07,0.0002654145355336368
0.00026124686701223254,3.661640732843807e-07,0.0002649085072334856
0.00026085524586960673,3.5134226550326275e-07,0.0002643686602823436
0.0002606149355415255,3.396483236883796e-07,0.0002640114107634872
0.00026007919223047793,3.4076947486028075e-07,0.0002634868724271655
0.0002597153652459383,3.337546843340533e-07,0.00026305290521122515
0.0002592523524072021,3.406219093449181e-07,0.00026265857741236687
0.00025889399694278836,3.455662636042689e-07,0.0002623496693558991
0.00025871751131489873,3.3463660997767875e-07,0.00026206386974081397
0.00025840525631792843,3.3344849725835957e-07,0.00026173974038101733
0.000258080312050879,3.2892216950131115e-07,0.0002613695396576077
0.0002576754195615649,3.1422916890733177e-07,0.00026081770192831755
0.00025698792887851596,3.3220595696548116e-07,0.00026030998560599983
0.00025675908545963466,3.1519908816335374e-07,0.00025991108850575984
0.0002563337329775095,3.297140835911705e-07,0.0002596308768261224
0.0002560964203439653,3.184119918842043e-07,0.0002592805540189147
0.00025547738187015057,3.297502644272754e-07,0.00025877487496472895
0.0002548698685131967,3.319411803204275e-07,0.000258189276792109
0.00025447679217904806,3.322588213450217e-07,0.00025779937277548015
0.0002542611910030246,3.198842080109898e-07,0.00025746002211235464
0.00025388968060724437,3.2194640198213165e-07,0.00025710914633236825
0.0002534191880840808,3.231306493489683e-07,0.0002566504990682006
0.00025296761305071414,3.236945360640675e-07,0.0002562045701779425
0.000252503581577912,3.3365031981702487e-07,0.0002558400738053024
0.0002522392605897039,3.205045402410178e-07,0.0002554443199187517
0.0002516364329494536,3.401630124244548e-07,0.00025503805954940617
0.0002513127401471138,3.3169141033795313e-07,0.0002546296454966068
0.00025073057622648776,3.4720625308182207e-07,0.00025420263409614563
0.0002504774311091751,3.3860831649690226e-07,0.00025386351626366377
0.0002501212293282151,3.4525558589848515e-07,0.000253573787631467
0.0002496027445886284,3.4664273584894545e-07,0.00025306918541900814
0.0002491287887096405,3.4948376992360863e-07,0.000252623634878546
0.00024871391360647976,3.52064375874761e-07,0.0002522345457691699
0.0002485593722667545,3.318892822790076e-07,0.0002518782566767186
0.0002482067502569407,3.389767471162486e-07,0.0002515965315978974
0.00024801361723802984,3.31492572058778e-07,0.0002513285435270518
0.0002477742382325232,3.2628091162223427e-07,0.00025103703956119716
0.0002474537177477032,3.272171227308718e-07,0.0002507258905097842
0.0002471339248586446,3.2757495205260057e-07,0.0002504096773918718
0.00024687277618795633,3.2746012834650173e-07,0.00025014736456796527
0.00024644137010909617,3.401547985504294e-07,0.0002498429093975574
0.00024628013488836586,3.2354398626921466e-07,0.0002495155786164105
0.00024605062208138406,3.1638245445719804e-07,0.00024921444128267467
0.00024564479826949537,3.27058586435669e-07,0.0002489153703209013
0.0002454167988616973,3.066241447413631e-07,0.0002484830329194665
0.00024493533419445157,3.181959584708238e-07,0.0002481172850821167
0.00024453745572827756,3.1856819759923383e-07,0.0002477231319062412
0.0002442746772430837,3.067554530389316e-07,0.00024734222097322345
0.00024387032317463309,2.9948267865620437e-07,0.00024686515098437667
0.00024316328926943243,3.1765995345267584e-07,0.00024633988505229354
0.0002428119769319892,3.015183267507382e-07,0.00024582716287113726
0.00024232979922089726,3.031181563528662e-07,0.0002453609777148813
0.00024192426644731313,2.996691250700678e-07,0.00024492095690220594
0.00024137881700880826,3.144598963444878e-07,0.0002445234276819974
0.00024107177159748971,3.050514294500317e-07,0.00024412228958681226
0.00024077137641143054,2.948647761513712e-07,0.0002437200309941545
0.00024035073874983937,3.005098676567286e-07,0.00024335584021173418
0.00024015092640183866,2.800694289817329e-07,0.0002429516171105206
0.0002396467752987519,2.9001211032664287e-07,0.00024254689924418926
0.0002394530747551471,2.7647831757349195e-07,0.00024221785133704543
0.00023911941389087588,2.7460123419587035e-07,0.00024186543305404484
0.0002388051652815193,2.7528682267075055e-07,0.00024155803839676082
0.00023861837689764798,2.6639042971510207e-07,0.00024128227960318327
0.00023829728888813406,2.734287534167379e-07,0.00024103157920762897
0.00023818867339286953,2.5681944748612295e-07,0.00024075686815194786
0.0002378089411649853,2.677975032838731e-07,0.00024048691557254642
0.00023758545285090804,2.6193515623162966e-07,0.00024020479759201407
0.0002374310279265046,2.4639462026243564e-07,0.00023989497276488692
0.00023711443645879626,2.558053324719367e-07,0.00023967248853296041
0.00023687371867708862,2.4386139330090373e-07,0.00023931232863105834
0.0002364410029258579,2.5712074602779467e-07,0.0002390122099313885
0.0002362506347708404,2.411822208614467e-07,0.0002386624546488747
0.000235878411331214,2.4476986482113716e-07,0.00023832611623220146
0.0002354598545935005,2.5090506028391246e-07,0.00023796891036909074
0.00023538127425126731,2.2855385850562016e-07,0.00023766681260894984
0.00023502107069361955,2.3588572162225319e-07,0.0002373799216002226
0.0002346852998016402,2.442789650558552e-07,0.00023712808615528047
0.00023446528939530253,2.393146587564843e-07,0.00023685843916609883
0.0002341044892091304,2.414179789411719e-07,0.0002365186664974317
0.00023380608763545752,2.442301649807632e-07,0.00023624839377589524
0.0002333554730284959,2.5615346999074973e-07,0.00023591700301039964
0.00023311367840506136,2.499218680895865e-07,0.00023561289708595723
0.0002327401307411492,2.5232120037799177e-07,0.00023526334553025663
0.00023230875376611948,2.5921991664290545e-07,0.0002349009591853246
0.00023196976690087467,2.640290688304958e-07,0.00023461005184799433
0.00023162145225796849,2.5447297957725823e-07,0.00023416618932969868
0.0002313036675332114,2.547259327911888e-07,0.00023385092208627611
0.0002309356932528317,2.6287889909326623e-07,0.00023356448218692094
0.0002307072572875768,2.5406916392967105e-07,0.0002332479489268735
0.00023045095440465957,2.533860481435113e-07,0.00023298482119571418
0.00023024353140499443,2.4748425175857847e-07,0.00023271837562788278
0.00023002858506515622,2.4359965777875914e-07,0.00023246457567438483
0.0002297701284987852,2.428511152174906e-07,0.00023219863942358643
0.0002293813886353746,2.517137147606263e-07,0.0002318985207239166
0.00022930052364245057,2.334642346113469e-07,0.0002316351601621136
0.00022898396127857268,2.3738783738735947e-07,0.00023135784431360662
0.0002287105453433469,2.3254987979726138e-07,0.00023103604326024652
0.00022841441386844963,2.339512548132916e-07,0.00023075392527971417
0.00022814817202743143,2.348572678556593e-07,0.00023049674928188324
0.00022791081573814154,2.265968959136444e-07,0.0002301767817698419
0.0002276354789501056,2.2203116145647073e-07,0.0002298557956237346
0.00022732780780643225,2.182996041710794e-07,0.00022951079881750047
0.00022687956516165286,2.2029439605830703e-07,0.00022908250684849918
0.00022658222587779164,2.1373732295160153e-07,0.00022871959663461894
0.00022625320707447827,2.172041035919392e-07,0.00022842525504529476
0.00022588024148717523,2.207528950748383e-07,0.00022808776702731848
0.00022557665943168104,2.192146837387554e-07,0.0002277688035974279
0.00022529599664267153,2.180536426976687e-07,0.00022747652838006616
0.00022502565116155893,2.152692388790456e-07,0.0002271783450851217
0.00022478887694887817,2.084599657337094e-07,0.0002268734824610874
0.0002244216448161751,2.1069561739750498e-07,0.0002265286020701751
0.00022412935504689813,2.1406040673355164e-07,0.00022626995632890612
0.00022380375594366342,2.1936308769454627e-07,0.00022599738440476358
0.0002236714499304071,2.081350203297916e-07,0.0002257527958136052
0.00022327368787955493,2.2389454557014687e-07,0.00022551263100467622
0.0002231286489404738,2.092776298923127e-07,0.00022522141807712615
0.00022289296612143517,2.1078309941913176e-07,0.00022500079649034888
0.0002225974458269775,2.1158768959139707e-07,0.0002247133234050125
0.0002221965551143512,2.2139391830933164e-07,0.00022441049804911017
0.00022188836010172963,2.201341544605384e-07,0.00022408970107790083
0.00022145218099467456,2.3308047047976288e-07,0.00022378299036063254
0.0002212418767157942,2.2650121422884695e-07,0.0002235068823210895
0.00022111969883553684,2.150388098698386e-07,0.00022327009355649352
0.0002206264907727018,2.335389979180036e-07,0.0002229618839919567
0.00022037890448700637,2.293500642736035e-07,0.0002226724027423188
0.00022012459521647543,2.3493089429393876e-07,0.00022247390006668866
0.00021997139265295118,2.2849278025205422e-07,0.00022225631983019412
0.0002196799759985879,2.2866791482556437e-07,0.00022196664940565825
0.00021947622008156031,2.234147302715428e-07,0.00022171036107465625
0.00021910772193223238,2.2688962530992285e-07,0.00022137661289889365
0.00021874532103538513,2.32964950441783e-07,0.00022107496624812484
0.0002185400080634281,2.273523875828687e-07,0.000220813526539132
0.0002183938049711287,2.1231730329418497e-07,0.0002205169730586931
0.00021803713752888143,2.1855504428458516e-07,0.00022022268967702985
0.00021770283638034016,2.1646727077495598e-07,0.00021986750653013587
0.00021740171359851956,2.05699876687504e-07,0.0002194587141275406
0.00021710053260903805,2.034255857097378e-07,0.00021913478849455714
0.00021646433742716908,2.2392217147171323e-07,0.00021870355703867972
0.00021622022904921323,2.129431777575519e-07,0.00021834965446032584
0.00021577117149718106,2.2160872958920663e-07,0.0002179872535634786
0.00021542039758060127,2.1945965045233606e-07,0.00021761500102002174
0.0002150382351828739,2.2341302496897697e-07,0.0002172723616240546
0.00021474559616763145,2.206603539889329e-07,0.0002169522049371153
0.00021430787455756217,2.2945341981994716e-07,0.00021660240599885583
0.00021394953364506364,2.2627247631135106e-07,0.00021621225459966809
0.0002136452094418928,2.2891998696650262e-07,0.00021593441488221288
0.00021334041957743466,2.2726636927927757e-07,0.00021561307949014008
0.00021287491836119443,2.3594745357513602e-07,0.0002152343950001523
0.00021251535508781672,2.327131198853749e-07,0.00021484248281922191
0.0002123341546393931,2.2234090124584327e-07,0.00021455757087096572
0.0002119404380209744,2.3136283289204584e-07,0.00021425406157504767
0.0002114976232405752,2.3659694647903962e-07,0.0002138635900337249
0.00021120569726917893,2.3338216692536662e-07,0.00021353951888158917
0.00021079307771287858,2.3834618900764326e-07,0.0002131765359081328
0.00021051174553576857,2.3170359497726167e-07,0.00021282877423800528
0.00021018841653130949,2.341587901355524e-07,0.00021253000886645168
0.00020990804478060454,2.2356658746502944e-07,0.00021214371372479945
0.00020967090677004308,2.1884969214625016e-07,0.00021185939840506762
0.0002093569637509063,2.124566265138128e-07,0.00021148152882233262
0.00020894777844659984,2.1848117626177554e-07,0.0002111325884470716
0.00020877360657323152,2.0890846030852117e-07,0.0002108626940753311
0.00020843422680627555,2.1059831567527e-07,0.00021054020908195525
0.00020814911113120615,2.1033119423918833e-07,0.00021025241585448384
0.0002079506521113217,1.962180817827175e-07,0.00020991283236071467
0.0002075090742437169,2.0615523510514322e-07,0.0002095706295222044
0.0002074168878607452,1.9894893910077371e-07,0.00020940638205502182
0.00020717745064757764,1.9417544194766378e-07,0.00020911920000799
0.0002067385648842901,1.982263313493604e-07,0.00020872082677669823
0.00020621847943402827,2.0685702395439876e-07,0.00020828704873565584
0.00020603941811714321,1.9099644532616367e-07,0.00020794938609469682
0.0002056505618384108,2.0395131627992669e-07,0.00020769007096532732
0.000205407923203893,2.066189779270644e-07,0.00020747410599142313
0.00020524275896605104,1.9452851063306298e-07,0.0002071880444418639
0.00020499047241173685,1.864398768702813e-07,0.00020685487834271044
0.00020454653713386506,1.8482855068668869e-07,0.00020639481954276562
0.00020406741532497108,1.954304309492727e-07,0.00020602172298822552
0.0002038071397691965,1.9290781949621305e-07,0.00020573621441144496
0.00020353157015051693,1.9435030651493435e-07,0.00020547508029267192
0.0002032427437370643,1.95104931322021e-07,0.0002051937917713076
0.00020312452397774905,1.7887613523726031e-07,0.0002049132890533656
0.00020282823243178427,1.8988176009315794e-07,0.00020472705364227295
0.0002026048896368593,1.9045037902287731e-07,0.00020450938609428704
0.0002024280693149194,1.8213776797892933e-07,0.00020424944523256272
0.00020218045392539352,1.8597265238895488e-07,0.00020404017413966358
0.00020201467850711197,1.8242558041947632e-07,0.0002038389357039705
0.0002017382939811796,1.8636498566593218e-07,0.0002036019432125613
0.00020163951558060944,1.7525792372907745e-07,0.00020339209004305303
0.00020136013336014003,1.7758193848749215e-07,0.00020313594723120332
0.00020112490165047348,1.7661385243172845e-07,0.0002028910384979099
0.00020086264703422785,1.7540028807161434e-07,0.00020261664758436382
0.00020073253836017102,1.6846797734615393e-07,0.00020241721358615905
0.00020050950115546584,1.6982127704068262e-07,0.00020220770966261625
0.00020030989253427833,1.677899490459822e-07,0.00020198778656776994
0.00020013336325064301,1.631494797038613e-07,0.00020176485122647136
0.00019969766435679048,1.8008645952249935e-07,0.0002014985220739618
0.00019956864707637578,1.69712080833051e-07,0.00020126576418988407
0.00019928309484384954,1.7619827019643708e-07,0.00020104508439544588
0.00019908153626602143,1.7204435209805524e-07,0.0002008019800996408
0.00019888783572241664,1.7120048312335712e-07,0.00020059983944520354
0.00019857737061101943,1.7854293332675297e-07,0.00020036280329804868
0.00019836101273540407,1.7408510188943183e-07,0.0002001018583541736
0.00019817402062471956,1.742580195696064e-07,0.00019991659792140126
0.00019791274098679423,1.7979458277750382e-07,0.00019971068832091987
0.00019779917784035206,1.7604972413209907e-07,0.00019955966854467988
0.00019767129560932517,1.6828123250434146e-07,0.00019935410819016397
0.0001974100450752303,1.750943852130149e-07,0.0001991609897231683
0.00019724539015442133,1.7062605195405922e-07,0.00019895164587069303
0.00019699889526236802,1.7324397560969373e-07,0.00019873132987413555
0.00019681110279634595,1.7274096819619444e-07,0.0001985385169973597
0.00019670274923555553,1.6481398290579818e-07,0.00019835088460240513
0.00019638738012872636,1.7339083058232063e-07,0.00019812128448393196
0.0001962485839612782,1.63829554367112e-07,0.00019788688223343343
0.00019597918435465544,1.7010705732900533e-07,0.00019768025958910584
0.00019567289564292878,1.7966272025660146e-07,0.00019746951875276864
0.00019555119797587395,1.706233092590992e-07,0.0001972574245883152
0.00019536617037374526,1.7057936929631978e-07,0.00019707196042872965
0.0001949294237419963,1.8697565451475384e-07,0.00019679918477777392
0.0001947805576492101,1.7447800360059773e-07,0.00019652533228509128
0.00019450881518423557,1.8341015106670966e-07,0.00019634290947578847
0.0001942716189660132,1.8881505070567073e-07,0.00019615977362263948
0.0001940622751135379,1.9055397615375114e-07,0.0001959678193088621
0.00019387576321605593,1.9337392132001696e-07,0.0001958095090230927
0.0001937392371473834,1.8786541033932735e-07,0.00019561788940336555
0.00019348326895851642,1.9122765593238e-07,0.00019539555069059134
0.00019329090719111264,1.8895474340752116e-07,0.00019518045883160084
0.00019303856242913753,1.9191719502487103e-07,0.0001949577417690307
0.0001928483252413571,1.9069094037149625e-07,0.00019475523731671274
0.00019257637904956937,1.9728879863123439e-07,0.00019454926950857043
0.00019238334789406508,1.9812213736258855e-07,0.000194364576600492
0.00019229541067034006,1.8646500166141777e-07,0.00019416006398387253
0.0001921319344546646,1.8513085819904518e-07,0.00019398324366193265
0.0001919027854455635,1.9286342478608276e-07,0.0001938314235303551
0.000191664817975834,1.942250094089104e-07,0.00019360706210136414
0.00019154325127601624,1.8602366935738246e-07,0.00019340348080731928
0.00019118425552733243,1.9367200820852304e-07,0.00019312096992507577
0.00019104196690022945,1.8181965799612954e-07,0.00019286017050035298
0.0001907305995700881,1.9007099183454557e-07,0.00019263131252955645
0.00019062450155615807,1.8216313435459597e-07,0.00019244613940827549
0.00019032286945730448,1.89093867675183e-07,0.00019221380352973938
0.00019016387523151934,1.8146681668440579e-07,0.00019197854271624237
0.00018988385272677988,1.831263887197565e-07,0.00019171510939486325
0.00018963894399348646,1.8743864416137512e-07,0.0001915133325383067
0.00018948606157209724,1.8416162106404954e-07,0.0001913276792038232
0.00018929693032987416,1.8599834561427997e-07,0.00019115691247861832
0.00018906760669779032,1.8654191080713645e-07,0.0001909330312628299
0.00018884653400164098,1.882393689811579e-07,0.00019072892609983683
0.00018856438691727817,1.9837817433199234e-07,0.00019054816220887005
0.00018854763766285032,1.8574331761556095e-07,0.00019040507322642952
0.0001882620999822393,1.8851586958135158e-07,0.00019014725694432855
0.00018800317775458097,1.9271423923328257e-07,0.00018993031699210405
0.00018786994041875005,1.8383099131824565e-07,0.00018970825476571918
0.00018759709200821817,1.8720599825883255e-07,0.00018946915224660188
0.00018740892119240016,1.8734806417342043e-07,0.00018928240751847625
0.0001871533750090748,1.9245942439738428e-07,0.00018907796766143292
0.00018689654825720936,2.0206735484862293e-07,0.00018891722720582038
0.00018678131164051592,2.0075363238447608e-07,0.00018878885020967573
0.0001865000813268125,2.0618247731363226e-07,0.00018856191309168935
0.0001864630467025563,1.9301567988350143e-07,0.00018839319818653166
0.00018628362158779055,1.9444763665887876e-07,0.0001882280921563506
0.00018611644918564707,1.9415406882217212e-07,0.00018805799481924623
0.00018591991101857275,1.9536189199698129e-07,0.00018787353474181145
0.00018584594363346696,1.846117925197177e-07,0.0001876920578069985
0.00018568920495454222,1.8370386101196345e-07,0.00018752623873297125
0.00018556026043370366,1.7826727116698748e-07,0.00018734292825683951
0.00018526807252783328,1.8956171743411687e-07,0.00018716369231697172
0.0001850338012445718,1.918139673762198e-07,0.00018695194739848375
0.0001848045940278098,1.9361979752829939e-07,0.00018674079910852015
0.0001846704544732347,1.8578575122774055e-07,0.00018652831204235554
0.00018442752480041236,1.933068460857612e-07,0.00018636058666743338
0.00018430472118780017,1.8760007947093982e-07,0.00018618072499521077
0.00018400106637272984,1.9878768853232032e-07,0.00018598894530441612
0.00018388470925856382,1.9351176661075442e-07,0.00018581982294563204
0.00018376154184807092,1.8896808740009874e-07,0.00018565122445579618
0.0001835537696024403,1.9090920488906704e-07,0.0001854628644650802
0.00018334704509470612,1.9154451535996486e-07,0.0001852624845923856
0.0001831660483730957,1.8676774971027044e-07,0.00018503372848499566
0.00018296197231393307,1.8250713651468686e-07,0.0001847870444180444
0.0001828224048949778,1.7263418783386442e-07,0.00018454874225426465
0.00018245096725877374,1.8482178631984425e-07,0.0001842991914600134
0.00018221432401333004,1.8526890244174865e-07,0.0001840670156525448
0.00018205909873358905,1.7591349887879915e-07,0.00018381823610980064
0.00018182331405114383,1.783392633569747e-07,0.0001836067094700411
0.0001816266740206629,1.7457975332035858e-07,0.00018337246729061007
0.00018133813864551485,1.7930929629983439e-07,0.0001831312256399542
0.00018120107415597886,1.7507515792658523e-07,0.0001829518296290189
0.00018103640468325466,1.7279856479035516e-07,0.0001827643864089623
0.00018071033991873264,1.8223404651962483e-07,0.00018253267626278102
0.00018058452405966818,1.7095295845592773e-07,0.00018229405395686626
0.0001804702915251255,1.6522412238373363e-07,0.0001821225305320695
0.00018026026373263448,1.6750880149629666e-07,0.00018193534924648702
0.00018005919991992414,1.7033261201504502e-07,0.00018176253070123494
0.00017978042887989432,1.7143938180197438e-07,0.00018149481911677867
0.00017960372497327626,1.6545735093131952e-07,0.0001812582922866568
0.00017927968292497098,1.7501105276096496e-07,0.00018102979811374098
0.00017914864292833954,1.6920435541578627e-07,0.00018084068142343313
0.00017899263184517622,1.6824026261019753e-07,0.00018067503697238863
0.00017884066619444638,1.65746087077423e-07,0.00018049812933895737
0.00017873439355753362,1.5832765143386496e-07,0.0001803176710382104
