pde_loss,bc_loss,total_loss
4.765807151794434,24.734554290771484,252.11135864257812
3.1525070667266846,5.463637828826904,57.78888702392578
2.4949491024017334,1.3320343494415283,15.815292358398438
1.7459264993667603,0.5268973112106323,7.014899730682373
1.3735073804855347,0.24342355132102966,3.8077430725097656
1.1514133214950562,0.3267436623573303,4.418849945068359
0.9104213714599609,0.2644065022468567,3.5544862747192383
0.7461279034614563,0.15638238191604614,2.3099517822265625
0.6461471915245056,0.18671914935112,2.513338804244995
0.5455326437950134,0.17352864146232605,2.2808191776275635
0.49104222655296326,0.10230989009141922,1.5141412019729614
0.5654054284095764,0.08942493051290512,1.4596548080444336
0.6422483325004578,0.09137624502182007,1.5560107231140137
0.5664324760437012,0.04387034475803375,1.0051358938217163
0.395658940076828,0.047512613236904144,0.870785117149353
0.29504409432411194,0.06513070315122604,0.946351170539856
0.23820090293884277,0.04585522413253784,0.6967531442642212
0.2198764532804489,0.039642103016376495,0.6162974834442139
0.2039950042963028,0.048459261655807495,0.6885876059532166
0.17110788822174072,0.039882052689790726,0.5699284076690674
0.14968271553516388,0.03894646465778351,0.5391473770141602
0.14760026335716248,0.031216509640216827,0.45976534485816956
0.1774071604013443,0.02574996091425419,0.4349067807197571
0.19020725786685944,0.029313819482922554,0.4833454489707947
0.1742616891860962,0.018801646307110786,0.36227816343307495
0.13268090784549713,0.025546392425894737,0.388144850730896
0.11035294085741043,0.033708930015563965,0.4474422335624695
0.11199863255023956,0.023803628981113434,0.3500349223613739
0.13722431659698486,0.017534341663122177,0.31256774067878723
0.14790204167366028,0.019018525257706642,0.3380872905254364
0.13667930662631989,0.016133304685354233,0.298012375831604
0.12136419862508774,0.016562556847929955,0.2869897782802582
0.11233086884021759,0.015345839783549309,0.265789270401001
0.11457335203886032,0.015333886258304119,0.26791220903396606
0.11293049156665802,0.018406467512249947,0.2969951629638672
0.1038094162940979,0.012386031448841095,0.22766973078250885
0.097352534532547,0.022169481962919235,0.31904736161231995
0.09406708180904388,0.02569456957280636,0.3510127663612366
0.09898518025875092,0.019705817103385925,0.296043336391449
0.11075573414564133,0.008569241501390934,0.19644814729690552
0.11413387209177017,0.03221530839800835,0.43628695607185364
0.10933839529752731,0.03364895284175873,0.4458279311656952
0.09761746227741241,0.009992951527237892,0.19754697382450104
0.0862869843840599,0.021362632513046265,0.29991331696510315
0.08025993406772614,0.022140584886074066,0.3016657829284668
0.08077186346054077,0.018232401460409164,0.263095885515213
0.08583995699882507,0.012608004733920097,0.21192000806331635
0.09136602282524109,0.015547250397503376,0.2468385249376297
0.0885496735572815,0.0166512168943882,0.2550618350505829
0.07892125844955444,0.0072445678524672985,0.1513669341802597
0.0738319531083107,0.013421721756458282,0.20804917812347412
0.07330744713544846,0.007158585824072361,0.14489330351352692
0.07991068065166473,0.01240586955100298,0.20396937429904938
0.0809638574719429,0.010309052653610706,0.18405437469482422
0.07067140936851501,0.007618773728609085,0.14685913920402527
0.06822630763053894,0.013333678245544434,0.20156309008598328
0.06790393590927124,0.011495301499962807,0.182856947183609
0.0709221288561821,0.00797969475388527,0.1507190763950348
0.07141198962926865,0.010608519427478313,0.17749717831611633
0.06848927587270737,0.007480180356651545,0.14329108595848083
0.06456173956394196,0.009842134080827236,0.16298308968544006
0.058589156717061996,0.00978486705571413,0.15643782913684845
0.0595816895365715,0.012436334043741226,0.18394502997398376
0.061500854790210724,0.0060338107869029045,0.12183896452188492
0.07147405296564102,0.01935383304953575,0.26501238346099854
0.07238471508026123,0.020165788009762764,0.27404260635375977
0.05970184504985809,0.0051801917143166065,0.11150376498699188
0.05503089725971222,0.013734438456594944,0.1923752874135971
0.05301319807767868,0.013700430281460285,0.1900174915790558
0.05763976275920868,0.004029781091958284,0.09793756902217865
0.05886954814195633,0.015843313187360764,0.21730268001556396
0.05781663954257965,0.008429779671132565,0.14211443066596985
0.055570121854543686,0.013866109773516655,0.19423122704029083
0.05295500531792641,0.017628967761993408,0.2292446792125702
0.051459409296512604,0.00525195337831974,0.1039789468050003
0.05531962215900421,0.009136524051427841,0.14668485522270203
0.056718021631240845,0.008763609454035759,0.14435411989688873
0.050282835960388184,0.004374627023935318,0.09402910619974136
0.04853692650794983,0.013148252852261066,0.18001945316791534
0.04839567467570305,0.008421164005994797,0.13260731101036072
0.05471060052514076,0.011476289480924606,0.16947349905967712
0.05569257587194443,0.013167008757591248,0.1873626708984375
0.04987161234021187,0.004217241890728474,0.09204402565956116
0.04526157304644585,0.008066083304584026,0.12592241168022156
0.04566129669547081,0.006557805929332972,0.11123935878276825
0.048809900879859924,0.0047766780480742455,0.09657668322324753
0.04751606658101082,0.0061497073620557785,0.1090131402015686
0.04638945683836937,0.004003001376986504,0.0864194706082344
0.0477251335978508,0.007535422686487436,0.12307935953140259
0.04542313516139984,0.003485377412289381,0.08027690649032593
0.04587350785732269,0.015158934518694878,0.19746285676956177
0.04573960602283478,0.015336456708610058,0.1991041749715805
0.044166889041662216,0.0024025302845984697,0.06819219142198563
0.04517366364598274,0.007203435525298119,0.11720801889896393
0.04173269495368004,0.004004539921879768,0.08177809417247772
0.04360968619585037,0.0069761318154633045,0.11337100714445114
0.044756822288036346,0.006076589226722717,0.10552271455526352
0.04379189386963844,0.004242680501192808,0.0862186998128891
0.038959749042987823,0.004907533526420593,0.08803508430719376
0.040749240666627884,0.005021974444389343,0.09096898138523102
0.04263902083039284,0.0028096684254705906,0.07073570787906647
0.042049773037433624,0.00502043217420578,0.09225409477949142
0.03880361467599869,0.0026128781028091908,0.06493239104747772
0.04121144860982895,0.006698610261082649,0.10819754749536514
0.041073549538850784,0.004242961294949055,0.08350315690040588
0.03863827884197235,0.005997364409267902,0.09861192107200623
0.036813847720623016,0.005301291588693857,0.08982676267623901
0.03964758291840553,0.004821089096367359,0.08785846829414368
0.04010159894824028,0.003906726371496916,0.07916886359453201
0.038896117359399796,0.004870814736932516,0.08760426938533783
0.03556322678923607,0.003829561173915863,0.073858842253685
0.03787821903824806,0.00565003976225853,0.09437862038612366
0.039174050092697144,0.0040994263254106045,0.08016831427812576
0.03837646171450615,0.004965620115399361,0.08803266286849976
0.034955669194459915,0.004836532287299633,0.0833209902048111
0.03575413301587105,0.003735532984137535,0.0731094628572464
0.03733619302511215,0.00353899784386158,0.07272617518901825
0.03707616776227951,0.0034384983591735363,0.07146115601062775
0.0337015837430954,0.00385110080242157,0.0722125917673111
0.0354447178542614,0.0031721903942525387,0.06716662645339966
0.03541281819343567,0.003805480431765318,0.07346762716770172
0.03533094376325607,0.0018505197949707508,0.053836140781641006
0.032943494617938995,0.004141919314861298,0.07436268776655197
0.03385232388973236,0.0019514996092766523,0.05336732044816017
0.034348953515291214,0.003747259732335806,0.07182155549526215
0.03520489111542702,0.0019672843627631664,0.054877735674381256
0.03145378455519676,0.0034935874864459038,0.06638966500759125
0.03236205130815506,0.002941705286502838,0.06177910417318344
0.03380986303091049,0.00213256711140275,0.05513553321361542
0.03371140733361244,0.0034253885969519615,0.0679652988910675
0.031047049909830093,0.0022184227127581835,0.05323127657175064
0.03358805552124977,0.003434334183111787,0.0679313987493515
0.03182516247034073,0.0015486443880945444,0.047311604022979736
0.03204561397433281,0.006429410073906183,0.09633971750736237
0.03164539858698845,0.004167650360614061,0.07332190126180649
0.03299705684185028,0.004350043833255768,0.07649749517440796
0.03166709840297699,0.005267785862088203,0.08434495329856873
0.029566187411546707,0.003139183856546879,0.060958024114370346
0.032813046127557755,0.0035299535375088453,0.0681125819683075
0.03501904010772705,0.003860227297991514,0.07362131774425507
0.029306642711162567,0.001834590220823884,0.04765254259109497
0.030065761879086494,0.004523877985775471,0.0753045380115509
0.0301468838006258,0.0010970255825668573,0.04111713916063309
0.033872704952955246,0.007282520644366741,0.1066979169845581
0.030720995739102364,0.004259445704519749,0.07331544905900955
0.02838069759309292,0.007782089523971081,0.10620159655809402
0.02874862216413021,0.009743690490722656,0.12618552148342133
0.03152173012495041,0.004144497215747833,0.07296670228242874
0.033108629286289215,0.008216104470193386,0.11526967585086823
0.031094282865524292,0.00693113636225462,0.10040564835071564
0.027567634359002113,0.005821161437779665,0.08577924966812134
0.02646552212536335,0.006708415225148201,0.09354966878890991
0.028550660237669945,0.005008243024349213,0.07863309234380722
0.03538941219449043,0.00501488521695137,0.08553826808929443
0.03127676621079445,0.0032879970967769623,0.06415674090385437
0.026913808658719063,0.007769289892166853,0.10460670292377472
0.025641150772571564,0.006903394125401974,0.09467509388923645
0.030223041772842407,0.006737170275300741,0.0975947454571724
0.03469119220972061,0.005567905027419329,0.09037023782730103
0.029221108183264732,0.008126155473291874,0.11048266291618347
0.028235187754034996,0.004861949943006039,0.07685469090938568
0.028792744502425194,0.010759519413113594,0.1363879293203354
0.02874470129609108,0.008892206475138664,0.11766676604747772
0.02720392309129238,0.0051507907919585705,0.07871183007955551
0.02755819819867611,0.004689367488026619,0.07445187121629715
0.03007097728550434,0.006464105099439621,0.0947120264172554
0.02904464304447174,0.004938708618283272,0.07843172550201416
0.026838408783078194,0.008325849659740925,0.11009690165519714
0.026313791051506996,0.007432273589074612,0.10063652694225311
0.02971157804131508,0.0053739179857075214,0.08345075696706772
0.02922406792640686,0.004427501931786537,0.07349908351898193
0.02684534341096878,0.006417667493224144,0.09102202206850052
0.026442905887961388,0.004992926027625799,0.0763721689581871
0.028781620785593987,0.005652402527630329,0.08530564606189728
0.029638081789016724,0.004646409302949905,0.07610217481851578
0.026713266968727112,0.006324165500700474,0.0899549201130867
0.02615966647863388,0.004702410660684109,0.07318377494812012
0.027918661013245583,0.006555329542607069,0.0934719517827034
0.027890896424651146,0.005463848821818829,0.08252938836812973
0.026102568954229355,0.0045180488377809525,0.07128305733203888
0.02642345055937767,0.003649958409368992,0.06292302906513214
0.028764275833964348,0.0065806289203464985,0.0945705696940422
0.027816709131002426,0.005785149522125721,0.08566820621490479
0.02563692443072796,0.0045530591160058975,0.07116751372814178
0.02570272423326969,0.003848167136311531,0.06418439745903015
0.028641438111662865,0.00561854662373662,0.08482690155506134
0.028154976665973663,0.004607602022588253,0.07423099875450134
0.025607703253626823,0.004710294771939516,0.07271064817905426
0.0256259273737669,0.004016401246190071,0.06578993797302246
0.027824612334370613,0.005060599185526371,0.07843060046434402
0.027733134105801582,0.0040779756382107735,0.06851288676261902
0.025297947227954865,0.005252918694168329,0.07782713323831558
0.025346364825963974,0.004384193569421768,0.06918829679489136
0.027500120922923088,0.004473715554922819,0.0722372755408287
0.027295559644699097,0.003552874317392707,0.0628243014216423
0.025117207318544388,0.005449777469038963,0.07961498200893402
0.025041867047548294,0.004685655236244202,0.07189841568470001
0.027110770344734192,0.003921069670468569,0.066321462392807
0.026896879076957703,0.003194892080500722,0.058845799416303635
0.02505604363977909,0.0056591336615383625,0.08164738118648529
0.04201975464820862,0.007189547177404165,0.11391522735357285
0.042986027896404266,0.006086429581046104,0.10385031998157501
0.04183395951986313,0.005340969190001488,0.09524364769458771
0.039473846554756165,0.00825013779103756,0.12197522819042206
0.03840016946196556,0.007172849029302597,0.11012865602970123
0.040169376879930496,0.006118102930486202,0.10135041177272797
0.039412256330251694,0.0053085144609212875,0.09249740093946457
0.03611926734447479,0.008051292970776558,0.11663219332695007
0.03472485393285751,0.006900356616824865,0.10372842103242874
0.036807116121053696,0.006519373971968889,0.10200086236000061
0.03680368512868881,0.005555069539695978,0.09235437959432602
0.03406911715865135,0.007531947456300259,0.10938858985900879
0.032970961183309555,0.006268460303544998,0.09565556049346924
0.03529981151223183,0.0068516917526721954,0.10381673276424408
0.03537056967616081,0.005752479657530785,0.09289536625146866
0.033049095422029495,0.007051669992506504,0.10356579720973969
0.031953103840351105,0.005954548250883818,0.09149858355522156
0.03411243483424187,0.006735610775649548,0.10146854817867279
0.03443363308906555,0.005576900206506252,0.09020263701677322
0.03286362811923027,0.006867283955216408,0.10153646767139435
0.031914256513118744,0.005878841038793325,0.09070266783237457
0.033300645649433136,0.006271389778703451,0.09601454436779022
0.03333237022161484,0.005210216622799635,0.08543454110622406
0.03225759044289589,0.006912090815603733,0.10137850046157837
0.03170812502503395,0.005957379471510649,0.09128192067146301
0.032753221690654755,0.005784694571048021,0.0906001627445221
0.03248259052634239,0.004934591241180897,0.08182850480079651
0.03153416886925697,0.006847701501101255,0.1000111848115921
0.031290050595998764,0.005986424162983894,0.09115429222583771
0.032246556133031845,0.005377157125622034,0.08601813018321991
0.031861256808042526,0.004697006195783615,0.07883131504058838
0.03106781467795372,0.006703954190015793,0.09810735285282135
0.031139444559812546,0.005932758562266827,0.09046703577041626
0.03204391151666641,0.005002300255000591,0.08206691592931747
0.03151293843984604,0.004488746169954538,0.07640039920806885
0.030626755207777023,0.006515963468700647,0.09578639268875122
0.030887583270668983,0.005846073385328054,0.08934831619262695
0.031819649040699005,0.004726868588477373,0.07908833026885986
0.03116956725716591,0.004391015507280827,0.07507972419261932
0.030024519190192223,0.006183338351547718,0.0918579027056694
0.030388550832867622,0.00557832233607769,0.08617177605628967
0.031429409980773926,0.004690381698310375,0.07833322882652283
0.03057914599776268,0.004478698130697012,0.07536612451076508
0.029245786368846893,0.005723865237087011,0.08648443967103958
0.029928524047136307,0.005164558067917824,0.08157410472631454
0.03116312064230442,0.004802353214472532,0.07918665558099747
0.030134480446577072,0.0046455394476652145,0.07658987492322922
0.028557434678077698,0.005265087820589542,0.08120831102132797
0.02954787388443947,0.004787716083228588,0.0774250328540802
0.031012406572699547,0.004832452163100243,0.07933692634105682
0.02986912988126278,0.004629171919077635,0.07616084814071655
0.028109097853302956,0.0050927395932376385,0.07903649657964706
0.029223786666989326,0.004688743036240339,0.07611121982336044
0.03079536184668541,0.004603597801178694,0.07683134078979492
0.02950742095708847,0.004372028633952141,0.07322770357131958
0.027755215764045715,0.005172758363187313,0.079482801258564
0.02890411950647831,0.0047246795147657394,0.07615091651678085
0.030570173636078835,0.004377695266157389,0.074347123503685
0.029148101806640625,0.004211691208183765,0.07126501202583313
0.027288425713777542,0.0050619300454854965,0.07790772616863251
0.028489725664258003,0.004512667190283537,0.0736164003610611
0.030371397733688354,0.00441009271889925,0.0744723230600357
0.028902212157845497,0.004221771843731403,0.07111992686986923
0.02682260423898697,0.004844275303184986,0.07526535540819168
0.028036054223775864,0.004297962412238121,0.07101567834615707
0.03012547828257084,0.004376727622002363,0.0738927572965622
0.028648674488067627,0.004103174898773432,0.06968042254447937
0.026472143828868866,0.004803233779966831,0.07450447976589203
0.027623333036899567,0.0042530023492872715,0.07015335559844971
0.029871750622987747,0.004216262139379978,0.07203437387943268
0.02839372679591179,0.003929915372282267,0.06769287586212158
0.026179548352956772,0.004759404342621565,0.073773592710495
0.02726716920733452,0.004159974865615368,0.06886692345142365
0.029577191919088364,0.004152445588260889,0.07110165059566498
0.028158770874142647,0.003867547959089279,0.06683424860239029
0.025927051901817322,0.00459907716140151,0.071917824447155
0.026949714869260788,0.003997424617409706,0.06692396104335785
0.02922198176383972,0.004139841068536043,0.07062038779258728
0.027931485325098038,0.0038197392132133245,0.06612887978553772
0.025751732289791107,0.004466221667826176,0.07041394710540771
0.026672739535570145,0.003897185204550624,0.06564459204673767
0.028838708996772766,0.004067346453666687,0.06951217353343964
0.02771531045436859,0.003715750528499484,0.06487281620502472
0.02565912902355194,0.004400443285703659,0.06966356188058853
0.026430023834109306,0.003846230683848262,0.06489232927560806
0.02844148315489292,0.003982876893132925,0.0682702511548996
0.027534956112504005,0.003610985353589058,0.06364481151103973
0.025618232786655426,0.004329245071858168,0.06891068816184998
0.02618439681828022,0.003776238765567541,0.06394678354263306
0.02804328128695488,0.003937498200684786,0.06741826236248016
0.027397220954298973,0.003527331631630659,0.06267053633928299
0.025594616308808327,0.004238886293023825,0.067983478307724
0.02590312249958515,0.0036860827822238207,0.06276395171880722
0.027677148580551147,0.003909662831574678,0.06677377223968506
0.027303552255034447,0.003447422292083502,0.06177777796983719
0.02555745467543602,0.00414015119895339,0.0669589638710022
0.025596516206860542,0.00359365320764482,0.06153304874897003
0.02738756686449051,0.0038640061393380165,0.06602762639522552
0.02725042961537838,0.003359397640451789,0.060844406485557556
0.025475535541772842,0.004040236584842205,0.06587789952754974
0.02529764547944069,0.0035117086954414845,0.06041473150253296
0.027200672775506973,0.0037875885609537363,0.0650765597820282
0.02721177600324154,0.0032695289701223373,0.05990706384181976
0.025328854098916054,0.003947822377085686,0.06480707973241806
0.02503107860684395,0.003448519390076399,0.05951627343893051
0.027088677510619164,0.003691555466502905,0.06400423496961594
0.027139857411384583,0.0031897062435746193,0.059036917984485626
0.025135045871138573,0.0038719254080206156,0.06385429948568344
0.02480613812804222,0.0034039823804050684,0.05884596332907677
0.02700173482298851,0.0035947069991379976,0.0629488080739975
0.0270286463201046,0.003121550427749753,0.05824415013194084
0.02494155615568161,0.0038141312543302774,0.06308287382125854
0.02461664006114006,0.003370699007064104,0.05832362920045853
0.026897167786955833,0.0035104192793369293,0.062001362442970276
0.026911767199635506,0.003056199988350272,0.057473767548799515
0.02477429248392582,0.0037751663476228714,0.06252595782279968
0.024428000673651695,0.003345121629536152,0.057879216969013214
0.026770399883389473,0.0034402143210172653,0.061172544956207275
0.02683044783771038,0.002984109800308943,0.056671544909477234
0.024604516103863716,0.0037505491636693478,0.06211000680923462
0.024208160117268562,0.003319809213280678,0.05740625411272049
0.026677045971155167,0.003375947941094637,0.06043652445077896
0.026789646595716476,0.0029073823243379593,0.05586346983909607
0.02437572181224823,0.0037240295205265284,0.061616018414497375
0.02397671341896057,0.003278819378465414,0.056764908134937286
0.026668675243854523,0.003318736096844077,0.05985603481531143
0.026742253452539444,0.0028473902493715286,0.05521615594625473
0.024081764742732048,0.0036789276637136936,0.06087104231119156
0.023793529719114304,0.003208040026947856,0.05587393045425415
0.026726044714450836,0.0032854005694389343,0.05958005040884018
0.026644324883818626,0.002818275708705187,0.05482707917690277
0.02379675954580307,0.003612217493355274,0.05991893261671066
0.0236820001155138,0.003106609918177128,0.05474809929728508
0.026761746034026146,0.003280691336840391,0.05956865847110748
0.026507386937737465,0.0028021791949868202,0.05452917888760567
0.023576414212584496,0.0035307668149471283,0.05888408422470093
0.02359764464199543,0.00298582692630589,0.053455911576747894
0.026742374524474144,0.0032804966904222965,0.059547342360019684
0.026369160041213036,0.0027756120543926954,0.05412527918815613
0.02340027503669262,0.003436437575146556,0.057764649391174316
0.02350929006934166,0.002864931942895055,0.05215860903263092
0.026696957647800446,0.0032461355440318584,0.059158314019441605
0.02622106671333313,0.002731765154749155,0.053538717329502106
0.023236095905303955,0.0033377548679709435,0.05661364644765854
0.023434435948729515,0.002769983373582363,0.051134269684553146
0.02661292999982834,0.0031688299495726824,0.058301229029893875
0.02604767307639122,0.0026755239814519882,0.0528029128909111
0.02310609444975853,0.003252476453781128,0.05563085898756981
0.023351071402430534,0.002714719157665968,0.05049826204776764
0.026472892612218857,0.0030673062428832054,0.05714595317840576
0.025890227407217026,0.0026067225262522697,0.051957450807094574
0.022991875186562538,0.0031902766786515713,0.054894641041755676
0.023225627839565277,0.002688163425773382,0.050107263028621674
0.026346663013100624,0.0029617012478411198,0.0559636726975441
0.025762612000107765,0.002537729684263468,0.05113990604877472
0.022831814363598824,0.0031444772612303495,0.05427658557891846
0.023104410618543625,0.0026634319219738245,0.04973872750997543
0.026267405599355698,0.002880026586353779,0.055067673325538635
0.02561892382800579,0.002488060388714075,0.050499528646469116
0.022660018876194954,0.0031025507487356663,0.05368552356958389
0.02301737479865551,0.0026163794100284576,0.049181170761585236
0.026195434853434563,0.0028371927328407764,0.0545673593878746
0.02546052634716034,0.0024515907280147076,0.04997643455862999
0.022509530186653137,0.0030522900633513927,0.05303243175148964
0.022949786856770515,0.002544038463383913,0.04839017242193222
0.026117976754903793,0.002811943646520376,0.05423741415143013
0.025284377858042717,0.0024196666199713945,0.049481041729450226
0.02237660251557827,0.0029922001995146275,0.05229860544204712
0.02290618047118187,0.0024643088690936565,0.04754927009344101
0.026003386825323105,0.002788043115288019,0.05388381704688072
0.02509162947535515,0.002387092914432287,0.048962559551000595
0.02227703109383583,0.0029323173221200705,0.05160020291805267
0.022855333983898163,0.0023936883080750704,0.04679221659898758
0.025860389694571495,0.0027524041943252087,0.05338443070650101
0.024897003546357155,0.0023460444062948227,0.04835744947195053
0.0221768356859684,0.0028784708119928837,0.05096154287457466
0.02280803769826889,0.0023349656257778406,0.04615769535303116
0.025705914944410324,0.002700522541999817,0.05271114036440849
0.024676991626620293,0.002300556283444166,0.04768255352973938
0.02208978682756424,0.0028260971885174513,0.05035075917840004
0.022776570171117783,0.0022823098115622997,0.045599669218063354
0.025519009679555893,0.0026390464045107365,0.05190947279334068
0.024445373564958572,0.0022550339344888926,0.04699571430683136
0.02202850766479969,0.002764427335932851,0.04967278242111206
0.02275458164513111,0.0022318491246551275,0.045073073357343674
0.025305962190032005,0.002573682926595211,0.051042791455984116
0.024211253970861435,0.0022166972048580647,0.04637822508811951
0.021989844739437103,0.0026941399555653334,0.048931244760751724
0.022743629291653633,0.0021840857807546854,0.0445844866335392
0.02506466954946518,0.002509251469746232,0.05015718191862106
0.02397463656961918,0.0021809220779687166,0.04578385502099991
0.021968906745314598,0.0026213480159640312,0.04818238690495491
0.022744717076420784,0.002138959476724267,0.04413431137800217
0.024794450029730797,0.0024411221966147423,0.04920567199587822
0.023724127560853958,0.0021451401989907026,0.04517553001642227
0.021980606019496918,0.0025455132126808167,0.047435738146305084
0.022751767188310623,0.0021003619767725468,0.043755386024713516
0.024478470906615257,0.0023708248045295477,0.04818671941757202
0.023483386263251305,0.00210913410410285,0.04457473009824753
0.022023994475603104,0.0024692057631909847,0.046716053038835526
0.026604223996400833,0.0022393306717276573,0.04899752885103226
0.028338246047496796,0.0023135060910135508,0.05147330462932587
0.026579970493912697,0.002172375563532114,0.04830372333526611
0.025199754163622856,0.0024868054315447807,0.05006780847907066
0.025743311271071434,0.0020279819145798683,0.04602313041687012
0.02667921409010887,0.0024096393026411533,0.05077560618519783
0.025637580081820488,0.002217333298176527,0.047810912132263184
0.024057187139987946,0.002126669976860285,0.04532388597726822
0.024997541680932045,0.0017740062903612852,0.042737603187561035
0.025416916236281395,0.0023662566673010588,0.04907948523759842
0.02444922737777233,0.0021471078507602215,0.04592030495405197
0.0238164234906435,0.002042984589934349,0.04424627125263214
0.024297989904880524,0.0017688859952613711,0.041986849159002304
0.02463126741349697,0.0021822520066052675,0.04645378887653351
0.023763563483953476,0.0019855699501931667,0.04361926391720772
0.023234788328409195,0.002092525130137801,0.044160038232803345
0.023502137511968613,0.001815863186493516,0.041660770773887634
0.023462286219000816,0.0021494170650839806,0.04495645686984062
0.02312820591032505,0.0018852849025279284,0.041981056332588196
0.02269158698618412,0.0020954543724656105,0.043646130710840225
0.022950682789087296,0.001821425394155085,0.041164934635162354
0.023063084110617638,0.0020291698165237904,0.04335477948188782
0.02298099547624588,0.0017546068411320448,0.040527064353227615
0.022642262279987335,0.002083454979583621,0.04347681254148483
0.022594448179006577,0.0017933851340785623,0.040528297424316406
0.0228833369910717,0.0019821287132799625,0.04270462319254875
0.022739101201295853,0.0017260699532926083,0.03999980166554451
0.02236299030482769,0.0020249877125024796,0.042612865567207336
0.02219715155661106,0.0017521894769743085,0.03971904516220093
0.022502364590764046,0.0019634226337075233,0.04213659092783928
0.022473659366369247,0.0017022712854668498,0.039496369659900665
0.02194114215672016,0.0019854698330163956,0.041795842349529266
0.021918410435318947,0.001725468086078763,0.03917308896780014
0.022235598415136337,0.0019476417219266295,0.041712015867233276
0.022245513275265694,0.0016959753120318055,0.039205268025398254
0.02154318243265152,0.0019242947455495596,0.04078613221645355
0.021772563457489014,0.0016589600127190351,0.03836216405034065
0.02204066887497902,0.0019785016775131226,0.041825685650110245
0.022159190848469734,0.0017106921877712011,0.03926611319184303
0.021236537024378777,0.0018548066727817059,0.03978460282087326
0.021868130192160606,0.001606765785254538,0.037935785949230194
0.021660322323441505,0.002043141983449459,0.042091742157936096
0.02227144129574299,0.0017437986098229885,0.0397094264626503
0.02082047238945961,0.0017646579071879387,0.03846704959869385
0.022295691072940826,0.0015968508087098598,0.038264200091362
0.02086603455245495,0.002378561068326235,0.04465164244174957
0.023028699681162834,0.002172149484977126,0.04475019499659538
0.020792804658412933,0.001039109076373279,0.031183894723653793
0.022949138656258583,0.0010288204066455364,0.03323734179139137
0.02053275890648365,0.008228947408497334,0.10282222926616669
0.019705234095454216,0.003948980011045933,0.059195034205913544
0.03278598561882973,0.010686657391488552,0.1396525651216507
0.03269364312291145,0.010742507874965668,0.14011871814727783
0.020814958959817886,0.003474548226222396,0.05556043982505798
0.02024182304739952,0.006179493386298418,0.08203675597906113
0.022144529968500137,0.00229686894454062,0.0451132208108902
0.025455007329583168,0.002992893336340785,0.055383943021297455
0.020556382834911346,0.0028159022331237793,0.04871540516614914
0.020550891757011414,0.0018610669067129493,0.0391615629196167
0.026893388479948044,0.004726247396320105,0.07415586709976196
0.02340477518737316,0.003251991467550397,0.05592469125986099
0.020114338025450706,0.004500472918152809,0.06511906534433365
0.020528487861156464,0.0023434953764081,0.043963439762592316
0.028341883793473244,0.005435343366116285,0.08269532024860382
0.0243194792419672,0.002277738880366087,0.047096870839595795
0.020629549399018288,0.008383017033338547,0.1044597178697586
0.021023577079176903,0.00923128705471754,0.11333645135164261
0.022084245458245277,0.0007492164731957018,0.029576409608125687
0.02362855337560177,0.006937005091458559,0.09299860894680023
0.021112749353051186,0.0032685939222574234,0.05379869043827057
0.021447382867336273,0.006132013630121946,0.08276751637458801
0.022029738873243332,0.006612295284867287,0.0881526917219162
0.021619576960802078,0.0019025681540369987,0.040645256638526917
0.022796815261244774,0.004714281763881445,0.06993963569402695
0.020854661241173744,0.0025722561404109,0.046577222645282745
0.020986294373869896,0.004036410711705685,0.06135040521621704
0.021572409197688103,0.0022264462895691395,0.043836869299411774
0.02291058376431465,0.004157299175858498,0.06448357552289963
0.020678685978055,0.0022704799193888903,0.043383486568927765
0.021205632016062737,0.004557597450911999,0.06678161025047302
0.021653644740581512,0.003005669917911291,0.051710344851017
0.021774055436253548,0.0039201159961521626,0.06097521632909775
0.02116815745830536,0.0035954159684479237,0.05712231621146202
0.020961152389645576,0.002669659676030278,0.04765775054693222
0.021008016541600227,0.0024336662609130144,0.04534468054771423
0.020866652950644493,0.003144871676340699,0.0523153692483902
0.02191966213285923,0.002055088523775339,0.0424705445766449
0.021031169220805168,0.0038726869970560074,0.05975803732872009
0.020125700160861015,0.0036101904697716236,0.05622760206460953
0.02068653143942356,0.0019315127283334732,0.04000166058540344
0.023545358330011368,0.0025925589725375175,0.049470946192741394
0.020327551290392876,0.001574886147864163,0.03607641160488129
0.01948244869709015,0.0016423969063907862,0.03590641915798187
0.022678105160593987,0.0013750450452789664,0.036428555846214294
0.020286353304982185,0.0010020071640610695,0.03030642494559288
0.01992153562605381,0.0021946083288639784,0.04186762124300003
0.021264584735035896,0.0009382770513184369,0.030647356063127518
0.021884774789214134,0.006186014041304588,0.08374491333961487
0.0202605240046978,0.004948264453560114,0.06974317133426666
0.01902763359248638,0.002768927486613393,0.04671690613031387
0.023913554847240448,0.004438570700585842,0.06829926371574402
0.02342831715941429,0.0023334415163844824,0.04676273465156555
0.02026747353374958,0.00486399233341217,0.06890739500522614
0.01852419413626194,0.005155178718268871,0.07007598131895065
0.019750628620386124,0.003037723945453763,0.050127867609262466
0.02207019552588463,0.0025764398742467165,0.047834593802690506
0.022358063608407974,0.00253617437556386,0.047719806432724
0.020855441689491272,0.0031433086842298508,0.05228852853178978
0.018517928197979927,0.002327430061995983,0.04179222881793976
0.020581422373652458,0.004444947000592947,0.06503089517354965
0.02312782220542431,0.0036775534972548485,0.05990336090326309
0.022765591740608215,0.002777843037620187,0.050544023513793945
0.019086787477135658,0.003397425403818488,0.05306103825569153
0.018076324835419655,0.002866223454475403,0.046738557517528534
0.021365949884057045,0.003062313422560692,0.05198908597230911
0.022761397063732147,0.0023952051997184753,0.0467134490609169
0.020639540627598763,0.002825753763318062,0.04889708012342453
0.01930179074406624,0.0022231831680983305,0.04153362289071083
0.020700957626104355,0.00285981222987175,0.049299079924821854
0.02052081748843193,0.0024345533456653357,0.044866353273391724
0.019817691296339035,0.0017425273545086384,0.037242963910102844
0.022229744121432304,0.003951539285480976,0.061745136976242065
0.02120092138648033,0.0014630061341449618,0.03583098202943802
0.01912076771259308,0.008065389469265938,0.09977465867996216
0.018736757338047028,0.009649431332945824,0.11523107439279556
0.01943410374224186,0.0015637052711099386,0.03507115691900253
0.024721072986721992,0.007847719825804234,0.10319826751947403
0.025224819779396057,0.009440504014492035,0.1196298599243164
0.0213171299546957,0.004134942777454853,0.06266655772924423
0.01832408830523491,0.003823439124971628,0.056558478623628616
0.019702870398759842,0.00567754777148366,0.07647834718227386
0.021512899547815323,0.004404863342642784,0.06556153297424316
0.02128271572291851,0.001524339895695448,0.036526113748550415
0.019091956317424774,0.00427588913589716,0.06185084581375122
0.018961090594530106,0.0020681475289165974,0.039642564952373505
0.024096928536891937,0.006184580735862255,0.08594273775815964
0.024686822667717934,0.007921511307358742,0.1039019301533699
0.019458133727312088,0.0009625749662518501,0.02908388338983059
0.02134101092815399,0.012744828127324581,0.14878928661346436
0.02546078711748123,0.019325334578752518,0.21871411800384521
0.02442581206560135,0.007059432566165924,0.09502013772726059
0.025024009868502617,0.004893749952316284,0.07396151125431061
0.024611731991171837,0.011823700740933418,0.14284873008728027
0.01858649216592312,0.009212741628289223,0.1107139065861702
0.015057399868965149,0.00666552921757102,0.08171269297599792
0.020837781950831413,0.005007339641451836,0.07091117650270462
0.030903253704309464,0.0063588861376047134,0.094492107629776
0.028488945215940475,0.0046757967211306095,0.0752469152212143
0.019608505070209503,0.0020475913770496845,0.040084417909383774
0.01605520024895668,0.006526883225888014,0.0813240259885788
0.016711188480257988,0.005403514951467514,0.07074633985757828
0.02160026878118515,0.0013537828344851732,0.035138096660375595
0.025980819016695023,0.0032513788901269436,0.05849460884928703
0.022518211975693703,0.0018854816444218159,0.041373029351234436
0.018027842044830322,0.0035987086594104767,0.05401492863893509
0.017972290515899658,0.004198133014142513,0.05995362251996994
0.020925553515553474,0.0027951309457421303,0.04887686297297478
0.0211603045463562,0.002512869890779257,0.046289004385471344
0.022246841341257095,0.0023465962149202824,0.045712802559137344
0.022564532235264778,0.002615923061966896,0.04872376471757889
0.02028791792690754,0.0011907537700608373,0.03219545632600784
0.017921723425388336,0.004054802004247904,0.0584697425365448
0.018506605178117752,0.0034667570143938065,0.05317417532205582
0.021258153021335602,0.0012149275280535221,0.03340742737054825
0.021145470440387726,0.0025260651018470526,0.04640612006187439
0.02059410884976387,0.0012336812214925885,0.032930921763181686
0.02501106634736061,0.005071799270808697,0.07572905719280243
0.02329384721815586,0.005365605931729078,0.07694990932941437
0.01711135357618332,0.0026888051070272923,0.04399940371513367
0.019443780183792114,0.002774539403617382,0.047189176082611084
0.02305702120065689,0.002309833886101842,0.04615535959601402
0.022902393713593483,0.0020413382444530725,0.04331577569246292
0.018913699313998222,0.0021628765389323235,0.04054246470332146
0.018612585961818695,0.0019721074495464563,0.03833366185426712
0.020028626546263695,0.0019459230825304985,0.03948785737156868
0.019584549590945244,0.0014716907171532512,0.034301456063985825
0.02174866572022438,0.001520299818366766,0.036951664835214615
0.021357722580432892,0.0014531511114910245,0.03588923439383507
0.017433319240808487,0.0018376084044575691,0.03580940514802933
0.018578818067908287,0.0015331823378801346,0.033910639584064484
0.02215808443725109,0.0008963696309365332,0.03112178109586239
0.02003573253750801,0.0023851129226386547,0.04388686269521713
0.019022954627871513,0.0010459101758897305,0.029482055455446243
0.026656528934836388,0.0047949859872460365,0.07460638880729675
0.026252131909132004,0.005417122505605221,0.08042335510253906
0.018005333840847015,0.0022204513661563396,0.040209848433732986
0.01748870313167572,0.0033502718433737755,0.050991423428058624
0.0208414439111948,0.003126362105831504,0.05210506170988083
0.0242962297052145,0.001649678684771061,0.04079301655292511
0.019632263109087944,0.0028326595202088356,0.0479588583111763
0.016831817105412483,0.002426935825496912,0.04110117256641388
0.020232977345585823,0.004014986101537943,0.06038283556699753
0.020955266430974007,0.003498886013403535,0.05594412982463837
0.020271576941013336,0.0014406639384105802,0.03467821702361107
0.020554069429636,0.0022962745279073715,0.04351681470870972
0.021515527740120888,0.001301295473240316,0.03452848270535469
0.01839270442724228,0.0021651661954820156,0.04004436731338501
0.01757335662841797,0.0015541606117039919,0.0331149622797966
0.022673381492495537,0.002778102643787861,0.050454407930374146
0.023442501202225685,0.0023840959183871746,0.047283463180065155
0.03264188393950462,0.007328449282795191,0.10592637956142426
0.028379864990711212,0.007737870328128338,0.10575857013463974
0.025931160897016525,0.007443421054631472,0.10036537051200867
0.026269203051924706,0.007189667783677578,0.09816588461399078
0.024983810260891914,0.007157926447689533,0.09656307101249695
0.024075770750641823,0.006457156501710415,0.08864733576774597
0.024018950760364532,0.006614763755351305,0.0901665911078453
0.022457879036664963,0.006392406299710274,0.0863819420337677
0.02182215079665184,0.00591619499027729,0.08098410069942474
0.022131001576781273,0.008182065561413765,0.10395165532827377
0.022640202194452286,0.007422989699989557,0.09687009453773499
0.024534190073609352,0.006244746968150139,0.08698166161775589
0.02537546493113041,0.006359098479151726,0.08896645158529282
0.02326904609799385,0.005946281366050243,0.08273185789585114
0.021610410884022713,0.005871483590453863,0.08032524585723877
0.023879870772361755,0.005715921521186829,0.08103908598423004
0.02511831372976303,0.004978318233042955,0.07490149140357971
0.02424655109643936,0.005162146408110857,0.07586801052093506
0.023175934329628944,0.0049876077100634575,0.07305201143026352
0.023217784240841866,0.004674618598073721,0.0699639692902565
0.02408238872885704,0.004796271212399006,0.07204510271549225
0.024889139458537102,0.004327916074544191,0.06816829741001129
0.02528696320950985,0.003981250803917646,0.06509947031736374
0.023306474089622498,0.004760039504617453,0.0709068700671196
0.023474104702472687,0.003697868436574936,0.060452789068222046
0.026710670441389084,0.005374578759074211,0.0804564580321312
0.02550094574689865,0.0038316957652568817,0.06381790339946747
0.023944472894072533,0.006269056815654039,0.0866350457072258
0.024226391687989235,0.005423394497483969,0.07846033573150635
0.025434814393520355,0.004434660077095032,0.06978141516447067
0.02471926435828209,0.0046279095113277435,0.07099835574626923
0.023298993706703186,0.004181881435215473,0.06511780619621277
0.025851590558886528,0.004309738054871559,0.06894896924495697
0.026895146816968918,0.0035602436400949955,0.0624975822865963
0.02343282289803028,0.005002089310437441,0.07345371693372726
0.022031303495168686,0.004843615926802158,0.07046745717525482
0.02389124594628811,0.004273754544556141,0.06662879139184952
0.026265781372785568,0.004044890403747559,0.06671468913555145
0.02412058599293232,0.004184883553534746,0.06596942245960236
0.022624198347330093,0.003964732866734266,0.06227152794599533
0.0238365288823843,0.004605380352586508,0.0698903352022171
0.02423483319580555,0.003958919085562229,0.06382402032613754
0.02223634347319603,0.004816402681171894,0.07040037214756012
0.022055763751268387,0.004388746805489063,0.06594322621822357
0.024319717660546303,0.004275091923773289,0.06707063317298889
0.02481670491397381,0.003941768314689398,0.06423439085483551
0.02219727635383606,0.004329283721745014,0.06549011170864105
0.021589774638414383,0.003908604849129915,0.06067582219839096
0.023866362869739532,0.004448361229151487,0.06834997236728668
0.02414332516491413,0.003629579208791256,0.06043911725282669
0.021306226029992104,0.005015666596591473,0.07146289199590683
0.021065881475806236,0.004410408437252045,0.06516996771097183
0.024150261655449867,0.004402440972626209,0.06817466765642166
0.024526985362172127,0.004088572226464748,0.06541270762681961
0.021132925525307655,0.0043539609760046005,0.06467253714799881
0.020219434052705765,0.004175328183919191,0.061972714960575104
0.024173080921173096,0.004098208155483007,0.06515516340732574
0.02528958208858967,0.003518271492794156,0.06047229468822479
0.021039770916104317,0.004566961899399757,0.06670939177274704
0.019790329039096832,0.004268760792911053,0.06247793883085251
0.023912301287055016,0.003899096976965666,0.0629032701253891
0.025403764098882675,0.0034490469843149185,0.05989423394203186
0.02092830091714859,0.0041473908349871635,0.062402211129665375
0.0199795663356781,0.0038140402175486088,0.058119967579841614
0.02465433068573475,0.0038948929868638515,0.06360325962305069
0.025030726566910744,0.003348393365740776,0.058514662086963654
0.019993098452687263,0.004363772459328175,0.06363081932067871
0.01968489959836006,0.004056881181895733,0.06025371327996254
0.02462143264710903,0.003487792331725359,0.0594993531703949
0.02469150722026825,0.0031707738526165485,0.05639924481511116
0.01982537843286991,0.004217782523483038,0.062003202736377716
0.019634904339909554,0.0038976604118943214,0.05861150473356247
0.024336781352758408,0.003389654913917184,0.05823333188891411
0.02425384521484375,0.0031557076144963503,0.055810920894145966
0.02007526345551014,0.003820091485977173,0.05827617645263672
0.020033154636621475,0.0034339390695095062,0.05437254533171654
0.0241287462413311,0.0035791853442788124,0.059920597821474075
0.02406936325132847,0.0032381759956479073,0.05645111948251724
0.020141178742051125,0.0036984607577323914,0.05712578445672989
0.019752101972699165,0.0034923432394862175,0.05467553436756134
0.023801065981388092,0.003304410260170698,0.05684516951441765
0.024026118218898773,0.002996639348566532,0.053992509841918945
0.019715817645192146,0.003695141524076462,0.056667231023311615
0.019453827291727066,0.0034513608552515507,0.05396743491292
0.02412979118525982,0.003148469142615795,0.05561448633670807
0.023930195719003677,0.0029161120764911175,0.05309131741523743
0.01930118352174759,0.0036192324478179216,0.05549350753426552
0.019475296139717102,0.0033346430864185095,0.052821725606918335
0.02410275675356388,0.0030651171691715717,0.05475392937660217
0.023589076474308968,0.0028831774834543467,0.05242085084319115
0.01932108961045742,0.0034383044112473726,0.05370413511991501
0.019555358216166496,0.00315930787473917,0.0511484369635582
0.023811714723706245,0.0030713630840182304,0.05452534556388855
0.02359740063548088,0.002860594540834427,0.05220334604382515
0.01937021315097809,0.003289451589807868,0.052264727652072906
0.019359920173883438,0.003089176956564188,0.050251688808202744
0.023782307282090187,0.0029143248684704304,0.052925556898117065
0.023268895223736763,0.002697791438549757,0.05024681240320206
0.018999921157956123,0.003344218246638775,0.05244210362434387
0.019410133361816406,0.0031035877764225006,0.05044601112604141
0.02338527888059616,0.0027070080395787954,0.05045536160469055
0.022662734612822533,0.002549063879996538,0.04815337061882019
0.01906263269484043,0.0032997652888298035,0.05206028372049332
0.019243184477090836,0.0030341120436787605,0.04958430677652359
0.023124607279896736,0.0026744110509753227,0.04986871778964996
0.02277960814535618,0.0025301415007561445,0.04808102548122406
0.018865369260311127,0.0031173331663012505,0.05003870278596878
0.019270870834589005,0.002840590663254261,0.047676779329776764
0.023129155859351158,0.0027034583035856485,0.050163738429546356
0.02262742631137371,0.0025740463752299547,0.04836788773536682
0.019061490893363953,0.0028887162916362286,0.04794865474104881
0.019115954637527466,0.002687356900423765,0.04598952457308769
0.02298872172832489,0.002718912437558174,0.05017784610390663
0.022741196677088737,0.0025697664823383093,0.04843886196613312
0.018987495452165604,0.0027322215028107166,0.046309709548950195
0.019012589007616043,0.0025671455077826977,0.044684045016765594
0.022775234654545784,0.0026540830731391907,0.04931606352329254
0.02262195199728012,0.002554097678512335,0.048162929713726044
0.01897912658751011,0.0025922281201928854,0.04490140825510025
0.018765456974506378,0.002646996406838298,0.045235421508550644
0.022039059549570084,0.0025766233447939157,0.0478052943944931
0.022329658269882202,0.002696747425943613,0.04929713159799576
0.01950513944029808,0.0019421791657805443,0.038926929235458374
0.021163584664463997,0.002593561541289091,0.04709920287132263
0.020863346755504608,0.002304645488038659,0.04390980303287506
0.01941053755581379,0.002043126616626978,0.039841800928115845
0.020979074761271477,0.004153391346335411,0.06251298636198044
0.019907105714082718,0.001930550904944539,0.03921261429786682
0.020363831892609596,0.011334342882037163,0.13370727002620697
0.021413253620266914,0.013656945899128914,0.1579827070236206
0.021173927932977676,0.00405237078666687,0.06169763579964638
0.023818736895918846,0.009660575538873672,0.12042449414730072
0.024201923981308937,0.015501507557928562,0.17921701073646545
0.020098015666007996,0.008016854524612427,0.10026656091213226
0.017400749027729034,0.006158122327178717,0.07898197323083878
0.019586971029639244,0.00805094838142395,0.1000964567065239
0.023400554433465004,0.0069321333430707455,0.09272188693284988
0.025004170835018158,0.004427459090948105,0.0692787617444992
0.022333547472953796,0.004763197153806686,0.06996551901102066
0.01886366493999958,0.00616442272439599,0.08050788938999176
0.017441052943468094,0.003668437711894512,0.054125431925058365
0.02167847752571106,0.004902439191937447,0.07070286571979523
0.023413727059960365,0.00463278591632843,0.06974158436059952
0.02096370980143547,0.002605075016617775,0.04701445996761322
0.018720228224992752,0.0040773069486021996,0.0594932995736599
0.018906956538558006,0.003223925828933716,0.051146216690540314
0.020597228780388832,0.0034306899178773165,0.05490412563085556
0.019916782155632973,0.0034624277614057064,0.05454105883836746
0.019847199320793152,0.0032428742852061987,0.05227594077587128
0.020516538992524147,0.0029441742226481438,0.049958281219005585
0.02106732316315174,0.003129037795588374,0.05235770344734192
0.0187486931681633,0.0026440268848091364,0.045188963413238525
0.018870344385504723,0.003859252203255892,0.05746286362409592
0.02024141140282154,0.002624906599521637,0.04649047553539276
0.023555980995297432,0.004103580955415964,0.06459178775548935
0.02215011976659298,0.003810022957623005,0.06025034934282303
0.018306218087673187,0.0028482566121965647,0.0467887818813324
0.018071377649903297,0.002818388631567359,0.046255264431238174
0.021548885852098465,0.0029909403529018164,0.051458291709423065
0.021876536309719086,0.0022296016104519367,0.04417255148291588
0.01885959319770336,0.0042073680087924,0.060933277010917664
0.017783138900995255,0.0039303419180214405,0.057086557149887085
0.019384393468499184,0.0028153215534985065,0.047537609934806824
0.021205376833677292,0.0025843658950179815,0.047049038112163544
0.01992497406899929,0.002933866111561656,0.04926363378763199
0.019370054826140404,0.00262999814003706,0.045670036226511
0.02089572511613369,0.0031184812542051077,0.052080538123846054
0.02047080732882023,0.0028695338405668736,0.04916614294052124
0.018440017476677895,0.00325110275298357,0.0509510412812233
0.018747501075267792,0.0028310709167271852,0.04705820977687836
0.021695975214242935,0.0029630952049046755,0.0513269267976284
0.02214817702770233,0.002541926922276616,0.047567445784807205
0.018741663545370102,0.0030281529761850834,0.04902319237589836
0.01767120137810707,0.00289647514000535,0.046635951846838
0.020014479756355286,0.0029578781686723232,0.04959326237440109
0.021737398579716682,0.0023879455402493477,0.04561685398221016
0.01954936422407627,0.003171514719724655,0.05126450955867767
0.01836364157497883,0.0028950090054422617,0.04731373116374016
0.019470306113362312,0.0028388332575559616,0.04785864055156708
0.020549096167087555,0.0023884933907538652,0.04443402960896492
0.01919310726225376,0.0030108802020549774,0.049301907420158386
0.018597176298499107,0.0025026106741279364,0.04362328350543976
0.020381592214107513,0.003127677831798792,0.05165836960077286
0.020796652883291245,0.0025334160309284925,0.04613081365823746
0.018905241042375565,0.003061643335968256,0.04952167347073555
0.018042273819446564,0.0027420567348599434,0.04546283930540085
0.019700316712260246,0.0028400165028870106,0.04810047894716263
0.02085530012845993,0.002199317328631878,0.04284847527742386
0.019307810813188553,0.0032440167851746082,0.05174797773361206
0.018186496570706367,0.0027272305451333523,0.045458801090717316
0.019382672384381294,0.0030309571884572506,0.049692243337631226
0.02048066444694996,0.0024678295012563467,0.04515895992517471
0.019471153616905212,0.0029379636980593204,0.04885078966617584
0.018526263535022736,0.0024795893114060163,0.043322157114744186
0.019443882629275322,0.0030701877549290657,0.05014576017856598
0.020132334902882576,0.002372124930843711,0.04385358467698097
0.019224025309085846,0.0032084290869534016,0.05130831524729729
0.018494099378585815,0.002712612971663475,0.045620229095220566
0.019224056974053383,0.0029152031056582928,0.048376090824604034
0.020083969458937645,0.002330613089725375,0.04339010268449783
0.025765078142285347,0.00485208909958601,0.07428596913814545
0.023593278601765633,0.004336808808147907,0.0669613629579544
0.022839559242129326,0.004799430258572102,0.07083386182785034
0.02314874902367592,0.004240597132593393,0.06555472314357758
0.0229900311678648,0.004191121086478233,0.06490124017000198
0.0220633614808321,0.0037611345760524273,0.0596747100353241
0.02207757905125618,0.004786619450896978,0.06994377076625824
0.021957892924547195,0.00445164181292057,0.0664743110537529
0.02122873067855835,0.003916519694030285,0.06039392948150635
0.021387359127402306,0.0036803819239139557,0.05819118022918701
0.0219649039208889,0.004409077577292919,0.06605568528175354
0.021821511909365654,0.004006530158221722,0.06188681721687317
0.021743113175034523,0.004122555255889893,0.0629686638712883
0.02158697508275509,0.003874808084219694,0.060335054993629456
0.021639365702867508,0.004104893654584885,0.06268830597400665
0.021525099873542786,0.0038547890726476908,0.060072991997003555
0.021610625088214874,0.004044244531542063,0.06205306947231293
0.021721238270401955,0.003897208720445633,0.060693323612213135
0.02154802344739437,0.003729696851223707,0.05884499102830887
0.02104904130101204,0.0036289170384407043,0.05733821168541908
0.02106732688844204,0.004019390791654587,0.06126123666763306
0.02160579338669777,0.003706125309690833,0.05866704508662224
0.022201795130968094,0.0037796110846102238,0.05999790504574776
0.02135663665831089,0.00370220048353076,0.05837864428758621
0.02069546841084957,0.003831407055258751,0.05900953710079193
0.021387120708823204,0.00362596707418561,0.05764678865671158
0.022184427827596664,0.003687688149511814,0.059061307460069656
0.02148037776350975,0.0036530368961393833,0.05801074579358101
0.02080894261598587,0.0036697862669825554,0.057506807148456573
0.021293429657816887,0.003487748559564352,0.05617091804742813
0.0220103170722723,0.0037032347172498703,0.059042662382125854
0.021167106926441193,0.003604188561439514,0.057208992540836334
0.02053641527891159,0.0037449002265930176,0.057985417544841766
0.02107998915016651,0.0035999095998704433,0.05707908421754837
0.021768787875771523,0.0034947588574141264,0.056716375052928925
0.020767418667674065,0.003458031453192234,0.055347733199596405
0.020068630576133728,0.0038141782861202955,0.05821041390299797
0.02072731964290142,0.003595443442463875,0.05668175220489502
0.021900348365306854,0.0034351320937275887,0.05625166743993759
0.020847389474511147,0.0033943871967494488,0.05479126423597336
0.019950421527028084,0.0037780108395963907,0.057730533182621
0.020573990419507027,0.003524088766425848,0.05581487715244293
0.021969307214021683,0.003455374389886856,0.056523051112890244
0.021016111597418785,0.003410858102142811,0.05512469261884689
0.01979496330022812,0.0036502815783023834,0.05629777908325195
0.02035810425877571,0.0034160842187702656,0.05451894551515579
0.021975334733724594,0.0034550309646874666,0.05652564391493797
0.021034792065620422,0.0033431192860007286,0.05446598678827286
0.019721735268831253,0.0036781795788556337,0.0565035305917263
0.020143020898103714,0.003452275414019823,0.05466577410697937
0.021838583052158356,0.0033649285323917866,0.05548786744475365
0.021038250997662544,0.0032411457505077124,0.05344970524311066
0.019726112484931946,0.003690519370138645,0.05663130432367325
0.02006659284234047,0.003441118635237217,0.05447777733206749
0.021800998598337173,0.0033180403988808393,0.054981403052806854
0.021052934229373932,0.0031797762494534254,0.05285069718956947
0.019747791811823845,0.0036756957415491343,0.0565047487616539
0.01999235898256302,0.003406854346394539,0.05406090244650841
0.021763287484645844,0.0033192792907357216,0.05495607852935791
0.02109067514538765,0.0031787187326699495,0.05287786200642586
0.019623469561338425,0.0036068668123334646,0.05569213628768921
0.019807301461696625,0.0033453921787440777,0.053261224180459976
0.02169051021337509,0.0033376829233020544,0.055067338049411774
0.021121826022863388,0.003169075585901737,0.05281258001923561
0.0195766594260931,0.0035583169665187597,0.055159829556941986
0.01968970336019993,0.003299744799733162,0.0526871532201767
0.0216422937810421,0.0033479882404208183,0.05512217804789543
0.021135756745934486,0.0031635102350264788,0.052770860493183136
0.01954360492527485,0.0035200815182179213,0.0547444224357605
0.01960447058081627,0.003280293196439743,0.0524074025452137
0.02148907072842121,0.003323857206851244,0.054727643728256226
0.021045543253421783,0.0031250063329935074,0.05229560658335686
0.0194956474006176,0.0035234722308814526,0.0547303706407547
0.019504878669977188,0.0032805833034217358,0.05231071263551712
0.021355196833610535,0.0032992116175591946,0.054347313940525055
0.020993802696466446,0.003090183949097991,0.051895640790462494
0.019451873376965523,0.0035312576219439507,0.05476444959640503
0.019421089440584183,0.0032968991436064243,0.05239007994532585
0.02122083306312561,0.0032524066045880318,0.05374489724636078
0.02096283622086048,0.0030374021735042334,0.0513368584215641
0.019445592537522316,0.0035456386394798756,0.054901979863643646
0.01935463398694992,0.0033124948386102915,0.0524795837700367
0.02107851952314377,0.0032097017392516136,0.053175538778305054
0.02089833840727806,0.002986195497214794,0.05076029151678085
0.019432229921221733,0.0035751769319176674,0.05518399924039841
0.019296402111649513,0.003344011027365923,0.05273651331663132
0.020904503762722015,0.003161111380904913,0.05251561850309372
0.020808428525924683,0.0029382831417024136,0.05019126087427139
0.019387798383831978,0.003600009949877858,0.05538789927959442
0.019228801131248474,0.003365288255736232,0.05288168415427208
0.020754985511302948,0.003121304092928767,0.05196802690625191
0.02073289267718792,0.002894807141274214,0.04968096315860748
0.01935548149049282,0.0036207283847033978,0.055562764406204224
0.019168073311448097,0.0033813202753663063,0.05298127233982086
0.02061263658106327,0.003092107130214572,0.05153370648622513
0.02067742682993412,0.002865168731659651,0.04932911694049835
0.019317900761961937,0.0036167586222290993,0.05548548698425293
0.01910037361085415,0.0033735239412635565,0.052835613489151
0.020501554012298584,0.003081951290369034,0.05132106691598892
0.02063985913991928,0.0028528941329568624,0.04916880279779434
0.01928456872701645,0.0035845714155584574,0.055130284279584885
0.01903996802866459,0.003336625872179866,0.052406229078769684
0.020429108291864395,0.003096894593909383,0.051398053765296936
0.02062254771590233,0.00286519224755466,0.049274470657110214
0.019249962642788887,0.003519652644172311,0.05444648861885071
0.018985340371727943,0.0032718293368816376,0.05170363187789917
0.02039021998643875,0.0031330655328929424,0.05172087624669075
0.02061486430466175,0.002895101672038436,0.0495658814907074
0.01921333372592926,0.0034396543633192778,0.053609877824783325
0.018922798335552216,0.0031987070105969906,0.050909869372844696
0.020361963659524918,0.003175772726535797,0.05211969092488289
0.02060461789369583,0.002926487475633621,0.04986949265003204
0.019177116453647614,0.0033706892281770706,0.05288400873541832
0.01886238157749176,0.0031429040245711803,0.05029142275452614
0.020313797518610954,0.0031984541565179825,0.05229833722114563
0.02057516761124134,0.002935015130788088,0.049925319850444794
0.019141988828778267,0.003336943918839097,0.05251143127679825
0.018806956708431244,0.0031218051444739103,0.050025008618831635
0.02023945190012455,0.0031857143621891737,0.05209659785032272
0.020521510392427444,0.002913078526034951,0.04965229332447052
0.019100872799754143,0.0033393115736544132,0.05249398946762085
0.0187571682035923,0.003130351658910513,0.050060685724020004
0.02014515921473503,0.003148893127217889,0.05163409188389778
0.020459314808249474,0.002877611666917801,0.04923543334007263
0.019053177908062935,0.0033493428491055965,0.052546605467796326
0.018709562718868256,0.003138959873467684,0.05009916052222252
0.02006489224731922,0.0031179520301520824,0.05124441534280777
0.02041029930114746,0.0028552296571433544,0.04896259680390358
0.019003136083483696,0.0033364510163664818,0.05236764997243881
0.018660172820091248,0.0031252745538949966,0.049912918359041214
0.020022815093398094,0.003107232041656971,0.051095135509967804
0.020388001576066017,0.0028531569987535477,0.04891957342624664
0.018947387114167213,0.003298870287835598,0.05193608999252319
0.018604354932904243,0.0030955004040151834,0.04955935850739479
0.02000022493302822,0.0031046709045767784,0.051046933978796005
0.0203727837651968,0.002854611026123166,0.04891889542341232
0.018886467441916466,0.003263248596340418,0.05151895433664322
0.018545638769865036,0.0030746120028197765,0.049291759729385376
0.019973961636424065,0.0030881641432642937,0.050855603069067
0.020352065563201904,0.002842617454007268,0.048778239637613297
0.018821874633431435,0.0032447045668959618,0.05126892030239105
0.018489394336938858,0.0030705661047250032,0.0491950549185276
0.019941149279475212,0.003056049346923828,0.05050164461135864
0.02032782882452011,0.002822506008669734,0.04855288937687874
0.018751103430986404,0.003230262314900756,0.0510537251830101
0.01843314804136753,0.003067012643441558,0.0491032749414444
0.01992807723581791,0.003026405582204461,0.05019213259220123
0.020313864573836327,0.0028113871812820435,0.04842773824930191
0.01867331936955452,0.0032027335837483406,0.050700653344392776
0.018377291038632393,0.0030516807455569506,0.04889409989118576
0.01995055377483368,0.003005987498909235,0.050010427832603455
0.02031141333281994,0.0028099482879042625,0.048410896211862564
0.018587086349725723,0.00316907512024045,0.05027783662080765
0.018323445692658424,0.0030330640729516745,0.048654086887836456
0.01999494805932045,0.0029860457871109247,0.04985540360212326
0.020305858924984932,0.002807389246299863,0.048379749059677124
0.01849379949271679,0.0031447894871234894,0.04994169622659683
0.01827513799071312,0.0030201904010027647,0.048477042466402054
0.02004827931523323,0.0029634609818458557,0.04968288913369179
0.020289868116378784,0.002801337745040655,0.04830324649810791
0.01839737966656685,0.0031310671474784613,0.0497080497443676
0.018238062039017677,0.0030089998617768288,0.048328060656785965
0.020104894414544106,0.0029443271923810244,0.04954816401004791
0.020261509343981743,0.002795248990878463,0.04821399971842766
0.018304133787751198,0.003121647285297513,0.04952060431241989
0.0182183925062418,0.0029934286139905453,0.048152677714824677
0.02015259861946106,0.0029307259246706963,0.04945985972881317
0.020215287804603577,0.0027888345066457987,0.04810363054275513
0.018219076097011566,0.003112299833446741,0.0493420735001564
0.018220283091068268,0.0029729302041232586,0.04794958606362343
0.020172733813524246,0.002917237812653184,0.04934511333703995
0.02014356479048729,0.002779911970719695,0.04794268310070038
0.018148109316825867,0.0030993183609098196,0.0491412952542305
0.0182438176125288,0.0029499626252800226,0.04774344339966774
0.020153431221842766,0.0028981815557926893,0.0491352453827858
0.020046107470989227,0.002769127255305648,0.04773738235235214
0.018098438158631325,0.0030802800320088863,0.048901237547397614
0.018283331766724586,0.002928603207692504,0.04756936430931091
0.020093858242034912,0.002873513614758849,0.04882899671792984
0.019937271252274513,0.002759694354608655,0.047534212470054626
0.018075009807944298,0.0030567413195967674,0.04864242300391197
0.01833033375442028,0.002913435222581029,0.04746468365192413
0.020001264289021492,0.0028477744199335575,0.04847900569438934
0.01983633078634739,0.0027538668364286423,0.04737500101327896
0.01807674765586853,0.0030323448590934277,0.04840019717812538
0.01837865263223648,0.0029045972041785717,0.04742462560534477
0.019894974306225777,0.0028262767009437084,0.048157744109630585
0.019752921536564827,0.002751941792666912,0.04727233946323395
0.018096676096320152,0.003008572617545724,0.048182401806116104
0.018427759408950806,0.0028956765308976173,0.04738452285528183
0.019803594797849655,0.0028138121124356985,0.04794171452522278
0.019679494202136993,0.002753585809841752,0.04721534997224808
0.018131747841835022,0.0029873186722397804,0.04800493270158768
0.018482616171240807,0.0028824072796851397,0.04730668663978577
0.01973821222782135,0.002810585079714656,0.047844063490629196
0.019596030935645103,0.0027547385543584824,0.04714341461658478
0.018193190917372704,0.0029742710758000612,0.04793590307235718
0.01855088397860527,0.0028689545579254627,0.04724042862653732
0.019674750044941902,0.002808703575283289,0.04776178300380707
0.019486980512738228,0.0027491676155477762,0.0469786562025547
0.02066550776362419,0.002835775725543499,0.04902326315641403
0.020271431654691696,0.002678620396181941,0.047057636082172394
0.022240083664655685,0.002740461379289627,0.049644697457551956
0.02118544839322567,0.0026057239156216383,0.04724268615245819
0.019452057778835297,0.002832694910466671,0.047779008746147156
0.018979616463184357,0.0026594065129756927,0.045573681592941284
0.020308716222643852,0.002858296502381563,0.04889167845249176
0.020284049212932587,0.00269130477681756,0.047197096049785614
0.01900578662753105,0.0025871330872178078,0.04487711936235428
0.018552308902144432,0.00238189660012722,0.042371273040771484
0.02104257419705391,0.0029805658850818872,0.050848230719566345
0.02109609544277191,0.0028304383158683777,0.04940047860145569
0.018115248531103134,0.0022974072489887476,0.041089318692684174
0.01745302975177765,0.002179760253056884,0.039250634610652924
0.021311918273568153,0.003080073744058609,0.052112653851509094
0.020308969542384148,0.0028884275816380978,0.04919324815273285
0.017558390274643898,0.002268233336508274,0.04024072363972664
0.0170057974755764,0.002150300657376647,0.03850880265235901
0.020446432754397392,0.003012279747053981,0.05056922882795334
0.019948190078139305,0.002749433508142829,0.04744252562522888
0.0168563574552536,0.002372271614149213,0.04057907313108444
0.0169022548943758,0.002303006360307336,0.03993231803178787
0.01909918151795864,0.002696109004318714,0.04606027156114578
0.018689913675189018,0.0024994290433824062,0.043684206902980804
0.017183225601911545,0.0025234129279851913,0.04241735488176346
0.01711645908653736,0.0024335351772606373,0.04145181179046631
0.018719661980867386,0.0024695699103176594,0.043415360152721405
0.018580231815576553,0.0023093982599675655,0.04167421534657478
0.01696556992828846,0.00265327887609601,0.043498359620571136
0.01709313690662384,0.002535090548917651,0.04244404286146164
0.01833285205066204,0.0023159480188041925,0.04149233177304268
0.017863934859633446,0.0022026989609003067,0.039890922605991364
0.01770130917429924,0.0026997262611985207,0.044698573648929596
0.01764754205942154,0.0025347196497023106,0.04299473762512207
0.01783664897084236,0.0023295253049582243,0.04113190248608589
0.01785540021955967,0.00224910955876112,0.04034649580717087
0.0173090398311615,0.002527826000005007,0.04258729889988899
0.016963236033916473,0.002350121270865202,0.04046444967389107
0.01833900809288025,0.0024968937505036592,0.043307945132255554
0.018033534288406372,0.002358450787141919,0.041618041694164276
0.01747705228626728,0.0023670049849897623,0.041147101670503616
0.016830991953611374,0.0022225442808121443,0.039056435227394104
0.018335092812776566,0.0025980668142437935,0.04431576281785965
0.018114237114787102,0.002416511531919241,0.042279355227947235
0.017075227573513985,0.0022796017583459616,0.03987124562263489
0.01638837158679962,0.002147070365026593,0.037859074771404266
0.018347153440117836,0.002621785970404744,0.04456501454114914
0.01806388795375824,0.0024243847001343966,0.04230773448944092
0.017023371532559395,0.0021962306927889585,0.03898567706346512
0.016276879236102104,0.0020847520790994167,0.037124402821063995
0.018319671973586082,0.002614150755107403,0.04446117952466011
0.01799827255308628,0.0024135783314704895,0.04213405400514603
0.01663294993340969,0.0021789262536913157,0.03842221200466156
0.01609792187809944,0.002066478133201599,0.03676270321011543
0.018113957718014717,0.002560241846367717,0.04371637850999832
0.017758117988705635,0.0023625949397683144,0.04138406738638878
0.01676717773079872,0.0021573619451373816,0.03834079951047897
0.016270453110337257,0.0020572151988744736,0.03684260696172714
0.01797495409846306,0.002469588303938508,0.042670838534832
0.017614318057894707,0.0022661290131509304,0.040275610983371735
0.01676476188004017,0.002207061043009162,0.038835372775793076
0.01630265638232231,0.002095864387229085,0.037261299788951874
0.017414623871445656,0.0023598482366651297,0.04101310670375824
0.017073772847652435,0.002154153073206544,0.03861530125141144
0.017231443896889687,0.0022426184732466936,0.039657630026340485
0.016482172533869743,0.002128045307472348,0.03776262700557709
0.017132490873336792,0.002275584265589714,0.03988833352923393
0.01696140319108963,0.002068662317469716,0.037648025900125504
0.017218615859746933,0.002275592414662242,0.03997454047203064
0.016461703926324844,0.002148252911865711,0.037944234907627106
0.016775939613580704,0.0022125928662717342,0.03890186920762062
0.016640648245811462,0.002006779657676816,0.036708444356918335
0.017420200631022453,0.0022677923552691936,0.040098123252391815
0.016505258157849312,0.0021342900581657887,0.03784815967082977
0.016651537269353867,0.002177197951823473,0.03842351585626602
0.01664027012884617,0.001971849938854575,0.03635876998305321
0.01730029657483101,0.002240453613922,0.039704833179712296
0.016391774639487267,0.0020994783844798803,0.03738655894994736
0.01656598597764969,0.00216416222974658,0.038207609206438065
0.01652158983051777,0.001958389300853014,0.03610548377037048
0.017280027270317078,0.0021815781947225332,0.039095811545848846
0.016252152621746063,0.0020465219859033823,0.03671737015247345
0.01659991405904293,0.002160456031560898,0.03820447623729706
0.016600824892520905,0.0019480687333270907,0.03608151152729988
0.017107782885432243,0.002133126137778163,0.03843904286623001
0.016103288158774376,0.002004660200327635,0.03614988923072815
0.016537727788090706,0.0021454808302223682,0.03799253702163696
0.016498146578669548,0.0019315928220748901,0.0358140766620636
0.01703648455440998,0.0020886820275336504,0.03792330622673035
0.015975961461663246,0.0019738294649869204,0.03571425378322601
0.016520097851753235,0.0021118195727467537,0.03763829171657562
0.016482461243867874,0.0018973805708810687,0.03545626625418663
0.016964619979262352,0.0020661610178649426,0.0376262292265892
0.015942152589559555,0.0019574416801333427,0.03551656752824783
0.016388671472668648,0.0020635456312447786,0.03702412545681
0.016344618052244186,0.0018570864340290427,0.034915484488010406
0.016934070736169815,0.002044832333922386,0.03738239407539368
0.015862416476011276,0.0019467598758637905,0.035330016165971756
0.016318105161190033,0.002014928264543414,0.03646738827228546
0.016280073672533035,0.0018183838110417128,0.03446391224861145
0.016864238306879997,0.0020211776718497276,0.037076015025377274
0.01578790694475174,0.0019312258809804916,0.035100165754556656
0.016249286010861397,0.0019704108126461506,0.03595339506864548
0.016236646100878716,0.0017900505336001515,0.03413715213537216
0.016711104661226273,0.001985222566872835,0.03656332939863205
0.015613318420946598,0.0019095418974757195,0.03470873832702637
0.016298359259963036,0.0019314229721203446,0.03561259061098099
0.01622234471142292,0.0017714905552566051,0.033937253057956696
0.01653042435646057,0.0019456109730526805,0.035986535251140594
0.015464226715266705,0.0018862540600821376,0.034326765686273575
0.01633637025952339,0.0018914417596533895,0.035250790417194366
0.016206979751586914,0.0017519404646009207,0.03372638672590256
0.016329631209373474,0.001915582688525319,0.03548545762896538
0.015313216485083103,0.0018707280978560448,0.034020498394966125
0.016353167593479156,0.0018480961443856359,0.034834131598472595
0.016164585947990417,0.0017289967508986592,0.03345455229282379
0.016158614307641983,0.0018955591367557645,0.03511420637369156
0.01521550677716732,0.0018594377906993032,0.03380988538265228
0.016355687752366066,0.0018032414373010397,0.03438810259103775
0.016089322045445442,0.0017047838773578405,0.033137161284685135
0.01597379334270954,0.0018872853834182024,0.03484664857387543
0.015133855864405632,0.0018515654373914003,0.0336495116353035
0.016332753002643585,0.0017607130575925112,0.03393988311290741
0.01597326062619686,0.0016778199933469296,0.03275146335363388
0.015836644917726517,0.0018884167075157166,0.03472081199288368
0.015096777118742466,0.0018457539845257998,0.0335543155670166
0.016278769820928574,0.0017197288107126951,0.03347605839371681
0.015816424041986465,0.0016467447858303785,0.03228387236595154
0.015734564512968063,0.0019005538197234273,0.034740105271339417
0.015109141357243061,0.0018472373485565186,0.03358151391148567
0.01614709012210369,0.0016739540733397007,0.03288663178682327
0.015554823912680149,0.0016114362515509129,0.03166918456554413
0.015699727460741997,0.0019270339980721474,0.03497006744146347
0.015205017291009426,0.0018798585515469313,0.0340036042034626
0.01576557755470276,0.001599373877979815,0.031759314239025116
0.014971262775361538,0.0015786138828843832,0.030757401138544083
0.015577110461890697,0.0020759638864547014,0.036336749792099
0.015804044902324677,0.0020887963473796844,0.03669200837612152
0.014090030454099178,0.0013934422750025988,0.028024453669786453
0.014014611020684242,0.0016057852189987898,0.030072463676333427
0.013608086854219437,0.0032986567821353674,0.04659465327858925
0.01338179875165224,0.001975840423256159,0.03314020112156868
0.016705261543393135,0.00610000966116786,0.07770536094903946
0.018680879846215248,0.00650591216981411,0.0837400034070015
0.015145602636039257,0.0015476774424314499,0.03062237799167633
0.015459329821169376,0.004311188589781523,0.058571215718984604
0.019737571477890015,0.003334188601002097,0.053079456090927124
0.015752587467432022,0.003439604304730892,0.05014863237738609
0.015367986634373665,0.002505646087229252,0.040424447506666183
0.017170831561088562,0.0036157770082354546,0.05332860350608826
0.015842406079173088,0.00432297307997942,0.059072136878967285
0.013579053804278374,0.0013680054107680917,0.027259107679128647
0.017681341618299484,0.005717737600207329,0.07485871762037277
0.01962551847100258,0.006275464780628681,0.08238016068935394
0.014701670035719872,0.0027002503629773855,0.041704174131155014
0.016345445066690445,0.0037356908433139324,0.053702354431152344
0.02664152905344963,0.004333076998591423,0.06997229903936386
0.022123748436570168,0.0033501482103019953,0.05562523007392883
0.013796123676002026,0.0027902540750801563,0.04169866442680359
0.018700027838349342,0.0029587228782474995,0.04828725755214691
0.016443567350506783,0.0034176346380263567,0.05061991512775421
0.014709236100316048,0.0018944317707791924,0.03365355357527733
0.015465724281966686,0.0040966118685901165,0.056431844830513
0.01664220541715622,0.005233088508248329,0.06897309422492981
0.015783503651618958,0.0032214366365224123,0.04799786955118179
0.017009597271680832,0.0023572631180286407,0.04058222845196724
0.01644878089427948,0.00372133101336658,0.05366209149360657
0.013547325506806374,0.0032214943785220385,0.04576227068901062
0.014696217142045498,0.0018688171403482556,0.03338439017534256
0.017113367095589638,0.002914522076025605,0.0462585873901844
0.018047137185931206,0.0025324136950075626,0.04337127506732941
0.013171362690627575,0.0019344734027981758,0.03251609578728676
0.014646504074335098,0.003007791470736265,0.044724419713020325
0.013786310330033302,0.002125880680978298,0.035045117139816284
0.01433100737631321,0.003116130828857422,0.04549231380224228
0.01758856140077114,0.004128327593207359,0.058871835470199585
0.016442108899354935,0.003374714870005846,0.05018925666809082
0.014620253816246986,0.0027189855463802814,0.041810110211372375
0.013821287080645561,0.0025168650317937136,0.03898993879556656
0.013618569821119308,0.0030336345080286264,0.043954916298389435
0.01399985235184431,0.002415836090222001,0.03815821185708046
0.014226206578314304,0.001879895688034594,0.033025164157152176
0.014284414239227772,0.0023133561480790377,0.037417974323034286
0.013307193294167519,0.002343823667615652,0.036745429039001465
0.013884278945624828,0.0014898574445396662,0.028782851994037628
0.013106712140142918,0.003328585298731923,0.04639256373047829
0.012923119589686394,0.003560479497537017,0.04852791130542755
0.013474131934344769,0.0020334995351731777,0.033809129148721695
0.013858781196177006,0.0019104836974292994,0.03296361863613129
0.013604741543531418,0.002395391231402755,0.037558652460575104
0.01388642005622387,0.0018809745088219643,0.03269616514444351
0.014312831684947014,0.0020697866566479206,0.035010695457458496
0.013698192313313484,0.0020180228166282177,0.033878423273563385
0.013224960304796696,0.002493881154805422,0.038163769990205765
0.012851136736571789,0.0017912158509716392,0.03076329454779625
0.015377305448055267,0.0025550280697643757,0.04092758521437645
0.015266298316419125,0.0024434542283415794,0.039700839668512344
0.013086800463497639,0.0019766190089285374,0.03285298869013786
0.013368035666644573,0.002132819499820471,0.03469623252749443
0.013066965155303478,0.0020138397812843323,0.033205363899469376
0.08236322551965714,0.0028365030884742737,0.11072825640439987
0.06769975274801254,0.0023613686207681894,0.091313436627388
0.053954899311065674,0.004104143939912319,0.09499634057283401
0.04913245514035225,0.004126389045268297,0.09039634466171265
0.04603136330842972,0.00320305023342371,0.07806186378002167
0.04264906421303749,0.0030783480033278465,0.0734325423836708
0.039548877626657486,0.0031200514640659094,0.07074939459562302
0.03534289076924324,0.0022092745639383793,0.05743563547730446
0.03102300316095352,0.004197501111775637,0.07299801707267761
0.03258443623781204,0.004702170379459858,0.07960613816976547
0.039183322340250015,0.002353969030082226,0.06272301077842712
0.0394657738506794,0.0023520244285464287,0.06298601627349854
0.03264765068888664,0.002955151256173849,0.06219916418194771
0.027149705216288567,0.0027010508347302675,0.054160214960575104
0.02658461593091488,0.0026079698000103235,0.05266431346535683
0.025163015350699425,0.0024895821698009968,0.05005883425474167
0.023824431002140045,0.002767038531601429,0.051494814455509186
0.02461167797446251,0.002336606616154313,0.0479777455329895
0.025501392781734467,0.0020380867645144463,0.04588226228952408
0.023349428549408913,0.002187304897233844,0.04522247612476349
0.023114940151572227,0.001993395620957017,0.04304889589548111
0.026731090620160103,0.002173313405364752,0.048464223742485046
0.026676833629608154,0.00180422596167773,0.044719092547893524
0.022003933787345886,0.002395275281742215,0.04595668613910675
0.02111552469432354,0.002119782380759716,0.0423133485019207
0.022650308907032013,0.0023860465735197067,0.04651077464222908
0.02292531356215477,0.0015863162698224187,0.03878847509622574
0.021290158852934837,0.002766449237242341,0.04895465075969696
0.021425709128379822,0.0018839254043996334,0.04026496410369873
0.024682844057679176,0.0033524460159242153,0.058207303285598755
0.025534655898809433,0.0035549846943467855,0.061084501445293427
0.02266702800989151,0.0015866451431065798,0.03853347897529602
0.021444041281938553,0.003024591598659754,0.051689956337213516
0.022670816630125046,0.002756143221631646,0.05023224651813507
0.02153722383081913,0.001855160342529416,0.040088824927806854
0.020510364323854446,0.0024461164139211178,0.0449715293943882
0.02167411893606186,0.0017812841106206179,0.03948695957660675
0.02194231189787388,0.0024847425520420074,0.046789735555648804
0.02232540212571621,0.0021838226821273565,0.04416362941265106
0.019311239942908287,0.0025024903006851673,0.044336140155792236
0.02002209983766079,0.002344840206205845,0.04347050189971924
0.023906001821160316,0.0017274263082072139,0.041180264204740524
0.02122562937438488,0.0018628968391567469,0.03985459730029106
0.018632978200912476,0.0021023983135819435,0.03965695947408676
0.020704226568341255,0.0018281613010913134,0.03898584097623825
0.021687760949134827,0.0016440590843558311,0.03812835365533829
0.020916232839226723,0.001729763811454177,0.03821387141942978
0.01873685047030449,0.0017073043854907155,0.035809896886348724
0.02116435579955578,0.001805835752747953,0.03922271355986595
0.021203918382525444,0.0012429979396983981,0.03363389894366264
0.020882003009319305,0.0032816657330840826,0.05369865894317627
0.025112474337220192,0.003157266415655613,0.05668513476848602
0.02266078256070614,0.0014895873609930277,0.03755665570497513
0.025083059445023537,0.0015743463300168514,0.040826521813869476
0.02343975193798542,0.0021128938533365726,0.04456868767738342
0.018023736774921417,0.0016868171514943242,0.03489191085100174
0.024344155564904213,0.0027372962795197964,0.0517171174287796
0.025947192683815956,0.002874612808227539,0.0546933189034462
0.02020392380654812,0.0015724287368357182,0.035928212106227875
0.018968472257256508,0.0021359692327678204,0.040328167378902435
0.02200804091989994,0.002255653031170368,0.04456457123160362
0.020155364647507668,0.0012273539323359728,0.03242890536785126
0.02222011238336563,0.0034470949321985245,0.056691061705350876
0.02595611847937107,0.003706648014485836,0.06302259862422943
0.0226992629468441,0.001342033501714468,0.036119598895311356
0.023380471393465996,0.002718638628721237,0.05056685954332352
0.034133899956941605,0.0029747069347649813,0.06388096511363983
0.02281389944255352,0.00225467630662024,0.045360662043094635
0.021862266585230827,0.001509969588369131,0.036961961537599564
0.026986436918377876,0.002707983832806349,0.05406627804040909
0.02243807539343834,0.002101234160363674,0.04345041513442993
0.01859477534890175,0.001871418789960444,0.037308961153030396
0.02166067622601986,0.0021465918980538845,0.04312659800052643
0.020616458728909492,0.001667601871304214,0.0372924767434597
0.020043404772877693,0.00147974060382694,0.03484081104397774
0.020131051540374756,0.0020734008867293596,0.040865059942007065
0.018895531073212624,0.0015188852557912469,0.03408438339829445
0.021969584748148918,0.00231815199367702,0.045151107013225555
0.02351834997534752,0.002225734293460846,0.04577569290995598
0.0182776041328907,0.0018475950928404927,0.03675355762243271
0.018778305500745773,0.0016663889400660992,0.03544219583272934
0.02276206761598587,0.002006834838539362,0.042830415070056915
0.020777473226189613,0.001667391275987029,0.03745138645172119
0.017521783709526062,0.0021447259932756424,0.038969043642282486
0.019197028130292892,0.00218347180634737,0.04103174805641174
0.02030826359987259,0.001362861366942525,0.03393687680363655
0.01996992528438568,0.0013414362911134958,0.0333842858672142
0.01834774762392044,0.0022009536623954773,0.040357284247875214
0.017631588503718376,0.0017890583258122206,0.03552217036485672
0.020006412640213966,0.001986705232411623,0.03987346589565277
0.020778629928827286,0.0020458027720451355,0.04123665764927864
0.018231144174933434,0.0014040491078048944,0.03227163478732109
0.017917076125741005,0.0016955782193690538,0.034872859716415405
0.019920354709029198,0.001300276257097721,0.03292311728000641
0.01874280534684658,0.0010689041810110211,0.029431845992803574
0.017070751637220383,0.003688083030283451,0.053951580077409744
0.01719145104289055,0.0034813894890248775,0.0520053468644619
0.01856103166937828,0.0013395976275205612,0.03195700794458389
0.02062336541712284,0.001854429254308343,0.03916765749454498
0.019239742308855057,0.0014326591044664383,0.03356633335351944
0.0170228723436594,0.0019990389700978994,0.03701326251029968
0.017768630757927895,0.001516307471320033,0.03293170779943466
0.019754040986299515,0.0021823071874678135,0.041577111929655075
0.020035024732351303,0.0020736567676067352,0.040771592408418655
0.01802438125014305,0.0015340837417170405,0.033365219831466675
0.0169959906488657,0.0018525717314332724,0.03552170842885971
0.018430521711707115,0.001562595833092928,0.03405647724866867
0.019816450774669647,0.0014184699393808842,0.034001149237155914
0.017612343654036522,0.0016916226595640182,0.034528568387031555
0.017101524397730827,0.0016472202260047197,0.03357372432947159
0.019398199394345284,0.0017107878811657429,0.03650607913732529
0.019612008705735207,0.0013916163006797433,0.033528171479701996
0.016874054446816444,0.0022593955509364605,0.03946801275014877
0.01665366441011429,0.002263770904392004,0.0392913743853569
0.01866433583199978,0.0012646933319047093,0.0313112698495388
0.018913354724645615,0.0013069934211671352,0.03198328986763954
0.017199702560901642,0.0016120555810630322,0.03332025930285454
0.017344847321510315,0.0011999858543276787,0.029344705864787102
0.019864529371261597,0.0027504866011440754,0.047369394451379776
0.020172305405139923,0.0027183126658201218,0.04735543206334114
0.017947807908058167,0.0010904330993071198,0.02885213866829872
0.016677699983119965,0.0022770282812416553,0.039447981864213943
0.017040560021996498,0.0012862769654020667,0.02990332990884781
0.02315478026866913,0.003530580084770918,0.05846058204770088
0.025108950212597847,0.0046336413361132145,0.07144536077976227
0.01955047994852066,0.001468221889808774,0.03423269838094711
0.01708076521754265,0.004861623048782349,0.06569699943065643
0.01865820214152336,0.008383950218558311,0.10249771177768707
0.017098642885684967,0.005114112049341202,0.06823976337909698
0.018747609108686447,0.0016514273593202233,0.035261884331703186
0.023564187809824944,0.0038761014584451914,0.06232520192861557
0.022701432928442955,0.004565496928989887,0.06835640221834183
0.018249161541461945,0.0017706220969557762,0.035955384373664856
0.01667892187833786,0.0036806282587349415,0.0534852035343647
0.017422357574105263,0.005698746535927057,0.07440982013940811
0.01747422106564045,0.0028813336975872517,0.04628755897283554
0.018963003531098366,0.002160085365176201,0.040563859045505524
0.021964604035019875,0.0037896749563515186,0.059861354529857635
0.02089749090373516,0.002756743924692273,0.048464931547641754
0.017001952975988388,0.0015955169219523668,0.03295712172985077
0.017494622617959976,0.0032291982788592577,0.049786604940891266
0.01777626760303974,0.0030325911939144135,0.04810217767953873
0.018392669036984444,0.0009760725079104304,0.028153393417596817
0.01712171360850334,0.0028327922336757183,0.0454496368765831
0.016761539503932,0.0025821374729275703,0.0425829142332077
0.01770535483956337,0.0011077995877712965,0.028783351182937622
0.01814914494752884,0.0012883173767477274,0.031032318249344826
0.017489785328507423,0.0012842495925724506,0.030332282185554504
0.017269272357225418,0.0012189166154712439,0.029458438977599144
0.01771567203104496,0.0012445535976439714,0.030161207541823387
0.017576754093170166,0.0011879658559337258,0.02945641241967678
0.017825301736593246,0.00132739485707134,0.03109925054013729
0.01744978316128254,0.001050793332979083,0.027957716956734657
0.017180336639285088,0.0024314746260643005,0.04149508476257324
0.017843663692474365,0.00213935156352818,0.03923717886209488
0.01862683705985546,0.0012493194080889225,0.03112003207206726
0.01781538687646389,0.0017972828354686499,0.035788215696811676
0.016525402665138245,0.0013571230228990316,0.03009663335978985
0.01874079927802086,0.0016852444969117641,0.035593245178461075
0.018485702574253082,0.001440582680515945,0.03289153054356575
0.01682591438293457,0.0015856196405366063,0.032682113349437714
0.017088981345295906,0.001873670844361186,0.0358256921172142
0.017813656479120255,0.0010540492366999388,0.02835414931178093
0.01753474771976471,0.0024927014019340277,0.042461760342121124
0.017263539135456085,0.0023923590779304504,0.04118712991476059
0.017354030162096024,0.0012764593120664358,0.03011862374842167
0.017140334472060204,0.0014987520407885313,0.03212785720825195
0.017164932563900948,0.0015244662063196301,0.03240959346294403
0.017797792330384254,0.001097997184842825,0.02877776324748993
0.016696512699127197,0.001282099517993629,0.029517509043216705
0.016850493848323822,0.001491607865318656,0.03176657110452652
0.017770491540431976,0.0010338213760405779,0.028108704835176468
0.01689591258764267,0.002506776712834835,0.04196368157863617
0.01668718084692955,0.002633281284943223,0.04301999509334564
0.01712900772690773,0.0014009755104780197,0.031138762831687927
0.018982749432325363,0.0017003389075398445,0.03598614037036896
0.018201926723122597,0.0015049484791234136,0.03325141221284866
0.0160524882376194,0.001703393179923296,0.033086419105529785
0.016271978616714478,0.0016213353956118226,0.03248533234000206
0.01868073269724846,0.0013853490818291903,0.032534223049879074
0.018090926110744476,0.00122751051094383,0.03036603145301342
0.01593852788209915,0.0018175927689298987,0.03411445766687393
0.016077885404229164,0.0012547236401587725,0.0286251213401556
0.020032187923789024,0.0018430475611239672,0.03846266120672226
0.019121279940009117,0.0013778966385871172,0.03290024399757385
0.01570006087422371,0.002477112226188183,0.04047118127346039
0.015560513362288475,0.002698814496397972,0.04254865646362305
0.017381830140948296,0.0015452045481652021,0.032833874225616455
0.02016104757785797,0.0017213326646015048,0.03737437352538109
0.017846060916781425,0.001420183340087533,0.03204789385199547
0.015965310856699944,0.001819048309698701,0.034155793488025665
0.01653352566063404,0.0013951824512332678,0.030485350638628006
0.01812090165913105,0.0018481691367924213,0.03660259395837784
0.018921595066785812,0.0012752198381349444,0.031673792749643326
0.016834478825330734,0.0025420403108000755,0.04225488007068634
0.01665521040558815,0.0029898276552557945,0.046553485095500946
0.016159895807504654,0.001321866875514388,0.029378565028309822
0.021115055307745934,0.0018330580787733197,0.03944563865661621
0.020940447226166725,0.0013464807998389006,0.03440525382757187
0.015891673043370247,0.0021594304125756025,0.03748597949743271
0.016929784789681435,0.0020441492088139057,0.037371277809143066
0.018889078870415688,0.0009583497885614634,0.028472576290369034
0.020408209413290024,0.001480970880948007,0.03521791845560074
0.017446989193558693,0.0008991619688458741,0.026438608765602112
0.016276728361845016,0.0013166855787858367,0.029443584382534027
0.017938831821084023,0.0005523330182768404,0.023462161421775818
0.019160034134984016,0.0009727205615490675,0.02888724021613598
0.017972704023122787,0.00046340544940903783,0.022606758400797844
0.01602579466998577,0.0015436867251992226,0.031462661921978
0.016229577362537384,0.001582048600539565,0.03205006569623947
0.01571211963891983,0.0006807954632677138,0.022520074620842934
0.01936234161257744,0.0009121484472416341,0.02848382666707039
0.017286071553826332,0.0005356025067158043,0.022642096504569054
0.014397401362657547,0.0012137279845774174,0.026534680277109146
0.01422133669257164,0.0012818899704143405,0.027040235698223114
0.017084931954741478,0.0005295469891279936,0.0223804023116827
0.017740903422236443,0.0008788906852714717,0.026529811322689056
0.015077661722898483,0.0005825007101520896,0.020902669057250023
0.014800669625401497,0.0010606679134070873,0.025407347828149796
0.014964249916374683,0.00032617361284792423,0.018225986510515213
0.018374409526586533,0.002740608062595129,0.0457804910838604
0.019651740789413452,0.0032381857745349407,0.052033599466085434
0.01641646958887577,0.00047554654884152114,0.021171934902668
0.015828363597393036,0.0021475437097251415,0.037303801625967026
0.01543775387108326,0.003062702249735594,0.04606477916240692
0.013690195046365261,0.0013650329783558846,0.027340523898601532
0.01691383868455887,0.000828681280836463,0.025200651958584785
0.018948476761579514,0.0013608684530481696,0.032557159662246704
0.01597263664007187,0.00033178506419062614,0.019290488213300705
0.013978127390146255,0.0020658476278185844,0.03463660180568695
0.013763107359409332,0.002650757320225239,0.04027067869901657
0.014588549733161926,0.0008628002251498401,0.023216553032398224
0.01870872639119625,0.0008380938088521361,0.027089664712548256
0.019082169979810715,0.0015720657538622618,0.03480282798409462
0.01664622686803341,0.0006912052049301565,0.023558279499411583
0.01452209148555994,0.0010990112787112594,0.025512203574180603
0.014313315972685814,0.0016180694801732898,0.03049401007592678
0.014598436653614044,0.00043901329627260566,0.01898857019841671
0.017513563856482506,0.0011525203008204699,0.029038766399025917
0.017128558829426765,0.0007756762788631022,0.02488532103598118
0.013632063753902912,0.0007148284930735826,0.020780349150300026
0.014227883890271187,0.0010918134357780218,0.025146018713712692
0.014213662594556808,0.0006584034417755902,0.020797695964574814
0.015690848231315613,0.00040088366949930787,0.019699685275554657
0.016301805153489113,0.0004776908317580819,0.02107871323823929
0.014626255258917809,0.0005113501101732254,0.019739756360650063
0.014072206802666187,0.0003985486109741032,0.018057692795991898
0.015539041720330715,0.00026488633011467755,0.018187904730439186
0.016037242487072945,0.0004115594201721251,0.02015283703804016
0.014492339454591274,0.0003851799410767853,0.01834413781762123
0.015671443194150925,0.0004212318453937769,0.019883761182427406
0.014448516070842743,0.00036202158662490547,0.01806873269379139
0.014605310745537281,0.00020774955919478089,0.016682807356119156
0.014784560538828373,0.0006045818445272744,0.02083037793636322
0.013521876186132431,0.00027755519840866327,0.01629742793738842
0.014739015139639378,0.0011225069174543023,0.02596408501267433
0.01699131354689598,0.0008460917742922902,0.025452230125665665
0.014664731919765472,0.0006161504425108433,0.02082623541355133
0.015622971579432487,0.0008789020357653499,0.024411991238594055
0.01807021163403988,0.0004949757712893188,0.02301996946334839
0.014385361224412918,0.0003804556909017265,0.018189918249845505
0.02034010924398899,0.0007002413040027022,0.027342522516846657
0.015477967448532581,0.0005485955043695867,0.020963922142982483
0.015957167372107506,0.0008355095051229,0.02431226149201393
0.01869114860892296,0.0008330951677635312,0.0270221009850502
0.014256269671022892,0.0004006301169283688,0.018262570723891258
0.01643802970647812,0.0006865321192890406,0.023303350433707237
0.014173814095556736,0.0005187297938391566,0.019361112266778946
0.014719760045409203,0.0008582272566854954,0.02330203354358673
0.015148207545280457,0.000685068080201745,0.02199888788163662
0.013425540179014206,0.000836360442917794,0.021789144724607468
0.013637252151966095,0.000694568152539432,0.020582932978868484
0.014211789704859257,0.0006179576157592237,0.020391365513205528
0.01364477165043354,0.0007116529159247875,0.02076129987835884
0.013263849541544914,0.00047781033208593726,0.018041953444480896
0.014967283234000206,0.000820045592263341,0.023167738690972328
0.013972600921988487,0.000677963369525969,0.020752234384417534
0.013775440864264965,0.0006134550203569233,0.019909990951418877
0.01495029404759407,0.0006489230436272919,0.021439524367451668
0.013854939490556717,0.0003127554664388299,0.016982493922114372
0.01384600531309843,0.0014935823855921626,0.0287818294018507
0.014196076430380344,0.001220420585013926,0.026400282979011536
0.014933165162801743,0.00047599495155736804,0.01969311386346817
0.014397937804460526,0.0005801410879939795,0.020199349150061607
0.013180353678762913,0.0008694193093106151,0.021874547004699707
0.012623459100723267,0.0005205381894484162,0.017828840762376785
0.015893204137682915,0.0010870537953451276,0.026763740926980972
0.014944114722311497,0.0006213767919689417,0.0211578831076622
0.01471003144979477,0.0013062257785350084,0.027772288769483566
0.013773959130048752,0.0013454555300995708,0.027228515595197678
0.013655482791364193,0.00046714505879208446,0.018326934427022934
0.01471307035535574,0.00043211763841100037,0.0190342478454113
0.01399865560233593,0.0006346894660964608,0.020345550030469894
0.014147689566016197,0.00029701541643589735,0.01711784303188324
0.01631150022149086,0.0013876589946448803,0.030188091099262238
0.016532093286514282,0.0013078663032501936,0.029610756784677505
0.012793098576366901,0.0006280927918851376,0.019074026495218277
0.013836994767189026,0.0006675308104604483,0.020512303337454796
0.015233389101922512,0.0004928290145471692,0.02016167901456356
0.013646578416228294,0.00032882351661100984,0.016934813931584358
0.012884178198873997,0.0009864692110568285,0.02274886891245842
0.012384687550365925,0.0005577952251769602,0.017962640151381493
0.015554663725197315,0.0012319952948018909,0.027874616906046867
0.016031699255108833,0.0011579885613173246,0.027611585333943367
0.01439451240003109,0.0005873602349311113,0.020268114283680916
0.013326684944331646,0.0009242951055057347,0.02256963588297367
0.012674844823777676,0.0005659872549585998,0.01833471655845642
0.015198908746242523,0.0005817299825139344,0.021016208454966545
0.013962789438664913,0.00027581537142395973,0.01672094315290451
0.014159995131194592,0.0003358161775395274,0.01751815713942051
0.013972415588796139,0.0006667787674814463,0.02064020372927189
0.013756690546870232,0.00034924669307656586,0.017249157652258873
0.01383697334676981,0.0011715148575603962,0.02555212192237377
0.014753753319382668,0.0010250876657664776,0.02500462904572487
0.014606339856982231,0.0004385957436170429,0.01899229735136032
0.014210897497832775,0.0007205255678854883,0.021416153758764267
0.011889536865055561,0.0006300431559793651,0.018189968541264534
0.013320092111825943,0.000693831592798233,0.020258408039808273
0.014025574550032616,0.0004142328107263893,0.018167901784181595
0.013532424345612526,0.0008910585311241448,0.022443009540438652
0.012801461853086948,0.0007333948160521686,0.020135410130023956
0.013396973721683025,0.0008697130251675844,0.022094104439020157
0.014181457459926605,0.0005989389610476792,0.020170846953988075
0.01328252162784338,0.000750109029468149,0.02078361250460148
0.015252243727445602,0.0004280748835299164,0.01953299343585968
0.013060636818408966,0.000675077666528523,0.019811414182186127
0.014102907851338387,0.0005084334989078343,0.019187241792678833
0.012578642927110195,0.00044510309817269444,0.017029672861099243
0.015551259741187096,0.0006461045704782009,0.02201230451464653
0.013745952397584915,0.0002723791403695941,0.016469743102788925
0.014221697114408016,0.0017971814377233386,0.032193511724472046
0.015349744819104671,0.0018156659789383411,0.03350640460848808
0.013015324249863625,0.00033703731605783105,0.016385696828365326
0.01609395444393158,0.0007380492752417922,0.023474447429180145
0.015571284107863903,0.0006286873831413686,0.021858157590031624
0.013650917448103428,0.000550439755897969,0.019155316054821014
0.013748113065958023,0.0006686567794531584,0.020434681326150894
0.012314149178564548,0.0006709119770675898,0.019023269414901733
0.01329684630036354,0.0003269389271736145,0.016566235572099686
0.014119991101324558,0.0008104196167550981,0.02222418785095215
0.01300078071653843,0.0004086208646185696,0.017086990177631378
0.012601632624864578,0.0010769227519631386,0.023370860144495964
0.012649742886424065,0.0010943969246000051,0.023593712598085403
0.013510963879525661,0.00038542834226973355,0.017365247011184692
0.01374499499797821,0.0006845268653705716,0.020590264350175858
0.013520085252821445,0.00037178664933890104,0.0172379519790411
0.014644968323409557,0.0009518173756077886,0.0241631418466568
0.012921560555696487,0.0008393480675294995,0.021315041929483414
0.014205561950802803,0.0012730145826935768,0.02693570777773857
0.0140830148011446,0.0013009317917749286,0.027092333883047104
0.015112525783479214,0.000630830239970237,0.021420828998088837
0.015551700256764889,0.000587007321882993,0.021421773359179497
0.011785228736698627,0.000829844269901514,0.020083671435713768
0.013381432741880417,0.0006332878256216645,0.01971431076526642
0.013618907891213894,0.0006129344692453742,0.019748251885175705
0.014947723597288132,0.00033092458033934236,0.01825696974992752
0.012372761033475399,0.0010266945464536548,0.02263970673084259
0.012253465130925179,0.0006662406376563013,0.018915871158242226
0.01389168668538332,0.0013204063288867474,0.027095749974250793
0.014798681251704693,0.0009594486327841878,0.024393167346715927
0.012925304472446442,0.0007056603208184242,0.019981907680630684
0.012796067632734776,0.0007910857675597072,0.02070692554116249
0.0129627026617527,0.0005478245439007878,0.01844094693660736
0.01337822712957859,0.0003957203298341483,0.017335429787635803
0.01208000723272562,0.0010151317110285163,0.022231325507164
0.012628719210624695,0.0007067648693919182,0.019696367904543877
0.014097483828663826,0.0007930910214781761,0.022028394043445587
0.014189768582582474,0.0008483293349854648,0.02267306298017502
0.012018146924674511,0.0005125893512740731,0.017144039273262024
0.01211317628622055,0.0006626754766330123,0.018739931285381317
0.013168574310839176,0.0003507874789647758,0.01667644828557968
0.013131952844560146,0.00026769284158945084,0.01580888032913208
0.012343771755695343,0.0008839002111926675,0.021182773634791374
0.012129301205277443,0.00038605480222031474,0.015989849343895912
0.014485260471701622,0.0018976591527462006,0.03346185386180878
0.01606081798672676,0.002198388334363699,0.038044702261686325
0.013496042229235172,0.0003406414180062711,0.016902456060051918
0.01311581116169691,0.0018472324591130018,0.03158813714981079
0.013289020396769047,0.0021820173133164644,0.03510919213294983
0.012153604999184608,0.0003712796315085143,0.01586640067398548
0.016886193305253983,0.002223303308710456,0.03911922872066498
0.017895175144076347,0.003231456968933344,0.05020974576473236
0.013916860334575176,0.0008480501710437238,0.02239736169576645
0.01387488842010498,0.0022532977163791656,0.03640786558389664
0.01602499932050705,0.004235176835209131,0.05837676674127579
0.013900763355195522,0.0026493296027183533,0.04039406031370163
0.013844233006238937,0.000947204593103379,0.02331627905368805
0.016876747831702232,0.0017441920936107635,0.03431867063045502
0.01502248365432024,0.0020667866338044405,0.03569034859538078
0.01330654788762331,0.000934464274905622,0.02265119180083275
0.015105309896171093,0.001222568447701633,0.027330994606018066
0.013700000010430813,0.0015091244131326675,0.028791245073080063
0.013503178022801876,0.0011348002590239048,0.024851180613040924
0.014030715450644493,0.0008072871132753789,0.022103585302829742
0.012606560252606869,0.0010536916088312864,0.023143477737903595
0.015577181242406368,0.0007089275750331581,0.022666458040475845
0.013396189548075199,0.0007498526247218251,0.020894715562462807
0.01366833783686161,0.0005780435167253017,0.019448772072792053
0.012507990933954716,0.0009211879805661738,0.02171987108886242
0.011926690116524696,0.0005406673881225288,0.017333364114165306
0.02120579406619072,0.0006655862089246511,0.02786165662109852
0.021700715646147728,0.0005450405296869576,0.027151120826601982
0.01868150569498539,0.00040435188566334546,0.022725025191903114
0.01766284741461277,0.000989267835393548,0.027555525302886963
0.01747611165046692,0.0005250134272500873,0.02272624522447586
0.01821928843855858,0.0007713216473348439,0.02593250572681427
0.017967000603675842,0.0008151714573614299,0.02611871436238289
0.016348060220479965,0.0005930245388299227,0.022278305143117905
0.01572800986468792,0.0009262734092772007,0.0249907448887825
0.015253642573952675,0.0008018419612199068,0.023272061720490456
0.015423311851918697,0.0009200187050737441,0.02462349832057953
0.016364723443984985,0.000768125697504729,0.024045981466770172
0.016649946570396423,0.0009542617481201887,0.026192564517259598
0.015345128253102303,0.00043583603110164404,0.019703488796949387
0.014460739679634571,0.0020848766434937716,0.035309504717588425
0.01421927846968174,0.0017928405432030559,0.03214768320322037
0.014976093545556068,0.0006650518043898046,0.021626612171530724
0.015650637447834015,0.0005338845658116043,0.02098948322236538
0.015570541843771935,0.0009743768023326993,0.02531430870294571
0.015130477026104927,0.0005863058613613248,0.020993534475564957
0.015346309170126915,0.0013874955475330353,0.029221264645457268
0.015037971548736095,0.0014737163437530398,0.029775135219097137
0.013702930882573128,0.0008276774315163493,0.02197970449924469
0.014156381599605083,0.0007296965341083705,0.02145334705710411
0.015203033573925495,0.0008647074573673308,0.023850109428167343
0.015160609036684036,0.0007229830953292549,0.022390440106391907
0.014077480882406235,0.0007236116798594594,0.02131359651684761
0.01345170009881258,0.0006467534694820642,0.01991923525929451
0.01433836854994297,0.0010856143198907375,0.02519451081752777
0.014408075250685215,0.0007042677607387304,0.021450752392411232
0.014218809083104134,0.0011184504255652428,0.02540331333875656
0.014402954839169979,0.0009907895000651479,0.024310849606990814
0.014565174467861652,0.0005886894650757313,0.020452069118618965
0.014044567942619324,0.0005603814497590065,0.01964838244020939
0.013361474499106407,0.001059981994330883,0.023961294442415237
0.013475689105689526,0.0009446499170735478,0.02292218804359436
0.014247499406337738,0.000613383250311017,0.02038133144378662
0.014276175759732723,0.00046255544293671846,0.018901729956269264
0.013846208341419697,0.001083452021703124,0.0246807299554348
0.013641534373164177,0.0008914581849239767,0.022556114941835403
0.013987231999635696,0.0006188269471749663,0.020175501704216003
0.01391209289431572,0.0005482946871779859,0.019395040348172188
0.013423738069832325,0.000973458809312433,0.023158326745033264
0.013516752049326897,0.0008079396793618798,0.02159614861011505
0.01403112057596445,0.0006357082165777683,0.020388202741742134
0.013929281383752823,0.0005292010027915239,0.019221290946006775
0.013343170285224915,0.0008919046958908439,0.022262217476963997
0.013226760551333427,0.0007226524176076055,0.020453285425901413
0.013951865024864674,0.0007489621639251709,0.021441485732793808
0.013902079313993454,0.0006266894051805139,0.02016897313296795
0.013373222202062607,0.0007968098507262766,0.021341320127248764
0.01335796806961298,0.0006737897638231516,0.020095866173505783
0.01379403006285429,0.0007316783303394914,0.021110814064741135
0.013784991577267647,0.0006245322874747217,0.020030314102768898
0.013183323666453362,0.0007556165219284594,0.020739488303661346
0.013156109489500523,0.0006210638675838709,0.01936674863100052
0.013742233626544476,0.0007598086958751082,0.021340321749448776
0.013742288574576378,0.0006183614023029804,0.019925903528928757
0.013281254097819328,0.0007432703860104084,0.020713958889245987
0.013176633045077324,0.0006112531409598887,0.019289163872599602
0.013664256781339645,0.0007746570627205074,0.021410826593637466
0.013566297478973866,0.0006578784086741507,0.020145080983638763
0.013109066523611546,0.0007126398850232363,0.020235465839505196
0.01316242478787899,0.0005925135337747633,0.01908756047487259
0.01369235198944807,0.0007512813899666071,0.02120516635477543
0.013579143211245537,0.0006396549288183451,0.0199756920337677
0.013007877394557,0.000706447521224618,0.02007235214114189
0.012986108660697937,0.0005923982243984938,0.018910091370344162
0.013559332117438316,0.0007469590636901557,0.021028922870755196
0.013539654202759266,0.000620954146143049,0.019749196246266365
0.01303169410675764,0.0007033016299828887,0.020064711570739746
0.012974859215319157,0.0005873760674148798,0.018848620355129242
0.013483373448252678,0.0007431306876242161,0.020914681255817413
0.013402512297034264,0.0006251627928577363,0.01965413987636566
0.01293298788368702,0.0007004594663158059,0.019937582314014435
0.012949744239449501,0.000581229804083705,0.018762042745947838
0.01348173525184393,0.0007272519287653267,0.02075425535440445
0.013383680023252964,0.0006111387629061937,0.01949506811797619
0.012840354815125465,0.0007067056722007692,0.019907411187887192
0.012820232659578323,0.0005933468346484005,0.018753699958324432
0.01337942574173212,0.0007145988056436181,0.020525414496660233
0.01335109118372202,0.000595402205362916,0.019305113703012466
0.01285292487591505,0.0006996173178777099,0.019849099218845367
0.012806142680346966,0.000585306843277067,0.018659211695194244
0.013312513008713722,0.0007097648922353983,0.020410161465406418
0.013253334909677505,0.0005902603734284639,0.019155938178300858
0.01278341468423605,0.0007081589428707957,0.01986500434577465
0.012783747166395187,0.0005907238810323179,0.018690986558794975
0.013279624283313751,0.0006924514891579747,0.02020413801074028
0.013214495964348316,0.0005799856153316796,0.019014351069927216
0.01272583194077015,0.0007044665981084108,0.01977049745619297
0.012701738625764847,0.0005878617521375418,0.018580356612801552
0.013226225972175598,0.0006900604348629713,0.0201268307864666
0.013173525221645832,0.0005746711976826191,0.018920237198472023
0.012706165201961994,0.0007009895634837449,0.019716061651706696
0.012680360116064548,0.0005849231965839863,0.01852959208190441
0.013174460269510746,0.0006861011497676373,0.02003547176718712
0.013114151544868946,0.0005763106746599078,0.018877258524298668
0.01264648512005806,0.0006921793101355433,0.01956827938556671
0.012641837820410728,0.0005778705235570669,0.018420543521642685
0.013143710792064667,0.0006797010428272188,0.01994072087109089
0.013082578778266907,0.0005696092266589403,0.018778670579195023
0.012607351876795292,0.0006873257225379348,0.01948060840368271
0.012587270699441433,0.0005724710063077509,0.018311981111764908
0.013096380047500134,0.000681917299516499,0.01991555280983448
0.013043847866356373,0.0005720677436329424,0.018764525651931763
0.012576311826705933,0.0006763777928426862,0.019340090453624725
0.01256066095083952,0.0005647058133035898,0.018207719549536705
0.01306110993027687,0.0006791313062421978,0.019852422177791595
0.012994675897061825,0.0005722445202991366,0.018717121332883835
0.012527905404567719,0.0006683295359835029,0.01921120099723339
0.012522261589765549,0.0005565838073380291,0.018088098615407944
0.01303201261907816,0.0006786787416785955,0.019818799570202827
0.012966157868504524,0.0005721318302676082,0.018687475472688675
0.012487748637795448,0.0006590661942027509,0.019078411161899567
0.012477594427764416,0.0005494026117958128,0.017971619963645935
0.012995989061892033,0.0006786799058318138,0.019782789051532745
0.012934848666191101,0.0005721402703784406,0.018656251952052116
0.01245531253516674,0.0006492465035989881,0.018947776407003403
0.012443668209016323,0.0005406404379755259,0.01785007305443287
0.012958998791873455,0.0006804532604292035,0.019763531163334846
0.01289491355419159,0.0005745047237724066,0.018639961257576942
0.012415050528943539,0.0006398225086741149,0.018813274800777435
0.012409467250108719,0.0005323470686562359,0.017732936888933182
0.012931419536471367,0.0006809757906012237,0.019741177558898926
0.012865987606346607,0.0005759648629464209,0.018625635653734207
0.012377485632896423,0.0006295093917287886,0.018672579899430275
0.012370324693620205,0.0005237049772404134,0.017607374116778374
0.01289998460561037,0.0006824751617386937,0.019724735990166664
0.012835732661187649,0.0005769419367425144,0.018605152145028114
0.012346023693680763,0.0006201158976182342,0.01854718290269375
0.012338020838797092,0.0005150954239070415,0.017488975077867508
0.012869476340711117,0.0006850057980045676,0.019719533622264862
0.012804771773517132,0.0005799931241199374,0.01860470324754715
0.012309524230659008,0.0006096935831010342,0.01840646006166935
0.012304281815886497,0.0005060905823484063,0.017365187406539917
0.012842143885791302,0.0006872926605865359,0.019715070724487305
0.012778394855558872,0.0005822086823172867,0.018600482493638992
0.01227528415620327,0.0005996306426823139,0.018271591514348984
0.01226833090186119,0.0004973377217538655,0.0172417089343071
0.012812924571335316,0.0006905213231220841,0.01971813663840294
0.01275000162422657,0.0005851910682395101,0.0186019130051136
0.012244293466210365,0.0005895186914131045,0.01813948154449463
0.012237545102834702,0.0004887450486421585,0.017124995589256287
0.012784332036972046,0.000693080248311162,0.01971513405442238
0.012720211409032345,0.0005879097734577954,0.018599309027194977
0.012210629880428314,0.000580066698603332,0.018011298030614853
0.01220634113997221,0.00048018345842137933,0.01700817607343197
0.01275962870568037,0.0006958827725611627,0.019718457013368607
0.012694266624748707,0.0005907735321670771,0.018602002412080765
0.01217743568122387,0.0005705958465114236,0.01788339391350746
0.012173070572316647,0.00047200178960338235,0.016893088817596436
0.012733474373817444,0.0006989628891460598,0.01972310245037079
0.012668782845139503,0.0005937013775110245,0.018605796620249748
0.012146693654358387,0.0005611329106613994,0.017758022993803024
0.012141870334744453,0.00046387279871851206,0.01678059808909893
0.012706615962088108,0.0007021343917585909,0.019727960228919983
0.012641869485378265,0.0005967526230961084,0.018609395250678062
0.012115607969462872,0.0005520974518731236,0.017636582255363464
0.012112266384065151,0.000455981760751456,0.016672084107995033
0.0126820532605052,0.0007049558917060494,0.019731611013412476
0.012615540996193886,0.0005997359985485673,0.018612900748848915
0.01208362728357315,0.0005433472688309848,0.017517101019620895
0.012081855908036232,0.00044828420504927635,0.01656469702720642
0.012658145278692245,0.0007078868802636862,0.019737014546990395
0.012590701691806316,0.0006026910268701613,0.01861761137843132
0.012052686884999275,0.0005346795078366995,0.017399482429027557
0.012051311321556568,0.0004407618835102767,0.01645893044769764
0.012634029611945152,0.000710934167727828,0.01974337175488472
0.012565786018967628,0.0006056552520021796,0.01862233877182007
0.012022256851196289,0.0005263088387437165,0.017285345122218132
0.01202187780290842,0.000433462206274271,0.01635649986565113
0.012610609643161297,0.0007138032233342528,0.019748643040657043
0.012541171163320541,0.0006085110362619162,0.01862628199160099
0.01199173741042614,0.0005182774038985372,0.017174512147903442
0.011992870829999447,0.00042643750202842057,0.01625724509358406
0.012587635777890682,0.0007164431735873222,0.01975206658244133
0.012516616843640804,0.0006111650145612657,0.01862826757133007
0.01196138747036457,0.0005106275202706456,0.017067663371562958
0.011963721364736557,0.00041973384213633835,0.016161059960722923
0.012565056793391705,0.0007189312018454075,0.01975436881184578
0.012492596171796322,0.0006136290030553937,0.018628885969519615
0.011931379325687885,0.0005033141351304948,0.016964521259069443
0.011935112066566944,0.0004133232869207859,0.016068344935774803
0.01254255697131157,0.000721123768016696,0.019753795117139816
0.012468268163502216,0.0006157866446301341,0.0186261348426342
0.011901387013494968,0.000496542314067483,0.016866810619831085
0.011906870640814304,0.0004073541203979403,0.01598041132092476
0.012520375661551952,0.0007228226750157773,0.01974860206246376
0.012444199994206429,0.000617455632891506,0.018618756905198097
0.011871685273945332,0.0004903111257590353,0.016774795949459076
0.011878746561706066,0.00040184083627536893,0.015897154808044434
0.01249808631837368,0.0007240223349072039,0.01973830908536911
0.012419803068041801,0.0006185838137753308,0.018605642020702362
0.011842167936265469,0.0004847889067605138,0.016690056771039963
0.011850979179143906,0.0003969217068515718,0.015820195898413658
0.012475642375648022,0.0007245121523737907,0.019720762968063354
0.012395118363201618,0.0006190271815285087,0.018585391342639923
0.011812879703938961,0.0004800196038559079,0.016613075509667397
0.011823661625385284,0.00039263919461518526,0.015750054270029068
0.05306757241487503,0.0030354084447026253,0.08342165499925613
0.042106855660676956,0.0031389491632580757,0.07349634170532227
0.03261253237724304,0.0030388464219868183,0.06300099194049835
0.029570098966360092,0.00299698649905622,0.05953996628522873
0.02990381233394146,0.0030766811687499285,0.06067062169313431
0.02874915488064289,0.002910358365625143,0.05785273760557175
0.02487768791615963,0.003365001641213894,0.05852770805358887
0.023740023374557495,0.0033050966449081898,0.05679098889231682
0.025671737268567085,0.00320787588134408,0.05775049328804016
0.025896528735756874,0.003084035823121667,0.056736886501312256
0.023514414206147194,0.0029897599015384912,0.05341201275587082
0.021907277405261993,0.002934727817773819,0.05125455558300018
0.02175157330930233,0.0032538827508687973,0.054290398955345154
0.021412914618849754,0.0031056939624249935,0.05246985703706741
0.020254390314221382,0.0031262633856385946,0.051517024636268616
0.019895626232028008,0.0030779384542256594,0.05067501217126846
0.020241286605596542,0.002878134837374091,0.04902263730764389
0.01986471191048622,0.0027642168570309877,0.04750688001513481
0.019009089097380638,0.0033701015636324883,0.05271010845899582
0.01900091953575611,0.0032845917157828808,0.05184683948755264
0.019518304616212845,0.0026937052607536316,0.04645535722374916
0.01852216012775898,0.002631892915815115,0.044841088354587555
0.01868126355111599,0.0033390221651643515,0.05207148194313049
0.019115351140499115,0.0031068772077560425,0.05018412321805954
0.01956271193921566,0.00276908278465271,0.04725354164838791
0.018213555216789246,0.0028280545957386494,0.046494100242853165
0.017330296337604523,0.002996614668518305,0.047296442091464996
0.01769336126744747,0.0028164179529994726,0.045857541263103485
0.018744774162769318,0.0030123020987957716,0.04886779561638832
0.018390845507383347,0.0030207301024347544,0.04859814792871475
0.01689533144235611,0.002691651927307248,0.0438118502497673
0.01709514483809471,0.002604982815682888,0.04314497113227844
0.018166914582252502,0.003112451871857047,0.04929143190383911
0.017854681238532066,0.0029754803981631994,0.04760948568582535
0.016856921836733818,0.002804876072332263,0.044905684888362885
0.016833478584885597,0.002881638938561082,0.04564986750483513
0.017117811366915703,0.00269291247241199,0.04404693841934204
0.01687341369688511,0.0026241496670991182,0.043114908039569855
0.01669652760028839,0.0031002552714198828,0.04769907891750336
0.016766151413321495,0.00299803726375103,0.046746522188186646
0.01714145392179489,0.0026689383666962385,0.043830838054418564
0.016579970717430115,0.0027310820296406746,0.04389078915119171
0.016243185847997665,0.00283222459256649,0.04456543177366257
0.01665855012834072,0.002703405451029539,0.04369260370731354
0.016737446188926697,0.0028944381047040224,0.045681826770305634
0.016249362379312515,0.0029493479523807764,0.04574283957481384
0.015881629660725594,0.0026599348057061434,0.04248097538948059
0.016337841749191284,0.002621485386043787,0.04255269467830658
0.016653787344694138,0.0028014162089675665,0.04466795176267624
0.016081852838397026,0.002713171998038888,0.04321357235312462
0.0159950889647007,0.0029839924536645412,0.045835014432668686
0.01616586372256279,0.002981850178912282,0.04598436504602432
0.016263462603092194,0.0025641487445682287,0.04190494865179062
0.015762394294142723,0.0026552097406238317,0.04231449216604233
0.01578669622540474,0.0028284634463489056,0.04407133162021637
0.016100337728857994,0.002671870868653059,0.04281904548406601
0.01612280309200287,0.002916821278631687,0.04529101401567459
0.01582598127424717,0.0029717241413891315,0.04554322361946106
0.015642743557691574,0.0025880702305585146,0.04152344539761543
0.016048790886998177,0.002603551372885704,0.042084306478500366
0.01587965525686741,0.0027513010427355766,0.043392665684223175
0.015485893003642559,0.002642765175551176,0.04191354662179947
0.015967002138495445,0.003030786756426096,0.04627487063407898
0.01614966243505478,0.0030068750493228436,0.04621841385960579
0.015608914196491241,0.0025762622244656086,0.04137153550982475
0.015292814932763577,0.0027122115716338158,0.04241492971777916
0.01567995175719261,0.0026561208069324493,0.042241159826517105
0.0157620906829834,0.0025490508414804935,0.04125259816646576
0.015243466943502426,0.003015437163412571,0.045397840440273285
0.015088771469891071,0.002907395362854004,0.044162724167108536
0.01569368503987789,0.002723724814131856,0.042930930852890015
0.01582939922809601,0.0027378781232982874,0.043208181858062744
0.015128361992537975,0.0027288226410746574,0.042416587471961975
0.014962167479097843,0.0026941467076539993,0.04190363362431526
0.015752047300338745,0.002775068860501051,0.04350273683667183
0.015587639063596725,0.002636634511873126,0.04195398464798927
0.014983228407800198,0.0029690314549952745,0.04467354342341423
0.01488938182592392,0.0029120873659849167,0.04401025548577309
0.015597984194755554,0.0026187158655375242,0.041785143315792084
0.015441986732184887,0.002576093189418316,0.04120291769504547
0.014895950444042683,0.0028940411284565926,0.04383636265993118
0.014769664034247398,0.0027075165417045355,0.04184482991695404
0.01577656902372837,0.002884414978325367,0.04462071880698204
0.015569648705422878,0.0027905984316021204,0.04347563162446022
0.014850718900561333,0.0027296538464725018,0.042147256433963776
0.014673118479549885,0.002652090508490801,0.041194021701812744
0.015575521625578403,0.002806771546602249,0.04364323616027832
0.015234824270009995,0.002640621969476342,0.04164104163646698
0.014721762388944626,0.002911475021392107,0.04383651167154312
0.014556470327079296,0.0028304425068199635,0.04286089539527893
0.015386390499770641,0.002616019919514656,0.04154659062623978
0.015081865713000298,0.0025468142703175545,0.04055000841617584
0.014575483277440071,0.002822373528033495,0.042799219489097595
0.01453963853418827,0.0026259864680469036,0.04079950600862503
0.015316090546548367,0.0028318287804722786,0.04363437741994858
0.01517471019178629,0.0027223520446568727,0.042398229241371155
0.014467978850007057,0.0026935653295367956,0.0414036326110363
0.014508325606584549,0.002625781577080488,0.040766142308712006
0.015094442293047905,0.0026910624001175165,0.04200506582856178
0.014933830127120018,0.002554368693381548,0.04047751426696777
0.01433407049626112,0.0028749466873705387,0.04308353736996651
0.0144050857052207,0.002784332726150751,0.04224841296672821
0.014963292516767979,0.002562341745942831,0.04058670997619629
0.014833755791187286,0.0025082803331315517,0.03991656005382538
0.014275670982897282,0.0028006581123918295,0.04228225350379944
0.014334089122712612,0.002627996262162924,0.040614053606987
0.015014981850981712,0.0027507864870131016,0.0425228476524353
0.014910845085978508,0.0026725800707936287,0.041636645793914795
0.01424530241638422,0.00264917709864676,0.04073707386851311
0.014303738251328468,0.002554844133555889,0.03985217958688736
0.014929859898984432,0.0027270112186670303,0.04219997301697731
0.014751402661204338,0.0025930842384696007,0.040682245045900345
0.01416911743581295,0.0027539392467588186,0.041708510369062424
0.014217621646821499,0.0026814285665750504,0.04103190824389458
0.014759632758796215,0.0025609915610402822,0.04036954790353775
0.014603235758841038,0.0024801562540233135,0.03940479829907417
0.014120864681899548,0.0027637446764856577,0.04175831004977226
0.014146706089377403,0.002618475118651986,0.04033145681023598
0.014740325510501862,0.0026351071428507566,0.041091397404670715
0.01462157629430294,0.002560480497777462,0.04022638127207756
0.014078820124268532,0.002652594819664955,0.04060477018356323
0.014126801863312721,0.002557349856942892,0.03970029950141907
0.014672172255814075,0.002618024591356516,0.040852416306734085
0.014491523616015911,0.0025179411750286818,0.03967093676328659
0.01401185430586338,0.002705737017095089,0.04106922447681427
0.014081626199185848,0.002621764549985528,0.040299270302057266
0.01455883588641882,0.0025328085757791996,0.039886921644210815
0.014396971091628075,0.002466243226081133,0.03905940055847168
0.014001878909766674,0.002703734440729022,0.041039224714040756
0.01400465052574873,0.002601813292130828,0.04002278298139572
0.014474512077867985,0.002557004801928997,0.04004456102848053
0.014380901120603085,0.002496404107660055,0.039344944059848785
0.013995855115354061,0.0026396301109343767,0.040392156690359116
0.013939966447651386,0.0025606374256312847,0.03954634070396423
0.014408744871616364,0.002575354650616646,0.04016229137778282
0.014330431818962097,0.0025034244172275066,0.03936467692255974
0.013958974741399288,0.0026231834199279547,0.04019080847501755
0.013865632936358452,0.002555789891630411,0.03942353278398514
0.014330941252410412,0.0025599368382245302,0.039930310100317
0.014309321530163288,0.002475415589287877,0.0390634760260582
0.013918254524469376,0.002632844727486372,0.04024670273065567
0.013771298341453075,0.002569022122770548,0.039461519569158554
0.014235437847673893,0.0025280173867940903,0.03951561078429222
0.014282898977398872,0.002436760812997818,0.0386505052447319
0.013870719820261002,0.002645765896886587,0.04032837972044945
0.013695711269974709,0.002580445958301425,0.039500169456005096
0.014188772067427635,0.002495924010872841,0.039148010313510895
0.01424756832420826,0.002410310320556164,0.0383506715297699
0.013787824660539627,0.002648666501045227,0.0402744896709919
0.013614796102046967,0.0025777597911655903,0.039392393082380295
0.014183220453560352,0.002481339732185006,0.0389966182410717
0.014234393835067749,0.0024015193339437246,0.03824958950281143
0.01370101235806942,0.00263169314712286,0.04001794382929802
0.013537738472223282,0.0025586304254829884,0.03912404179573059
0.01418230775743723,0.0024799301754683256,0.0389816090464592
0.014220362529158592,0.002402263693511486,0.03824299946427345
0.013629160821437836,0.002604879206046462,0.03967795521020889
0.013480085879564285,0.0025329820346087217,0.03880990669131279
0.01417959202080965,0.0024804126005619764,0.03898371756076813
0.014195026829838753,0.0024024827871471643,0.03821985423564911
0.013558156788349152,0.0025828948710113764,0.03938710689544678
0.013422694057226181,0.0025123434606939554,0.0385461300611496
0.014174627140164375,0.0024742630776017904,0.03891725838184357
0.014171687886118889,0.0023943004198372364,0.03811468929052353
0.013487953692674637,0.0025701122358441353,0.03918907791376114
0.013359510339796543,0.0025009452365338802,0.038368962705135345
0.014164418913424015,0.002459179377183318,0.03875621408224106
0.014153528027236462,0.0023792751599103212,0.03794628009200096
0.013418440707027912,0.0025634763296693563,0.03905320540070534
0.013298477977514267,0.0024952199310064316,0.03825067728757858
0.014153819531202316,0.002439628355205059,0.03855010122060776
0.014134299010038376,0.002361624501645565,0.03775054216384888
0.013332802802324295,0.0025604430120438337,0.03893723338842392
0.013241882435977459,0.002488558180630207,0.038127463310956955
0.014161461032927036,0.0024195476435124874,0.03835693746805191
0.014111805707216263,0.0023447994608432055,0.03755979984998703
0.013239771127700806,0.0025564164388924837,0.038803935050964355
0.013191210106015205,0.0024790395982563496,0.037981607019901276
0.014181229285895824,0.002400596160441637,0.038187190890312195
0.01408612821251154,0.002330815652385354,0.03739428520202637
0.013152011670172215,0.0025491046253591776,0.03864305838942528
0.013149994425475597,0.00246671331115067,0.037817128002643585
0.014198423363268375,0.0023827983532100916,0.03802640736103058
0.014050526544451714,0.0023180709686130285,0.037231236696243286
0.013073781505227089,0.0025399629957973957,0.03847341239452362
0.01312110386788845,0.0024529946967959404,0.037651050835847855
0.01420531328767538,0.0023645474575459957,0.03785078972578049
0.014009402133524418,0.002304262947291136,0.037052031606435776
0.013005605898797512,0.002531419275328517,0.038319800049066544
0.013095486909151077,0.0024400744587183,0.037496231496334076
0.01420539990067482,0.0023451782763004303,0.03765718266367912
0.01396606583148241,0.002288480056449771,0.03685086593031883
0.012947219423949718,0.0025224818382412195,0.03817203640937805
0.013073774054646492,0.0024269388522952795,0.037343163043260574
0.014195962809026241,0.002324832370504737,0.03744428604841232
0.013919882476329803,0.0022721393033862114,0.03664127737283707
0.0128993084654212,0.0025110444985330105,0.038009755313396454
0.013060484081506729,0.0024115131236612797,0.03717561438679695
0.014180410653352737,0.0023056932259351015,0.037237342447042465
0.013871271163225174,0.002257118234410882,0.03644245117902756
0.014607684686779976,0.00023307171068154275,0.016938401386141777
0.011951022781431675,0.00019138916104566306,0.013864913955330849
0.010455392301082611,0.0001307720085605979,0.011763112619519234
0.009457503445446491,0.00010842097253771499,0.010541712865233421
0.008764658123254776,9.16470235097222e-05,0.009681127965450287
0.008315435610711575,8.651220559841022e-05,0.009180557914078236
0.007729215547442436,8.341642387676984e-05,0.008563379757106304
0.006954097654670477,7.461037603206933e-05,0.007700201589614153
0.006237349472939968,6.589311669813469e-05,0.006896280683577061
0.005702040623873472,6.187939288793132e-05,0.0063208346255123615
0.005404704716056585,5.827059430885129e-05,0.005987410433590412
0.005196067504584789,5.545630483538844e-05,0.005750630516558886
0.004940700717270374,4.8497095122002065e-05,0.005425671581178904
0.004675472155213356,4.5292235881788656e-05,0.0051283943466842175
0.004450198262929916,3.933299012714997e-05,0.0048435283824801445
0.004272114485502243,3.6041437851963565e-05,0.004632528871297836
0.0041080042719841,3.269996523158625e-05,0.004435003735125065
0.003939487971365452,2.752177715592552e-05,0.004214705899357796
0.003796411445364356,2.4822518753353506e-05,0.004044636618345976
0.0036509432829916477,2.1321586245903745e-05,0.003864159109070897
0.003502578241750598,2.0737563318107277e-05,0.0037099539767950773
0.003368864068761468,1.9809194782283157e-05,0.003566955914720893
0.003212351817637682,1.984115078812465e-05,0.0034107633400708437
0.0031120178755372763,1.8898314010584727e-05,0.0033010009210556746
0.003007442457601428,1.7951200788957067e-05,0.003186954418197274
0.002908125286921859,1.5908928617136553e-05,0.003067214507609606
0.0028231428004801273,1.5995949070202187e-05,0.0029831023421138525
0.0026944398414343596,1.3529992429539561e-05,0.002829739823937416
0.002566986484453082,1.3772387319477275e-05,0.0027047102339565754
0.002499760827049613,1.2844902812503278e-05,0.0026282097678631544
0.0024181522894650698,1.1546768291736953e-05,0.0025336199905723333
0.0023403100203722715,1.0632696103130002e-05,0.002446637023240328
0.002256152220070362,9.870522262644954e-06,0.002354857511818409
0.002166863065212965,1.0216317605227232e-05,0.002269026357680559
0.0020984401926398277,9.235604011337273e-06,0.0021907961927354336
0.001994844526052475,1.0091219337482471e-05,0.002095756819471717
0.0018971043173223734,9.364801371702924e-06,0.0019907522946596146
0.0018245736137032509,8.408958819927648e-06,0.0019086631946265697
0.0017450087470933795,7.720517714915331e-06,0.001822213875129819
0.0016948964912444353,7.033201654849108e-06,0.0017652284586802125
0.0016456687590107322,6.752582521585282e-06,0.001713194535113871
0.0015832711942493916,6.9324833020800725e-06,0.001652596052736044
0.001531108864583075,5.993626473355107e-06,0.0015910451766103506
0.0014827949926257133,5.411373422248289e-06,0.001536908675916493
0.0014410387957468629,5.588896783592645e-06,0.0014969278126955032
0.0013881169725209475,5.138281721883686e-06,0.0014394997851923108
0.0013220487162470818,5.334224624675699e-06,0.0013753909152001143
0.0012548731174319983,5.669080564985052e-06,0.0013115638867020607
0.0011827257694676518,5.72611406823853e-06,0.0012399868573993444
0.0011218365980312228,5.740217602578923e-06,0.0011792387813329697
0.0010703685693442822,5.5636537581449375e-06,0.0011260050814598799
0.0010248920880258083,4.770809482579352e-06,0.0010726001346483827
0.0009761193650774658,4.548229753709165e-06,0.00102160160895437
0.0009337255032733083,4.349147729953984e-06,0.000977216986939311
0.0008904628339223564,3.853067937598098e-06,0.0009289935114793479
0.0008535716915503144,3.4356557989667635e-06,0.0008879282395355403
0.0008051652694121003,3.284272224846063e-06,0.0008380080107599497
0.0007709533674642444,3.3361709483870072e-06,0.0008043150883167982
0.0007488311384804547,2.991944711538963e-06,0.0007787505746819079
0.0007245762390084565,2.6669281396607403e-06,0.0007512455340474844
0.0006953282281756401,2.6873392471316038e-06,0.0007222015992738307
0.0006677588098682463,2.5085359993681777e-06,0.000692844158038497
0.000642231956589967,2.5301937967014965e-06,0.0006675338954664767
0.0006221044459380209,2.2591498236579355e-06,0.000644695945084095
0.000596896163187921,2.3317461455008015e-06,0.0006202136282809079
0.0005795703618787229,2.0753229819092667e-06,0.0006003236048854887
0.00056128716096282,2.044431312242523e-06,0.0005817314959131181
0.0005442188703455031,1.949284978763899e-06,0.0005637117428705096
0.0005322424112819135,1.6203407540160697e-06,0.0005484457942657173
0.000515062129124999,1.7196236967720324e-06,0.0005322583601810038
0.0005006524152122438,1.697722382232314e-06,0.0005176296690478921
0.00048594141844660044,1.6054461866588099e-06,0.0005019959062337875
0.00047093600733205676,1.5876773886702722e-06,0.00048681278713047504
0.00045723753282800317,1.6195941725527518e-06,0.00047343346523121
0.00044640630949288607,1.3591659353551222e-06,0.00045999797293916345
0.0004376312135718763,1.2725357692033867e-06,0.00045035657240077853
0.0004259074339643121,1.2855051636506687e-06,0.0004387624794617295
0.00041621667332947254,1.2815464742743643e-06,0.00042903213761746883
0.00040667408029548824,1.3063233836874133e-06,0.0004197373054921627
0.0003958860761485994,1.3187732292863075e-06,0.00040907380753196776
0.0003873460227623582,1.2459131539799273e-06,0.00039980513975024223
0.000378776720026508,1.2216205504955724e-06,0.0003909929364454001
0.0003713414480444044,1.1119389000668889e-06,0.0003824608284048736
0.00036459852708503604,1.0704774240366532e-06,0.00037530329427681863
0.0003565690421964973,1.0405716466266313e-06,0.000366974767530337
0.0003481223830021918,1.059474129760929e-06,0.0003587171377148479
0.0003411834186408669,1.0486045312063652e-06,0.0003516694705467671
0.0003361002600286156,9.686870043879026e-07,0.0003457871207501739
0.00033010754850693047,9.294739129472873e-07,0.00033940229332074523
0.0003243847459089011,8.762895049585495e-07,0.0003331476473249495
0.00031887192744761705,8.776572713031783e-07,0.0003276485076639801
0.000313703523715958,9.566051630827133e-07,0.00032326957443729043
0.00030938885174691677,9.61298383117537e-07,0.0003190018469467759
0.00030396986403502524,1.0032249520008918e-06,0.00031400209991261363
0.0002996620023623109,1.019594037643401e-06,0.0003098579472862184
0.0002952009963337332,1.0227543043583864e-06,0.00030542854801751673
0.0002912057389039546,9.400906719747582e-07,0.00030060665449127555
0.0002860335516743362,1.0178434877161635e-06,0.00029621197609230876
0.0002820322697516531,9.886085763355368e-07,0.00029191834619268775
0.0002770645369309932,1.015669909065764e-06,0.00028722124989144504
0.0002715490118134767,9.87819475994911e-07,0.0002814272011164576
0.0002676463045645505,9.98311179500888e-07,0.00027762941317632794
0.0002641080354806036,8.943379725678824e-07,0.0002730514097493142
0.00026154506485909224,8.103767186184996e-07,0.00026964882272295654
0.0002586366608738899,7.617964001838118e-07,0.0002662546175997704
0.00025545578682795167,7.687323204663699e-07,0.00026314309798181057
0.00025272188941016793,7.659907623747131e-07,0.0002603817847557366
0.0002503475116100162,7.485612627533555e-07,0.00025783313321880996
0.0002481276460457593,7.228883873722225e-07,0.0002553565427660942
0.000245406903559342,6.551721298819757e-07,0.00025195861235260963
0.00024274448514916003,6.736237310178694e-07,0.0002494807122275233
0.00024052879598457366,6.707550710416399e-07,0.00024723634123802185
0.00023862349917180836,6.58056421798392e-07,0.0002452040498610586
0.0002366395783610642,6.544029247379513e-07,0.00024318360374309123
0.00023511078325100243,6.627491870858648e-07,0.00024173827841877937
0.00023376256285700947,6.4327423388022e-07,0.00024019530974328518
0.00023165615857578814,6.305677970885881e-07,0.00023796183813828975
0.00022990528668742627,5.948944590272731e-07,0.00023585422604810447
0.00022787711350247264,5.996648724249098e-07,0.00023387376859318465
0.00022620565141551197,5.936180400567537e-07,0.00023214182874653488
0.00022470099793281406,5.644850489261444e-07,0.00023034584592096508
0.0002228834928246215,5.622574121844082e-07,0.00022850606183055788
0.000221346621401608,5.578236255132651e-07,0.00022692485072184354
0.0002196104178437963,5.369597602111753e-07,0.00022498001635540277
0.00021814490901306272,5.14230180215236e-07,0.00022328720660880208
0.00021654137526638806,5.184113547329616e-07,0.00022172549506649375
0.0002149656502297148,5.185244731364946e-07,0.00022015089052729309
0.00021368995658122003,5.233321189734852e-07,0.00021892327640671283
0.00021295326587278396,4.839571374759544e-07,0.0002177928399760276
0.0002120385179296136,4.653359439998894e-07,0.00021669187117367983
0.00021093535178806633,4.5087543298905075e-07,0.00021544410265050828
0.0002097756223520264,4.319455797485716e-07,0.00021409508190117776
0.0002085299202008173,4.349669211478613e-07,0.00021287958952598274
0.0002072498173220083,4.2551090473352815e-07,0.00021150492830201983
0.00020608550403267145,4.144495449054375e-07,0.00021023000590503216
0.00020508459419943392,4.2685672951847664e-07,0.00020935316570103168
0.00020406866678968072,4.093832899343397e-07,0.00020816249889321625
0.00020309098181314766,4.0286215607920894e-07,0.00020711960678454489
0.00020211383525747806,4.006512313026178e-07,0.00020612034131772816
0.00020115617371629924,3.898372256117e-07,0.00020505454449448735
0.00020036462228745222,3.809364272910898e-07,0.00020417399355210364
0.0001990249438676983,3.7628069549100474e-07,0.00020278774900361896
0.0001982580724870786,3.5199951753384084e-07,0.00020177806436549872
0.00019727730250451714,3.5441462387098e-07,0.00020082145056221634
0.00019635478383861482,3.617718959958438e-07,0.00019997250637970865
0.00019532204896677285,3.622149904458638e-07,0.0001989441952900961
0.00019456425798125565,3.524991996073368e-07,0.00019808925571851432
0.00019400181190576404,3.3351057027175557e-07,0.00019733692170120776
0.00019329680071678013,3.3120804232567025e-07,0.00019660887483041734
0.00019259097462054342,3.1695014968136093e-07,0.0001957604690687731
0.00019180760136805475,3.1407995493282215e-07,0.00019494839943945408
0.00019106781110167503,2.9518417932195007e-07,0.00019401965255383402
0.00018995899881701916,3.028179094144434e-07,0.00019298717961646616
0.00018887787882704288,3.193512441157509e-07,0.00019207139848731458
0.00018808069580700248,3.101646086633991e-07,0.00019118233467452228
0.00018719413492362946,3.1603181582795514e-07,0.00019035444711335003
0.00018656421161722392,2.84058472743709e-07,0.0001894047891255468
0.000185646815225482,2.9219847874628613e-07,0.00018856879614759237
0.000184949254617095,2.867407147277845e-07,0.000187816665857099
0.00018420799460727721,2.851118097169092e-07,0.00018705910770222545
0.0001831955451052636,2.9797240586049156e-07,0.00018617526802700013
0.00018225696112494916,3.0700118713866686e-07,0.0001853269786806777
0.0001814428687794134,3.052318220397865e-07,0.00018449519120622426
0.0001808374945539981,3.003316066951811e-07,0.00018384080613031983
0.00018030742648988962,2.9342515972530236e-07,0.00018324167467653751
0.0001795592252165079,2.916646906214737e-07,0.00018247586558572948
0.00017890137678477913,2.8427248821571993e-07,0.00018174410797655582
0.00017801868671085685,2.81209793229209e-07,0.00018083078612107784
0.00017750741972122341,2.8052022571500856e-07,0.00018031262152362615
0.00017650150402914733,2.9483138064279046e-07,0.00017944982391782105
0.00017559326079208404,2.9841754667359055e-07,0.00017857743659988046
0.0001748104114085436,2.967089471894724e-07,0.0001777775032678619
0.00017386735999025404,3.086747142333479e-07,0.00017695411224849522
0.0001730339863570407,3.136601094411162e-07,0.00017617059347685426
0.00017182182637043297,3.228960281376203e-07,0.00017505077994428575
0.0001709368807496503,3.316213792459166e-07,0.00017425308760721236
0.00017046045104507357,3.0396998340620485e-07,0.00017350015696138144
0.0001694554666755721,3.2191491072808276e-07,0.00017267461225856096
0.00016885293007362634,3.05332690686555e-07,0.00017190625658258796
0.00016831254470162094,2.9662047040801554e-07,0.00017127874889411032
0.00016785635671112686,2.818745201693673e-07,0.0001706751063466072
0.0001674096565693617,2.728692720666004e-07,0.00017013834440149367
0.0001667361066211015,2.756351022981107e-07,0.0001694924576440826
0.00016622945258859545,2.690566134333494e-07,0.0001689200144028291
0.00016562761447858065,2.718695100156765e-07,0.00016834630514495075
0.00016494492592755705,2.709064688133367e-07,0.00016765398322604597
0.00016440080071333796,2.7173120997758815e-07,0.00016711810894776136
0.00016365727060474455,2.750157932496222e-07,0.00016640742251183838
0.00016300106653943658,2.713758533445798e-07,0.00016571482410654426
0.00016237674572039396,2.752150862761482e-07,0.00016512889123987406
0.00016177525685634464,2.734630868417298e-07,0.0001645098818698898
0.00016133615281432867,2.649527175435651e-07,0.00016398567822761834
0.00016068527474999428,2.668190859367314e-07,0.00016335347027052194
0.00016005453653633595,2.642676975028735e-07,0.00016269720799755305
0.00015938450815156102,2.6515402851146064e-07,0.0001620360417291522
0.00015876653196755797,2.604564315333846e-07,0.00016137109196279198
0.00015827646711841226,2.493759438948473e-07,0.00016077022883109748
0.00015766652359161526,2.470794981945801e-07,0.00016013732238207012
0.00015718962822575122,2.435097883335402e-07,0.0001596247311681509
0.00015669756976421922,2.405375880698557e-07,0.00015910294314380735
0.00015594955766573548,2.5450532348259003e-07,0.0001584946148796007
0.0001553274050820619,2.556329263825319e-07,0.0001578837400302291
0.00015440171409863979,2.620950567688851e-07,0.00015702265955042094
0.00015357222582679242,2.636968190472544e-07,0.00015620919293724
0.00015292105672415346,2.6365938765593455e-07,0.0001555576454848051
0.00015239263302646577,2.594260024579853e-07,0.0001549868902657181
0.0001518087083240971,2.576957740529906e-07,0.0001543856633361429
0.00015105864440556616,2.6994115387424245e-07,0.00015375805378425866
0.00015045437612570822,2.7149985726282466e-07,0.0001531693706056103
0.00015001976862549782,2.6575503397907596e-07,0.00015267731214407831
0.00014947338786441833,2.5681683268885536e-07,0.0001520415535196662
0.00014900023234076798,2.4811794219203875e-07,0.00015148140664678067
0.0001485708635300398,2.3607984189766285e-07,0.00015093166439328343
0.00014809565618634224,2.2321785309031839e-07,0.00015032783267088234
0.00014760621706955135,2.1978806330480438e-07,0.0001498040946898982
0.00014720189210493118,2.048473390914296e-07,0.00014925036521162838
0.0001467424153815955,1.9501722192671878e-07,0.00014869259030092508
0.0001461602805647999,1.9751931290556968e-07,0.00014813547022640705
0.00014559105329681188,2.0038473280692415e-07,0.00014759489567950368
0.00014529288455378264,1.9152702179781045e-07,0.00014720814942847937
0.00014493110938929021,1.879525655112957e-07,0.00014681063476018608
0.00014455239579547197,1.8913561916633626e-07,0.0001464437518734485
0.00014409075083676726,1.8711781990532472e-07,0.00014596192340832204
0.00014334174920804799,2.031960093518137e-07,0.000145373705890961
0.00014288623060565442,2.0276222301163216e-07,0.00014491385081782937
0.00014237291179597378,2.090025361667358e-07,0.00014446293062064797
0.00014199745783116668,2.0624509033950744e-07,0.00014405991532839835
0.00014153368829283863,2.1456901322380872e-07,0.00014367938274517655
0.00014126065070740879,2.025524992177452e-07,0.00014328617544379085
0.00014101398119237274,1.9464300748950336e-07,0.00014296041626948863
0.00014078816457185894,1.8875337559620675e-07,0.0001426756934961304
0.00014041799295227975,1.8775089927203226e-07,0.00014229549560695887
0.00013993952597957104,1.9582012100727297e-07,0.0001418977335561067
0.00013940263306722045,2.0652544208132895e-07,0.00014146788453217596
0.00013895267329644412,2.0848635529091553e-07,0.00014103754074312747
0.00013858496095053852,2.062764679067186e-07,0.00014064772403798997
0.00013802842295262963,2.0565386193993618e-07,0.00014008495782036334
0.00013740183203481138,2.1376744996359776e-07,0.00013953950838185847
0.00013701354328077286,2.1068342448415933e-07,0.00013912038411945105
0.00013676367234438658,1.9911902882085997e-07,0.00013875486911274493
0.00013650199980475008,1.9395790218368347e-07,0.00013844158092979342
0.00013599521480500698,2.008223702887335e-07,0.00013800343731418252
0.0001354379637632519,2.0261772704088798e-07,0.00013746414333581924
0.0001349412923445925,1.982120210186622e-07,0.00013692340871784836
0.00013449229300022125,1.8974623117173905e-07,0.0001363897608825937
0.0001339740992989391,1.8992560057995433e-07,0.00013587335706688464
0.00013361584569793195,1.790044592553386e-07,0.00013540589134208858
0.00013312097871676087,1.7709371036289667e-07,0.00013489191769622266
0.0001327588252024725,1.7616871161862946e-07,0.00013452050916384906
0.0001322331081610173,1.854383242516633e-07,0.00013408748782239854
0.00013185542775318027,1.8543529733960895e-07,0.00013370977831073105
0.00013127313286531717,1.9056463429478754e-07,0.00013317877892404795
0.00013080256758257747,1.8413973634778813e-07,0.000132643966935575
0.00013040461635682732,1.9222252944928186e-07,0.0001323268370470032
0.0001299287105211988,1.9537813500392076e-07,0.00013188249431550503
0.00012950238306075335,1.9618860847003816e-07,0.00013146427227184176
0.00012915382103528827,1.940054090709964e-07,0.00013109386782161891
0.00012860714923590422,1.9804792827926576e-07,0.0001305876357946545
0.00012838264228776097,1.8734155560196086e-07,0.00013025605585426092
0.00012785782746504992,1.9475089629850117e-07,0.00012980533938389271
0.00012749720190186054,1.901537558524069e-07,0.00012939874432049692
0.00012715552293229848,1.9003823581442703e-07,0.0001290559011977166
0.0001268212217837572,1.8667024903606944e-07,0.00012868792691733688
0.00012651836732402444,1.7941366081686283e-07,0.00012831250205636024
0.00012606856762431562,1.8476924878996215e-07,0.00012791625340469182
0.00012555452121887356,1.9175493548573286e-07,0.00012747207074426115
0.0001251804205821827,1.8961640080306097e-07,0.0001270765787921846
0.00012485899787861854,1.891534253672944e-07,0.0001267505285795778
0.00012430791684892029,1.932658051373437e-07,0.00012624057126231492
0.00012382623390294611,2.0228118557952257e-07,0.0001258490519830957
0.00012358519597910345,1.968826381926192e-07,0.0001255540264537558
0.00012317830987740308,2.0285700941258256e-07,0.00012520687596406788
0.00012288580182939768,2.0114731569265132e-07,0.00012489726941566914
0.00012265464465599507,1.9062949263570772e-07,0.00012456094555091113
0.00012225691170897335,1.9219632463318703e-07,0.00012417887046467513
0.0001219133919221349,1.9717930399565375e-07,0.00012388518371153623
0.00012154586147516966,1.9626311598130997e-07,0.00012350849283393472
0.00012121005420340225,1.8703372006712016e-07,0.0001230803900398314
0.00012078355939593166,1.8194981521446607e-07,0.0001226030581165105
0.00012048238568240777,1.8042671001694544e-07,0.00012228665582370013
0.00012024948227917776,1.7188992273986514e-07,0.0001219683836097829
0.00011984929005848244,1.7508529026599717e-07,0.00012160014011897147
0.00011954743968090042,1.759689780556073e-07,0.00012130713002989069
0.00011926767183467746,1.6938810176725383e-07,0.00012096155114704743
0.00011879669909831136,1.7521850281809748e-07,0.00012054888065904379
0.00011839439684990793,1.721841584867434e-07,0.00012011623766738921
0.00011811887088697404,1.6727348395306763e-07,0.00011979160626651719
0.00011770234414143488,1.613117746046555e-07,0.00011931546032428741
0.00011744904622901231,1.5256009078257193e-07,0.00011897464719368145
0.00011704040662152693,1.6348234055385547e-07,0.00011867522698594257
0.00011671952961478382,1.6265980207208486e-07,0.00011834612814709544
0.00011639393051154912,1.6588562345987157e-07,0.00011805278336396441
0.00011598646233323961,1.6835845428886387e-07,0.00011767004616558552
0.00011571273353183642,1.618848841644649e-07,0.00011733158316928893
0.00011534215445863083,1.6308749195559358e-07,0.00011697303125401959
0.00011494845239212736,1.5952745968661475e-07,0.00011654372792690992
0.00011459209054009989,1.596852143848082e-07,0.00011618894495768473
0.00011421507952036336,1.5293963429030555e-07,0.0001157444785349071
0.00011382397497072816,1.507478657458705e-07,0.00011533145152498037
0.00011342245124978945,1.5216386373140267e-07,0.00011494408681755885
0.00011300460755592212,1.56196904299577e-07,0.00011456657375674695
0.00011276185978204012,1.5104797057574615e-07,0.00011427234130678698
0.00011252348485868424,1.4615633858738875e-07,0.00011398505012039095
0.00011220644228160381,1.4125501479611557e-07,0.00011361898941686377
0.00011183628521393985,1.4250520052883076e-07,0.00011326133972033858
0.00011155092943226919,1.3913663110542984e-07,0.00011294229625491425
0.00011124764569103718,1.3843293800164247e-07,0.00011263197666266933
0.0001109790027840063,1.4049749097466702e-07,0.00011238397564738989
0.00011064748105127364,1.4522160540764162e-07,0.00011209969670744613
0.00011040769459214061,1.3818399224874156e-07,0.00011178953718626872
0.00011018016812158749,1.308951880218956e-07,0.0001114891201723367
0.00010988067515427247,1.34300307763624e-07,0.00011122367868665606
0.0001096951455110684,1.312266846298371e-07,0.00011100741539848968
0.000109572232759092,1.2481737599046028e-07,0.00011082040873588994
0.00010937535989796743,1.2321125097969343e-07,0.00011060747056035325
0.00010912892321357504,1.241848224253772e-07,0.00011037076910724863
0.00010888634278671816,1.2433258689270588e-07,0.00011012966569978744
0.00010865810327231884,1.230182817835157e-07,0.0001098882858059369
0.00010844840289792046,1.1870642424582911e-07,0.00010963546810671687
0.00010814939014380798,1.271941414415778e-07,0.00010942132939817384
0.00010794850095408037,1.2367397062007512e-07,0.00010918523912550882
0.00010774062684504315,1.2099295076950511e-07,0.00010895055311266333
0.00010745069448603317,1.2599883802977274e-07,0.00010871067934203893
0.00010717190889408812,1.2505441304710985e-07,0.00010842244955711067
0.00010699527047108859,1.211475648688065e-07,0.00010820674651768059
0.00010680589184630662,1.1963629731326364e-07,0.00010800225572893396
0.00010658920655259863,1.1788289100422844e-07,0.00010776803537737578
0.00010632725025061518,1.176298951577337e-07,0.0001075035470421426
0.00010612048936309293,1.1368334895678345e-07,0.00010725732136052102
0.00010582101822365075,1.1689601819853124e-07,0.00010698998084990308
0.00010556794586591423,1.1897121510173747e-07,0.0001067576595232822
0.00010531008592806756,1.1966685065090132e-07,0.0001065067554009147
0.00010511289292480797,1.1869560978539084e-07,0.00010629984899424016
0.00010488915722817183,1.1682852374406139e-07,0.00010605744319036603
0.00010474822192918509,1.0900876645791868e-07,0.00010583830589894205
0.00010451631533214822,1.0974929409712786e-07,0.00010561380622675642
0.00010427305096527562,1.105439579873746e-07,0.0001053784872055985
0.00010401296458439901,1.1213153072731075e-07,0.00010513427696423605
0.00010367287177359685,1.2112550962228852e-07,0.00010488412954146042
0.00010335780825698748,1.2475399557843048e-07,0.00010460535122547299
0.00010312172526028007,1.1645577302488164e-07,0.00010428628593217582
0.00010282421135343611,1.134109481881751e-07,0.0001039583221427165
0.00010253885557176545,1.1846491076994425e-07,0.00010372350516263396
0.0001023869845084846,1.1346509865006738e-07,0.00010352163371862844
0.00010209941683569923,1.2005357064026612e-07,0.0001032999498420395
0.0001018547554849647,1.2130237792007392e-07,0.00010306778131052852
0.00010164591367356479,1.2045255459725013e-07,0.00010285044118063524
0.00010141846723854542,1.227728034791653e-07,0.0001026461977744475
0.00010120344086317345,1.2093113355149399e-07,0.00010241274867439643
0.0001009377374430187,1.2215167544127326e-07,0.00010215925431111827
0.00010060581553261727,1.284230108922202e-07,0.00010189004387939349
0.00010042981739388779,1.2316888842178741e-07,0.00010166150605073199
0.00010016174928750843,1.2536423810161068e-07,0.00010141538950847462
9.989948739530519e-05,1.3096590123495844e-07,0.00010120914521394297
9.976640285458416e-05,1.246826855094696e-07,0.00010101323277922347
9.949340164894238e-05,1.30223739347457e-07,0.0001007956379908137
9.90836342680268e-05,1.480094340422511e-07,0.00010056373139377683
9.894264076137915e-05,1.3603411730400694e-07,0.00010030298290075734
9.870275971479714e-05,1.337313904059556e-07,0.00010004007344832644
9.844949818216264e-05,1.3338350868252746e-07,9.978333400795236e-05
9.830632188823074e-05,1.2950582117809972e-07,9.960137685993686e-05
9.810907795326784e-05,1.2290556128391472e-07,9.933813271345571e-05
9.791864431463182e-05,1.1709094849265966e-07,9.908955689752474e-05
9.764580318005756e-05,1.1676422673190245e-07,9.881344885798171e-05
9.735175990499556e-05,1.1921534337488993e-07,9.854391100816429e-05
9.710453014122322e-05,1.2090302448086732e-07,9.831356146605685e-05
9.686394332675263e-05,1.2248361258571094e-07,9.808877803152427e-05
9.65950166573748e-05,1.2924505199407577e-07,9.788746683625504e-05
9.641953511163592e-05,1.2615086575351597e-07,9.768104064278305e-05
9.624498488847166e-05,1.2083938827345264e-07,9.745337592903525e-05
9.604899969417602e-05,1.2218129086249974e-07,9.727081487653777e-05
9.586197847966105e-05,1.18491968237322e-07,9.704689728096128e-05
9.568452514940873e-05,1.19444521828882e-07,9.687896817922592e-05
9.545616921968758e-05,1.223550469831025e-07,9.667972335591912e-05
9.520325693301857e-05,1.268930418518721e-07,9.647218394093215e-05
9.49295426835306e-05,1.3044299862485786e-07,9.623396908864379e-05
9.475129627389833e-05,1.2582684405515465e-07,9.600956400390714e-05
9.444865281693637e-05,1.2865461940236855e-07,9.573520219419152e-05
9.414875967195258e-05,1.2992603615202825e-07,9.54480201471597e-05
9.389754995936528e-05,1.3213423244451405e-07,9.521889296593145e-05
9.369156032335013e-05,1.2610736632723274e-07,9.495263657299802e-05
9.335565846413374e-05,1.2677756444645638e-07,9.462343587074429e-05
9.303187107434496e-05,1.280675263615194e-07,9.431254875380546e-05
9.275424235966057e-05,1.3046025060248212e-07,9.40588433877565e-05
9.250942821381614e-05,1.267902121071529e-07,9.377732931170613e-05
9.222354128723964e-05,1.2542506055979175e-07,9.347779268864542e-05
9.200081694871187e-05,1.2503855373324768e-07,9.325120481662452e-05
9.177761967293918e-05,1.2709517704934115e-07,9.304856939706951e-05
9.14954362087883e-05,1.2667365467677882e-07,9.276217315346003e-05
9.136125299846753e-05,1.2251325642864686e-07,9.258638601750135e-05
9.118951857089996e-05,1.1871789240558428e-07,9.23767001950182e-05
9.101569594349712e-05,1.1863446047755133e-07,9.220204083248973e-05
9.091761603485793e-05,1.1237400343588888e-07,9.20413585845381e-05
9.07650901353918e-05,1.1156328838524132e-07,9.188071999233216e-05
9.054061956703663e-05,1.1419396628298273e-07,9.168255928670987e-05
9.028528438648209e-05,1.1432909019504223e-07,9.142857743427157e-05
9.004661114886403e-05,1.1757138906887121e-07,9.122232586378232e-05
8.989181515062228e-05,1.0931347560472204e-07,9.098494774661958e-05
8.971544593805447e-05,1.0419280727091973e-07,9.075737034436315e-05
8.950943447416648e-05,1.0555761775776773e-07,9.056500857695937e-05
8.929638715926558e-05,1.061287520087717e-07,9.03576728887856e-05
8.900870307115838e-05,1.0886563472922717e-07,9.009736095322296e-05
8.881930261850357e-05,1.0845749187637921e-07,8.99038786883466e-05
8.848963625496253e-05,1.1590317683385365e-07,8.96486671990715e-05
8.819955110084265e-05,1.1969885349571996e-07,8.939654071582481e-05
8.802345109870657e-05,1.1509735742265548e-07,8.917442755773664e-05
8.779823110671714e-05,1.1523868437279816e-07,8.895061910152435e-05
8.762085781199858e-05,1.1296940272131906e-07,8.875055209500715e-05
8.738035103306174e-05,1.15210625040163e-07,8.8532455265522e-05
8.721955236978829e-05,1.0954720863765033e-07,8.831502782413736e-05
8.707635424798355e-05,1.0896076219069073e-07,8.816596528049558e-05
8.680880273459479e-05,1.1091992746514734e-07,8.791800064500421e-05
8.660618914291263e-05,1.1194966731409295e-07,8.772568253334612e-05
8.64303729031235e-05,1.1001550603850774e-07,8.753052679821849e-05
8.616301056463271e-05,1.1259184162781821e-07,8.728892862563953e-05
8.600830187788233e-05,1.0641333858529833e-07,8.70724325068295e-05
8.579245331929997e-05,1.0846050457757883e-07,8.687705849297345e-05
8.558456465834752e-05,1.1084723183785172e-07,8.669303497299552e-05
8.534378139302135e-05,1.130679194716322e-07,8.647445793030784e-05
8.515080844517797e-05,1.0691295670994805e-07,8.621993765700608e-05
8.49606076371856e-05,1.0662398608474177e-07,8.602684829384089e-05
8.46111070131883e-05,1.0674321515580232e-07,8.567854092689231e-05
8.435656491201371e-05,1.0551416096404864e-07,8.541170973330736e-05
8.418274228461087e-05,1.0330257538271326e-07,8.52157681947574e-05
8.394973701797426e-05,1.0795949378916703e-07,8.502932905685157e-05
8.373417222173885e-05,1.0771779557217087e-07,8.481134864268824e-05
8.355848694918677e-05,1.0792757620947668e-07,8.463776612188667e-05
8.332572178915143e-05,1.1190645210490402e-07,8.444478589808568e-05
8.314222213812172e-05,1.1254375209546197e-07,8.4267659985926e-05
8.300135959871113e-05,1.1019647416787848e-07,8.410332520725206e-05
8.285784861072898e-05,1.085015171042869e-07,8.394286123802885e-05
8.260933100245893e-05,1.1394961774158219e-07,8.374882600037381e-05
8.249366510426626e-05,1.0827400842572388e-07,8.35764076327905e-05
8.23155278339982e-05,1.1038413560982008e-07,8.341937063960359e-05
8.214143599616364e-05,1.117163463959514e-07,8.325860108016059e-05
8.20192217361182e-05,1.0931331928532018e-07,8.31123543321155e-05
8.185711340047419e-05,1.1083152173796407e-07,8.29654309200123e-05
8.162897574948147e-05,1.1338857319742601e-07,8.276286098407581e-05
8.149217319441959e-05,1.12795660811571e-07,8.262012852355838e-05
8.136978431139141e-05,1.1293983703808408e-07,8.249918028013781e-05
8.118750702124089e-05,1.1675778921471647e-07,8.235508721554652e-05
8.10124256531708e-05,1.1725268223017338e-07,8.218495349865407e-05
8.083577267825603e-05,1.1621602169498146e-07,8.19979322841391e-05
8.060553955147043e-05,1.2035701502099982e-07,8.180910663213581e-05
8.043208799790591e-05,1.1831482282786965e-07,8.161523874150589e-05
8.030644676182419e-05,1.1445683867350454e-07,8.145101310219616e-05
8.01287023932673e-05,1.1653600751060367e-07,8.12940634205006e-05
7.997878128662705e-05,1.1322499915422668e-07,8.111102943075821e-05
7.979021756909788e-05,1.1459926696488765e-07,8.093620999716222e-05
7.962319068610668e-05,1.1516383580101319e-07,8.077482925727963e-05
7.95392770669423e-05,1.114236596322371e-07,8.065351721597835e-05
7.937705959193408e-05,1.1436767977102136e-07,8.052073826547712e-05
7.92456412455067e-05,1.1148834033747335e-07,8.03605216788128e-05
7.911273860372603e-05,1.0861711530196771e-07,8.019890810828656e-05
7.89812474977225e-05,1.0919487891669633e-07,8.00731941126287e-05
7.882621139287949e-05,1.1146084943902679e-07,7.994082261575386e-05
7.859173638280481e-05,1.194441665575141e-07,7.9786179412622e-05
7.842104241717607e-05,1.1890004714132374e-07,7.961004303069785e-05
7.831838593119755e-05,1.1734513094552312e-07,7.949183782329783e-05
7.81949347583577e-05,1.1407092159743115e-07,7.933564484119415e-05
7.80752015998587e-05,1.1252201659317507e-07,7.920042116893455e-05
7.798877049935982e-05,1.1059788107559143e-07,7.909475243650377e-05
7.788703078404069e-05,1.0783277559767157e-07,7.896535680629313e-05
7.77743334765546e-05,1.0320994192625221e-07,7.880643534008414e-05
7.775707490509376e-05,1.028685403525742e-07,7.878575706854463e-05
7.763393659843132e-05,1.0320343335479265e-07,7.866597297834232e-05
7.749708311166614e-05,1.0289159035892226e-07,7.852599810576066e-05
7.738262502243742e-05,1.0159146768273786e-07,7.83985378802754e-05
7.723711314611137e-05,1.0287819662835318e-07,7.826589717296883e-05
7.709084457019344e-05,1.0140111328382773e-07,7.810485840309411e-05
7.69977705203928e-05,9.717916782392422e-08,7.796956197125837e-05
7.687702600378543e-05,9.875159889816132e-08,7.786454079905525e-05
7.682014984311536e-05,9.737121331454546e-08,7.779386214679107e-05
7.675770757487044e-05,9.345168905383616e-08,7.769222429487854e-05
7.663600263185799e-05,9.425539815310913e-08,7.757855928502977e-05
7.647146412637085e-05,9.457089333864133e-08,7.741717126918957e-05
7.632801134604961e-05,9.457665584022834e-08,7.727377669652924e-05
7.617993833264336e-05,9.551608570745884e-08,7.71350969444029e-05
7.599012315040454e-05,9.722300831072062e-08,7.696235115872696e-05
7.570721209049225e-05,1.0146673901090253e-07,7.67218807595782e-05
7.55664732423611e-05,9.696677238935081e-08,7.653614011360332e-05
7.545350672444329e-05,9.504623932343748e-08,7.640397234354168e-05
7.532100426033139e-05,9.515624554978785e-08,7.627256854902953e-05
7.522638770751655e-05,9.376152831919171e-08,7.61640039854683e-05
7.512460433645174e-05,9.38956645768485e-08,7.60635593906045e-05
7.50094186514616e-05,9.28747212469716e-08,7.593816553708166e-05
7.487316179322079e-05,9.388651278641191e-08,7.581202953588217e-05
7.476011523976922e-05,9.290273794704262e-08,7.568914588773623e-05
7.467439718311653e-05,9.0661899321276e-08,7.558101788163185e-05
7.451175042660907e-05,9.300977410475753e-08,7.544185064034536e-05
7.44140925235115e-05,8.963606035194971e-08,7.531045412179083e-05
7.427472883136943e-05,9.089406205475825e-08,7.518367056036368e-05
7.415388245135546e-05,9.11934279201887e-08,7.506581459892914e-05
7.395922875730321e-05,9.520513799543551e-08,7.49112805351615e-05
7.379396993201226e-05,1.0072702139041212e-07,7.480123895220459e-05
7.370347884716466e-05,9.92415536416047e-08,7.469589763786644e-05
7.358837319770828e-05,1.0006090178649174e-07,7.458898471668363e-05
7.349939551204443e-05,9.773319931127844e-08,7.447672396665439e-05
7.337327406276017e-05,9.771184750206885e-08,7.435039151459932e-05
7.329619256779552e-05,9.511590803867875e-08,7.424734940286726e-05
